<?xml version="1.0" encoding="utf-8"?>
<COLLADA xmlns="http://www.collada.org/2005/11/COLLADASchema" version="1.4.1" xmlns:xsi="http://www.w3.org/2001/XMLSchema-instance">
  <asset>
    <contributor>
      <author>Blender User</author>
      <authoring_tool>Blender 2.83.3 commit date:2020-07-22, commit time:06:01, hash:353e5bd7493e</authoring_tool>
    </contributor>
    <created>2020-08-23T18:41:56</created>
    <modified>2020-08-23T18:41:56</modified>
    <unit name="meter" meter="1"/>
    <up_axis>Z_UP</up_axis>
  </asset>
  <library_effects>
    <effect id="Material_001-effect">
      <profile_COMMON>
        <newparam sid="Metal032_2K_Color_jpg-surface">
          <surface type="2D">
            <init_from>Metal032_2K_Color_jpg</init_from>
          </surface>
        </newparam>
        <newparam sid="Metal032_2K_Color_jpg-sampler">
          <sampler2D>
            <source>Metal032_2K_Color_jpg-surface</source>
          </sampler2D>
        </newparam>
        <technique sid="common">
          <lambert>
            <emission>
              <color sid="emission">0 0 0 1</color>
            </emission>
            <diffuse>
              <texture texture="Metal032_2K_Color_jpg-sampler" texcoord="UVW"/>
            </diffuse>
            <reflectivity>
              <float sid="specular">0.8545455</float>
            </reflectivity>
            <index_of_refraction>
              <float sid="ior">1.45</float>
            </index_of_refraction>
          </lambert>
        </technique>
      </profile_COMMON>
    </effect>
    <effect id="Material_002-effect">
      <profile_COMMON>
        <newparam sid="Diffuse2_png-surface">
          <surface type="2D">
            <init_from>Diffuse2_png</init_from>
          </surface>
        </newparam>
        <newparam sid="Diffuse2_png-sampler">
          <sampler2D>
            <source>Diffuse2_png-surface</source>
          </sampler2D>
        </newparam>
        <technique sid="common">
          <lambert>
            <emission>
              <color sid="emission">0 0 0 1</color>
            </emission>
            <diffuse>
              <texture texture="Diffuse2_png-sampler" texcoord="UVW"/>
            </diffuse>
            <reflectivity>
              <float sid="specular">0.6818182</float>
            </reflectivity>
            <index_of_refraction>
              <float sid="ior">1.45</float>
            </index_of_refraction>
          </lambert>
        </technique>
      </profile_COMMON>
    </effect>
  </library_effects>
  <library_images>
    <image id="Diffuse2_png" name="Diffuse2_png">
      <init_from>Diffuse2.png</init_from>
    </image>
    <image id="Metal032_2K_Color_jpg" name="Metal032_2K_Color_jpg">
      <init_from>Metal032_2K_Color.jpg</init_from>
    </image>
  </library_images>
  <library_materials>
    <material id="Material_001-material" name="Material.001">
      <instance_effect url="#Material_001-effect"/>
    </material>
    <material id="Material_002-material" name="Material.002">
      <instance_effect url="#Material_002-effect"/>
    </material>
  </library_materials>
  <library_geometries>
    <geometry id="Mesh_002-mesh" name="Mesh.002">
      <mesh>
        <source id="Mesh_002-mesh-positions">
          <float_array id="Mesh_002-mesh-positions-array" count="2523">0 0.338492 0 3.232196 0.3766821 0.3397175 3.25 0.3766821 0 3.232196 0.3766821 -0.3397175 3.17898 0.3766821 -0.675713 3.17898 0.3766821 0.675713 3.090934 0.3766821 -1.004305 2.969023 0.3766821 -1.321894 2.814583 0.3766821 -1.625 3.090934 0.3766821 1.004305 2.629305 0.3766821 -1.910302 2.415221 0.3766821 -2.174674 2.174674 0.3766821 -2.415221 2.969023 0.3766821 1.321894 1.910302 0.3766821 -2.629305 1.625 0.3766821 -2.814583 1.321894 0.3766821 -2.969023 2.814583 0.3766821 1.625 1.004305 0.3766821 -3.090934 0.675713 0.3766821 -3.17898 0.3397175 0.3766821 -3.232196 2.629305 0.3766821 1.910302 0 0.3766821 -3.25 -0.3397175 0.3766821 -3.232196 -0.675713 0.3766821 -3.17898 2.415221 0.3766821 2.174674 -1.004305 0.3766821 -3.090934 -1.321894 0.3766821 -2.969023 -1.625 0.3766821 -2.814583 2.174674 0.3766821 2.415221 -1.910302 0.3766821 -2.629305 -2.174674 0.3766821 -2.415221 -2.415221 0.3766821 -2.174674 1.910302 0.3766821 2.629305 -2.629305 0.3766821 -1.910302 -2.814583 0.3766821 -1.625 -2.969023 0.3766821 -1.321894 1.625 0.3766821 2.814583 -3.090934 0.3766821 -1.004305 -3.17898 0.3766821 -0.675713 -3.232196 0.3766821 -0.3397175 1.321894 0.3766821 2.969023 -3.25 0.3766821 0 -3.232196 0.3766821 0.3397175 -3.17898 0.3766821 0.675713 1.004305 0.3766821 3.090934 -3.090934 0.3766821 1.004305 -2.969023 0.3766821 1.321894 -2.814583 0.3766821 1.625 0.675713 0.3766821 3.17898 -2.629305 0.3766821 1.910302 -2.415221 0.3766821 2.174674 -2.174674 0.3766821 2.415221 0.3397175 0.3766821 3.232196 -1.910302 0.3766821 2.629305 -1.625 0.3766821 2.814583 -1.321894 0.3766821 2.969023 0 0.3766821 3.25 -1.004305 0.3766821 3.090934 -0.675713 0.3766821 3.17898 -0.3397175 0.3766821 3.232196 2.440455 -0.05263805 0 2.427086 -0.05263805 -0.255097 2.427086 -0.05263805 0.255097 2.387125 -0.05263805 -0.5073992 2.321011 -0.05263805 -0.7541421 2.229467 -0.05263805 -0.9926226 2.387125 -0.05263805 0.5073992 2.113496 -0.05263805 -1.220228 1.97437 -0.05263805 -1.434463 2.321011 -0.05263805 0.7541421 1.813612 -0.05263805 -1.632983 1.632983 -0.05263805 -1.813612 1.434463 -0.05263805 -1.97437 2.229467 -0.05263805 0.9926226 1.220228 -0.05263805 -2.113496 0.9926226 -0.05263805 -2.229467 0.7541421 -0.05263805 -2.321011 2.113496 -0.05263805 1.220228 0.5073992 -0.05263805 -2.387125 0.255097 -0.05263805 -2.427086 0 -0.05263805 -2.440455 -0.255097 -0.05263805 -2.427086 1.97437 -0.05263805 1.434463 -0.5073992 -0.05263805 -2.387125 -0.7541421 -0.05263805 -2.321011 -0.9926226 -0.05263805 -2.229467 1.813612 -0.05263805 1.632983 -1.220228 -0.05263805 -2.113496 -1.434463 -0.05263805 -1.97437 1.632983 -0.05263805 1.813612 -1.632983 -0.05263805 -1.813612 -1.813612 -0.05263805 -1.632983 -1.97437 -0.05263805 -1.434463 1.434463 -0.05263805 1.97437 -2.113496 -0.05263805 -1.220228 -2.229467 -0.05263805 -0.9926226 -2.321011 -0.05263805 -0.7541421 1.220228 -0.05263805 2.113496 -2.387125 -0.05263805 -0.5073992 -2.427086 -0.05263805 -0.255097 -2.440455 -0.05263805 0 0.9926226 -0.05263805 2.229467 -2.427086 -0.05263805 0.255097 -2.387125 -0.05263805 0.5073992 -2.321011 -0.05263805 0.7541421 -2.229467 -0.05263805 0.9926226 0.7541421 -0.05263805 2.321011 -2.113496 -0.05263805 1.220228 -1.97437 -0.05263805 1.434463 -1.813612 -0.05263805 1.632983 0.5073992 -0.05263805 2.387125 -1.632983 -0.05263805 1.813612 -1.434463 -0.05263805 1.97437 -1.220228 -0.05263805 2.113496 0.255097 -0.05263805 2.427086 -0.9926226 -0.05263805 2.229467 -0.7541421 -0.05263805 2.321011 -0.5073992 -0.05263805 2.387125 0 -0.05263805 2.440455 -0.255097 -0.05263805 2.427086 -2.30484 -0.1355072 -1.3307 -2.43131 -0.1355072 -1.082489 -1.977806 -0.1355072 -1.780824 -2.153118 -0.1355072 -1.564332 -1.564332 -0.1355072 -2.153118 -1.780824 -0.1355072 -1.977806 -1.082489 -0.1355072 -2.43131 -1.3307 -0.1355072 -2.30484 -2.646821 -0.1355072 -0.2781921 -2.6614 -0.1355072 0 -2.531142 -0.1355072 -0.8224179 -2.603242 -0.1355072 -0.5533362 1.3307 -0.1355072 -2.30484 1.564332 -0.1355072 -2.153118 1.780824 -0.1355072 -1.977806 1.977806 -0.1355072 -1.780824 2.153118 -0.1355072 -1.564332 2.30484 -0.1355072 -1.3307 2.43131 -0.1355072 -1.082489 2.531142 -0.1355072 -0.8224179 -0.8224179 -0.1355072 -2.531142 -0.5533362 -0.1355072 -2.603242 -0.2781921 -0.1355072 -2.646821 0 -0.1355072 -2.6614 0.2781921 -0.1355072 -2.646821 0.5533362 -0.1355072 -2.603242 0.8224179 -0.1355072 -2.531142 1.082489 -0.1355072 -2.43131 1.564332 -0.1355072 2.153118 1.780824 -0.1355072 1.977806 1.977806 -0.1355072 1.780824 2.153118 -0.1355072 1.564332 1.082489 -0.1355072 2.43131 1.3307 -0.1355072 2.30484 2.646821 -0.1355072 0.2781921 2.6614 -0.1355072 0 2.646821 -0.1355072 -0.2781921 2.603242 -0.1355072 -0.5533362 2.30484 -0.1355072 1.3307 2.43131 -0.1355072 1.082489 2.531142 -0.1355072 0.8224179 2.603242 -0.1355072 0.5533362 2.142237 -0.09548324 -1.236821 2.001219 -0.09548324 -1.45397 2.259784 -0.09548324 -1.006121 2.460091 -0.09548324 0.258566 1.65519 -0.09548324 -1.838274 2.352573 -0.09548324 0.7643975 2.419587 -0.09548324 0.5142991 1.838274 -0.09548324 -1.65519 2.473642 -0.09548324 0 2.352573 -0.09548324 -0.7643975 2.460091 -0.09548324 -0.258566 2.419587 -0.09548324 -0.5142991 -0.7643975 -0.09548324 -2.352573 -0.5142991 -0.09548324 -2.419587 -1.006121 -0.09548324 -2.259784 1.65519 -0.09548324 1.838274 0 -0.09548324 -2.473642 2.001219 -0.09548324 1.45397 1.838274 -0.09548324 1.65519 -0.258566 -0.09548324 -2.460091 2.142237 -0.09548324 1.236821 0.7643975 -0.09548324 -2.352573 0.258566 -0.09548324 -2.460091 0.5142991 -0.09548324 -2.419587 1.236821 -0.09548324 -2.142237 1.45397 -0.09548324 -2.001219 1.006121 -0.09548324 -2.259784 2.259784 -0.09548324 1.006121 -2.419587 -0.09548324 -0.5142991 -2.460091 -0.09548324 -0.258566 -2.473642 -0.09548324 0 -2.142237 -0.09548324 -1.236821 -2.259784 -0.09548324 -1.006121 -2.352573 -0.09548324 -0.7643975 1.236821 -0.09548324 2.142237 -1.838274 -0.09548324 -1.65519 -2.001219 -0.09548324 -1.45397 -1.236821 -0.09548324 -2.142237 1.45397 -0.09548324 2.001219 -1.45397 -0.09548324 -2.001219 -1.65519 -0.09548324 -1.838274 -2.460091 -0.09548324 0.258566 1.006121 -0.09548324 2.259784 0.8224179 -0.1355072 2.531142 -2.419587 -0.09548324 0.5142991 -2.646821 -0.1355072 0.2781921 -2.352573 -0.09548324 0.7643975 -2.603242 -0.1355072 0.5533362 -2.259784 -0.09548324 1.006121 -2.531142 -0.1355072 0.8224179 -2.142237 -0.09548324 1.236821 -2.43131 -0.1355072 1.082489 0.7643975 -0.09548324 2.352573 0.5533362 -0.1355072 2.603242 -2.001219 -0.09548324 1.45397 -2.30484 -0.1355072 1.3307 -1.838274 -0.09548324 1.65519 -2.153118 -0.1355072 1.564332 -1.65519 -0.09548324 1.838274 -1.977806 -0.1355072 1.780824 0.5142991 -0.09548324 2.419587 0.2781921 -0.1355072 2.646821 -1.45397 -0.09548324 2.001219 -1.780824 -0.1355072 1.977806 -1.236821 -0.09548324 2.142237 -1.564332 -0.1355072 2.153118 -1.006121 -0.09548324 2.259784 -1.3307 -0.1355072 2.30484 0.258566 -0.09548324 2.460091 0 -0.1355072 2.6614 -0.7643975 -0.09548324 2.352573 -1.082489 -0.1355072 2.43131 -0.5142991 -0.09548324 2.419587 -0.8224179 -0.1355072 2.531142 -0.258566 -0.09548324 2.460091 -0.5533362 -0.1355072 2.603242 0 -0.09548324 2.473642 -0.2781921 -0.1355072 2.646821 1.525932 -0.1530431 2.100265 1.484829 -0.1381365 2.043691 -2.248263 -0.1530431 -1.298035 -2.187702 -0.1381365 -1.263071 2.596071 -0.1530431 0 2.526141 -0.1381365 0 -2.371628 -0.1530431 -1.055917 -2.307745 -0.1381365 -1.027474 2.581849 -0.1530431 -0.2713633 2.512303 -0.1381365 -0.2640537 2.581849 -0.1530431 0.2713633 2.512303 -0.1381365 0.2640537 -2.100265 -0.1530431 -1.525932 -2.043691 -0.1381365 -1.484829 2.53934 -0.1530431 -0.5397534 2.470939 -0.1381365 -0.5252143 1.298035 -0.1530431 2.248263 1.263071 -0.1381365 2.187702 -2.53934 -0.1530431 -0.5397534 -2.470939 -0.1381365 -0.5252143 2.46901 -0.1530431 -0.8022299 2.402503 -0.1381365 -0.7806206 -2.581849 -0.1530431 -0.2713633 -2.512303 -0.1381365 -0.2640537 2.371628 -0.1530431 -1.055917 2.307745 -0.1381365 -1.027474 -2.46901 -0.1530431 -0.8022299 -2.402503 -0.1381365 -0.7806206 2.248263 -0.1530431 -1.298035 2.187702 -0.1381365 -1.263071 -2.581849 -0.1530431 0.2713633 -2.512303 -0.1381365 0.2640537 1.055917 -0.1530431 2.371628 1.027474 -0.1381365 2.307745 2.100265 -0.1530431 -1.525932 2.043691 -0.1381365 -1.484829 1.929256 -0.1530431 -1.73711 1.877289 -0.1381365 -1.690318 2.46901 -0.1530431 0.8022299 2.402503 -0.1381365 0.7806206 1.73711 -0.1530431 -1.929256 1.690318 -0.1381365 -1.877289 -2.596071 -0.1530431 0 -2.526141 -0.1381365 0 1.525932 -0.1530431 -2.100265 1.484829 -0.1381365 -2.043691 1.298035 -0.1530431 -2.248263 1.263071 -0.1381365 -2.187702 2.371628 -0.1530431 1.055917 2.307745 -0.1381365 1.027474 1.055917 -0.1530431 -2.371628 1.027474 -0.1381365 -2.307745 0.8022299 -0.1530431 -2.46901 0.7806206 -0.1381365 -2.402503 0.2713633 -0.1530431 -2.581849 0.2640537 -0.1381365 -2.512303 2.248263 -0.1530431 1.298035 2.187702 -0.1381365 1.263071 0.5397534 -0.1530431 -2.53934 0.5252143 -0.1381365 -2.470939 0 -0.1530431 -2.596071 0 -0.1381365 -2.526141 2.100265 -0.1530431 1.525932 2.043691 -0.1381365 1.484829 -0.5397534 -0.1530431 -2.53934 -0.5252143 -0.1381365 -2.470939 -0.2713633 -0.1530431 -2.581849 -0.2640537 -0.1381365 -2.512303 -0.8022299 -0.1530431 -2.46901 -0.7806206 -0.1381365 -2.402503 -1.298035 -0.1530431 -2.248263 -1.263071 -0.1381365 -2.187702 1.929256 -0.1530431 1.73711 1.877289 -0.1381365 1.690318 -1.055917 -0.1530431 -2.371628 -1.027474 -0.1381365 -2.307745 -1.525932 -0.1530431 -2.100265 -1.484829 -0.1381365 -2.043691 -1.929256 -0.1530431 -1.73711 -1.877289 -0.1381365 -1.690318 -1.73711 -0.1530431 -1.929256 -1.690318 -0.1381365 -1.877289 1.73711 -0.1530431 1.929256 1.690318 -0.1381365 1.877289 2.53934 -0.1530431 0.5397534 2.470939 -0.1381365 0.5252143 0.7806206 -0.1381365 2.402503 0.8022299 -0.1530431 2.46901 -2.470939 -0.1381365 0.5252143 -2.53934 -0.1530431 0.5397534 -2.402503 -0.1381365 0.7806206 -2.46901 -0.1530431 0.8022299 -2.307745 -0.1381365 1.027474 -2.371628 -0.1530431 1.055917 -2.187702 -0.1381365 1.263071 -2.248263 -0.1530431 1.298035 0.5252143 -0.1381365 2.470939 0.5397534 -0.1530431 2.53934 -2.043691 -0.1381365 1.484829 -2.100265 -0.1530431 1.525932 -1.877289 -0.1381365 1.690318 -1.929256 -0.1530431 1.73711 -1.690318 -0.1381365 1.877289 -1.73711 -0.1530431 1.929256 0.2640537 -0.1381365 2.512303 0.2713633 -0.1530431 2.581849 -1.484829 -0.1381365 2.043691 -1.525932 -0.1530431 2.100265 -1.263071 -0.1381365 2.187702 -1.298035 -0.1530431 2.248263 -1.027474 -0.1381365 2.307745 -1.055917 -0.1530431 2.371628 0 -0.1381365 2.526141 0 -0.1530431 2.596071 -0.7806206 -0.1381365 2.402503 -0.8022299 -0.1530431 2.46901 -0.5252143 -0.1381365 2.470939 -0.5397534 -0.1530431 2.53934 -0.2640537 -0.1381365 2.512303 -0.2713633 -0.1530431 2.581849 -2.871891 0.122787 -1.278648 -2.989813 0.122787 -0.9714492 -2.543287 0.122787 -1.847806 -2.722503 0.122787 -1.571838 -2.10353 0.122787 -2.336206 -2.336206 0.122787 -2.10353 -1.571838 0.122787 -2.722503 3.17898 0.3003448 -0.675713 -1.847806 0.122787 -2.543287 -2.871891 0.122787 1.278648 -2.722503 0.122787 1.571838 3.090934 0.3003448 -1.004305 -3.074979 0.122787 0.653607 -2.989813 0.122787 0.9714492 -3.143676 0.122787 0 2.969023 0.3003448 -1.321894 -3.126454 0.122787 0.3286036 -3.074979 0.122787 -0.653607 -3.126454 0.122787 -0.3286036 1.278648 0.122787 -2.871891 2.814583 0.3003448 -1.625 1.571838 0.122787 -2.722503 2.629305 0.3003448 -1.910302 1.847806 0.122787 -2.543287 2.10353 0.122787 -2.336206 2.336206 0.122787 -2.10353 2.543287 0.122787 -1.847806 2.722503 0.122787 -1.571838 2.871891 0.122787 -1.278648 2.415221 0.3003448 -2.174674 2.174674 0.3003448 -2.415221 -1.278648 0.122787 -2.871891 -0.9714492 0.122787 -2.989813 -0.653607 0.122787 -3.074979 -0.3286036 0.122787 -3.126454 0 0.122787 -3.143676 1.910302 0.3003448 -2.629305 0.3286036 0.122787 -3.126454 1.625 0.3003448 -2.814583 0.653607 0.122787 -3.074979 0.9714492 0.122787 -2.989813 1.321894 0.3003448 -2.969023 1.004305 0.3003448 -3.090934 0.3397175 0.3003448 -3.232196 0.675713 0.3003448 -3.17898 2.989813 0.122787 -0.9714492 0 0.3003448 -3.25 -0.3397175 0.3003448 -3.232196 -1.004305 0.3003448 -3.090934 -0.675713 0.3003448 -3.17898 -1.321894 0.3003448 -2.969023 -0.3286036 0.122787 3.126454 -1.625 0.3003448 -2.814583 -2.415221 0.3003448 -2.174674 -1.910302 0.3003448 -2.629305 -2.174674 0.3003448 -2.415221 -2.814583 0.3003448 -1.625 -2.969023 0.3003448 -1.321894 -2.629305 0.3003448 -1.910302 -3.17898 0.3003448 -0.675713 -3.090934 0.3003448 -1.004305 -3.232196 0.3003448 0.3397175 -3.232196 0.3003448 -0.3397175 -3.25 0.3003448 0 -2.969023 0.3003448 1.321894 -3.090934 0.3003448 1.004305 -0.675713 0.3003448 3.17898 -3.17898 0.3003448 0.675713 -1.321894 0.3003448 2.969023 -2.629305 0.3003448 1.910302 -2.814583 0.3003448 1.625 -1.004305 0.3003448 3.090934 -1.910302 0.3003448 2.629305 -1.625 0.3003448 2.814583 -2.174674 0.3003448 2.415221 -2.415221 0.3003448 2.174674 -2.543287 0.122787 1.847806 -2.336206 0.122787 2.10353 -2.10353 0.122787 2.336206 -1.847806 0.122787 2.543287 -1.571838 0.122787 2.722503 -1.278648 0.122787 2.871891 -0.9714492 0.122787 2.989813 -0.653607 0.122787 3.074979 3.074979 0.122787 -0.653607 3.232196 0.3003448 -0.3397175 3.126454 0.122787 -0.3286036 3.25 0.3003448 0 3.143676 0.122787 0 3.232196 0.3003448 0.3397175 3.126454 0.122787 0.3286036 3.17898 0.3003448 0.675713 3.074979 0.122787 0.653607 3.090934 0.3003448 1.004305 2.989813 0.122787 0.9714492 2.969023 0.3003448 1.321894 2.871891 0.122787 1.278648 2.814583 0.3003448 1.625 2.722503 0.122787 1.571838 2.629305 0.3003448 1.910302 2.543287 0.122787 1.847806 2.415221 0.3003448 2.174674 2.336206 0.122787 2.10353 2.174674 0.3003448 2.415221 2.10353 0.122787 2.336206 1.910302 0.3003448 2.629305 1.847806 0.122787 2.543287 1.625 0.3003448 2.814583 1.571838 0.122787 2.722503 1.321894 0.3003448 2.969023 1.278648 0.122787 2.871891 1.004305 0.3003448 3.090934 0.9714492 0.122787 2.989813 0.675713 0.3003448 3.17898 0.653607 0.122787 3.074979 0.3397175 0.3003448 3.232196 0.3286036 0.122787 3.126454 0 0.3003448 3.25 0 0.122787 3.143676 -0.3397175 0.3003448 3.232196 -2.619103 0.2301965 1.90289 -2.588499 0.1670219 1.880654 -2.7709 0.1670219 1.59978 -2.803662 0.2301965 1.618695 -2.922944 0.1670219 1.301378 -2.957503 0.2301965 1.316765 -3.042963 0.1670219 0.9887185 -3.078941 0.2301965 1.000409 -1.618695 0.2301965 2.803662 -1.59978 0.1670219 2.7709 -1.90289 0.2301965 2.619103 -1.880654 0.1670219 2.588499 -2.40585 0.2301965 2.166237 -2.377737 0.1670219 2.140923 -3.129642 0.1670219 -0.665226 -3.166645 0.2301965 -0.6730912 -3.042963 0.1670219 -0.9887185 -3.078941 0.2301965 -1.000409 -2.922944 0.1670219 -1.301378 -2.957503 0.2301965 -1.316765 -2.7709 0.1670219 -1.59978 -2.803662 0.2301965 -1.618695 -3.129642 0.1670219 0.665226 -3.166645 0.2301965 0.6730912 -3.182033 0.1670219 0.3344451 -3.219655 0.2301965 0.3383994 -3.19956 0.1670219 0 -3.23739 0.2301965 0 -3.182033 0.1670219 -0.3344451 -3.219655 0.2301965 -0.3383994 -1.301378 0.1670219 -2.922944 -1.316765 0.2301965 -2.957503 -1.59978 0.1670219 -2.7709 -1.618695 0.2301965 -2.803662 -0.665226 0.1670219 -3.129642 -0.6730912 0.2301965 -3.166645 -0.9887185 0.1670219 -3.042963 -1.000409 0.2301965 -3.078941 -2.377737 0.1670219 -2.140923 -2.40585 0.2301965 -2.166237 -2.588499 0.1670219 -1.880654 -2.619103 0.2301965 -1.90289 -1.880654 0.1670219 -2.588499 -1.90289 0.2301965 -2.619103 -2.140923 0.1670219 -2.377737 -2.166237 0.2301965 -2.40585 1.301378 0.1670219 -2.922944 1.316765 0.2301965 -2.957503 0.9887185 0.1670219 -3.042963 1.000409 0.2301965 -3.078941 1.880654 0.1670219 -2.588499 1.90289 0.2301965 -2.619103 1.59978 0.1670219 -2.7709 1.618695 0.2301965 -2.803662 0 0.1670219 -3.19956 0 0.2301965 -3.23739 -0.3344451 0.1670219 -3.182033 -0.3383994 0.2301965 -3.219655 0.665226 0.1670219 -3.129642 0.6730912 0.2301965 -3.166645 0.3344451 0.1670219 -3.182033 0.3383994 0.2301965 -3.219655 3.166645 0.2301965 -0.6730912 3.129642 0.1670219 -0.665226 2.957503 0.2301965 -1.316765 2.922944 0.1670219 -1.301378 3.078941 0.2301965 -1.000409 3.042963 0.1670219 -0.9887185 2.619103 0.2301965 -1.90289 2.588499 0.1670219 -1.880654 2.803662 0.2301965 -1.618695 2.7709 0.1670219 -1.59978 2.140923 0.1670219 -2.377737 2.166237 0.2301965 -2.40585 2.40585 0.2301965 -2.166237 2.377737 0.1670219 -2.140923 -1.316765 0.2301965 2.957503 -1.301378 0.1670219 2.922944 -1.000409 0.2301965 3.078941 -0.9887185 0.1670219 3.042963 -0.665226 0.1670219 3.129642 -0.6730912 0.2301965 3.166645 -0.3344451 0.1670219 3.182033 -0.3383994 0.2301965 3.219655 -2.166237 0.2301965 2.40585 -2.140923 0.1670219 2.377737 3.182033 0.1670219 -0.3344451 3.219655 0.2301965 -0.3383994 3.19956 0.1670219 0 3.23739 0.2301965 0 3.182033 0.1670219 0.3344451 3.219655 0.2301965 0.3383994 3.129642 0.1670219 0.665226 3.166645 0.2301965 0.6730912 3.042963 0.1670219 0.9887185 3.078941 0.2301965 1.000409 2.922944 0.1670219 1.301378 2.957503 0.2301965 1.316765 2.7709 0.1670219 1.59978 2.803662 0.2301965 1.618695 2.588499 0.1670219 1.880654 2.619103 0.2301965 1.90289 2.377737 0.1670219 2.140923 2.40585 0.2301965 2.166237 2.140923 0.1670219 2.377737 2.166237 0.2301965 2.40585 1.880654 0.1670219 2.588499 1.90289 0.2301965 2.619103 1.59978 0.1670219 2.7709 1.618695 0.2301965 2.803662 1.301378 0.1670219 2.922944 1.316765 0.2301965 2.957503 0.9887185 0.1670219 3.042963 1.000409 0.2301965 3.078941 0.665226 0.1670219 3.129642 0.6730912 0.2301965 3.166645 0.3344451 0.1670219 3.182033 0.3383994 0.2301965 3.219655 0 0.1670219 3.19956 0 0.2301965 3.23739 0.6788072 0.1701458 2.089154 1.934589 0.2676447 -0.2033335 -1.632441 0.1701458 -1.469857 -1.469857 0.1701458 -1.632441 1.902737 0.2676447 -0.4044393 0.8934647 0.1701458 2.006754 -2.006754 0.1701458 -0.8934647 0.4567126 0.1701458 2.148664 1.945246 0.2676447 0 1.850039 0.2676447 -0.601114 -1.902369 0.1701458 -1.098333 -1.77714 0.1701458 -1.291168 -2.184633 0.1701458 -0.2296141 1.77707 0.2676447 -0.7912027 -2.148664 0.1701458 -0.4567126 1.934589 0.2676447 0.2033335 -2.089154 0.1701458 -0.6788072 -0.2296141 0.1701458 2.184633 1.684632 0.2676447 -0.9726229 -2.196666 0.1701458 0 0 0.1701458 2.196666 1.573737 0.2676447 -1.143387 0.6788072 0.1701458 -2.089154 1.902737 0.2676447 0.4044393 0.4567126 0.1701458 -2.148664 0.8934647 0.1701458 -2.006754 1.77714 0.1701458 1.291168 1.445599 0.2676447 -1.301623 1.301623 0.2676447 -1.445599 0 0.1701458 -2.196666 1.469857 0.1701458 1.632441 1.850039 0.2676447 0.601114 1.632441 0.1701458 1.469857 0.2296141 0.1701458 -2.184633 1.291168 0.1701458 1.77714 1.143387 0.2676447 -1.573737 -0.6788072 0.1701458 -2.089154 0.9726229 0.2676447 -1.684632 -0.2296141 0.1701458 -2.184633 -0.4567126 0.1701458 -2.148664 1.77707 0.2676447 0.7912027 -1.098333 0.1701458 -1.902369 -1.291168 0.1701458 -1.77714 -0.8934647 0.1701458 -2.006754 0.7912027 0.2676447 -1.77707 1.098333 0.1701458 1.902369 1.684632 0.2676447 0.9726229 0.601114 0.2676447 -1.850039 0.2033335 0.2676447 -1.934589 0.4044393 0.2676447 -1.902737 0 0.2676447 -1.945246 1.573737 0.2676447 1.143387 1.445599 0.2676447 1.301623 -0.2033335 0.2676447 -1.934589 -2.148664 0.1701458 0.4567126 -0.601114 0.2676447 -1.850039 -2.006754 0.1701458 0.8934647 -0.4044393 0.2676447 -1.902737 -0.6788072 0.1701458 2.089154 -0.7912027 0.2676447 -1.77707 -1.77714 0.1701458 1.291168 1.301623 0.2676447 1.445599 -0.8934647 0.1701458 2.006754 1.143387 0.2676447 1.573737 -1.291168 0.1701458 1.77714 -0.9726229 0.2676447 -1.684632 -1.301623 0.2676447 -1.445599 -1.143387 0.2676447 -1.573737 -1.573737 0.2676447 -1.143387 0.9726229 0.2676447 1.684632 -1.445599 0.2676447 -1.301623 -1.850039 0.2676447 -0.601114 -1.684632 0.2676447 -0.9726229 -1.77707 0.2676447 -0.7912027 -1.934589 0.2676447 -0.2033335 -1.945246 0.2676447 0 -1.902737 0.2676447 -0.4044393 -1.934589 0.2676447 0.2033335 1.902369 0.1701458 1.098333 1.098333 0.1701458 -1.902369 1.469857 0.1701458 -1.632441 1.291168 0.1701458 -1.77714 1.632441 0.1701458 -1.469857 2.006754 0.1701458 0.8934647 2.089154 0.1701458 0.6788072 1.77714 0.1701458 -1.291168 2.006754 0.1701458 -0.8934647 1.902369 0.1701458 -1.098333 2.089154 0.1701458 -0.6788072 2.148664 0.1701458 0.4567126 2.184633 0.1701458 0.2296141 2.148664 0.1701458 -0.4567126 2.196666 0.1701458 0 2.184633 0.1701458 -0.2296141 0.7912027 0.2676447 1.77707 -2.184633 0.1701458 0.2296141 -1.902737 0.2676447 0.4044393 -1.850039 0.2676447 0.601114 -2.089154 0.1701458 0.6788072 -1.77707 0.2676447 0.7912027 -1.684632 0.2676447 0.9726229 0.601114 0.2676447 1.850039 -1.902369 0.1701458 1.098333 -1.573737 0.2676447 1.143387 -1.445599 0.2676447 1.301623 -1.632441 0.1701458 1.469857 -1.301623 0.2676447 1.445599 0.2296141 0.1701458 2.184633 0.4044393 0.2676447 1.902737 -1.469857 0.1701458 1.632441 -1.143387 0.2676447 1.573737 -0.9726229 0.2676447 1.684632 -1.098333 0.1701458 1.902369 -0.7912027 0.2676447 1.77707 0.2033335 0.2676447 1.934589 -0.601114 0.2676447 1.850039 -0.4044393 0.2676447 1.902737 -0.4567126 0.1701458 2.148664 -0.2033335 0.2676447 1.934589 0 0.2676447 1.945246 0.6558222 0.2229666 -2.018413 0.6291205 0.2564752 -1.936234 0.8632111 0.2229666 -1.938804 0.8280656 0.2564752 -1.859866 0.4412479 0.2229666 -2.075908 0.4232825 0.2564752 -1.991388 1.837953 0.2229666 1.061143 1.763121 0.2564752 1.017938 0 0.2229666 -2.122285 0 0.2564752 -2.035876 0.2218392 0.2229666 -2.110659 0.212807 0.2564752 -2.024724 1.716965 0.2229666 1.247448 1.647059 0.2564752 1.196658 -0.2218392 0.2229666 -2.110659 -0.212807 0.2564752 -2.024724 1.647059 0.2564752 -1.196658 1.716965 0.2229666 -1.247448 1.763121 0.2564752 -1.017938 1.837953 0.2229666 -1.061143 1.512951 0.2564752 -1.362267 1.577165 0.2229666 -1.420086 1.936234 0.2564752 0.6291205 2.018413 0.2229666 0.6558222 1.196658 0.2564752 -1.647059 1.247448 0.2229666 -1.716965 1.362267 0.2564752 -1.512951 1.420086 0.2229666 -1.577165 1.859866 0.2564752 0.8280656 1.938804 0.2229666 0.8632111 -1.577165 0.2229666 -1.420086 -1.512951 0.2564752 -1.362267 -1.716965 0.2229666 -1.247448 -1.647059 0.2564752 -1.196658 1.247448 0.2229666 1.716965 1.196658 0.2564752 1.647059 -1.837953 0.2229666 -1.061143 -1.763121 0.2564752 -1.017938 -1.938804 0.2229666 -0.8632111 -1.859866 0.2564752 -0.8280656 -2.018413 0.2229666 -0.6558222 -1.936234 0.2564752 -0.6291205 1.061143 0.2229666 1.837953 1.017938 0.2564752 1.763121 -2.075908 0.2229666 -0.4412479 -1.991388 0.2564752 -0.4232825 1.577165 0.2229666 1.420086 1.512951 0.2564752 1.362267 1.420086 0.2229666 1.577165 1.362267 0.2564752 1.512951 -1.420086 0.2229666 -1.577165 -1.362267 0.2564752 -1.512951 0.4412479 0.2229666 2.075908 0.4232825 0.2564752 1.991388 0.2218392 0.2229666 2.110659 0.212807 0.2564752 2.024724 -2.110659 0.2229666 0.2218392 -2.024724 0.2564752 0.212807 0.8632111 0.2229666 1.938804 0.8280656 0.2564752 1.859866 -2.122285 0.2229666 0 -2.035876 0.2564752 0 -2.110659 0.2229666 -0.2218392 -2.024724 0.2564752 -0.212807 0.6558222 0.2229666 2.018413 0.6291205 0.2564752 1.936234 1.991388 0.2564752 0.4232825 2.075908 0.2229666 0.4412479 0 0.2229666 2.122285 0 0.2564752 2.035876 1.859866 0.2564752 -0.8280656 1.938804 0.2229666 -0.8632111 1.936234 0.2564752 -0.6291205 2.018413 0.2229666 -0.6558222 1.991388 0.2564752 -0.4232825 2.075908 0.2229666 -0.4412479 2.024724 0.2564752 0.212807 2.110659 0.2229666 0.2218392 2.024724 0.2564752 -0.212807 2.110659 0.2229666 -0.2218392 -0.2218392 0.2229666 2.110659 -0.212807 0.2564752 2.024724 2.035876 0.2564752 0 2.122285 0.2229666 0 -0.6558222 0.2229666 -2.018413 -0.6291205 0.2564752 -1.936234 -0.8632111 0.2229666 -1.938804 -0.8280656 0.2564752 -1.859866 1.017938 0.2564752 -1.763121 1.061143 0.2229666 -1.837953 -0.4412479 0.2229666 -2.075908 -0.4232825 0.2564752 -1.991388 -1.061143 0.2229666 -1.837953 -1.017938 0.2564752 -1.763121 -1.247448 0.2229666 -1.716965 -1.196658 0.2564752 -1.647059 -2.075908 0.2229666 0.4412479 -1.991388 0.2564752 0.4232825 -2.018413 0.2229666 0.6558222 -1.936234 0.2564752 0.6291205 -1.938804 0.2229666 0.8632111 -1.859866 0.2564752 0.8280656 -1.837953 0.2229666 1.061143 -1.763121 0.2564752 1.017938 -0.6558222 0.2229666 2.018413 -0.6291205 0.2564752 1.936234 -0.4412479 0.2229666 2.075908 -0.4232825 0.2564752 1.991388 -1.716965 0.2229666 1.247448 -1.647059 0.2564752 1.196658 -1.577165 0.2229666 1.420086 -1.512951 0.2564752 1.362267 -0.8632111 0.2229666 1.938804 -0.8280656 0.2564752 1.859866 -1.247448 0.2229666 1.716965 -1.196658 0.2564752 1.647059 -1.061143 0.2229666 1.837953 -1.017938 0.2564752 1.763121 -1.420086 0.2229666 1.577165 -1.362267 0.2564752 1.512951</float_array>
          <technique_common>
            <accessor source="#Mesh_002-mesh-positions-array" count="841" stride="3">
              <param name="X" type="float"/>
              <param name="Y" type="float"/>
              <param name="Z" type="float"/>
            </accessor>
          </technique_common>
        </source>
        <source id="Mesh_002-mesh-normals">
          <float_array id="Mesh_002-mesh-normals-array" count="3585">-0.03619718 -0.9993374 0.003804445 -0.03639656 -0.9993374 0 0 -1 0 0.994522 0 -0.1045285 1 0 0 0.994522 0 -0.1045286 1 0 0 0.994522 0 0.1045286 -0.03560119 -0.9993374 0.007567167 0.9781476 0 -0.2079117 0.9781476 0 -0.2079117 -0.03619718 -0.9993374 -0.003804445 -0.03461521 -0.9993375 0.01124709 0.9510566 0 -0.3090169 0.9510567 0 -0.3090169 0.994522 0 0.1045286 0.9781476 0 0.2079117 -0.03324991 -0.9993374 0.01480382 0.9135457 0 -0.4067362 0.9135456 0 -0.4067363 -0.03560125 -0.9993374 -0.007567167 -0.03152036 -0.9993374 0.01819825 0.8660253 0 -0.5000002 0.8660253 0 -0.5000002 0.9781476 0 0.2079117 0.9510567 0 0.3090168 -0.0294454 -0.9993375 0.02139335 0.8090171 0 -0.5877852 0.8090171 0 -0.5877853 -0.03461521 -0.9993375 -0.01124709 -0.02704793 -0.9993374 0.0243541 0.7431447 0 -0.6691308 0.7431447 0 -0.6691308 0.9510566 0 0.3090167 0.9135456 0 0.4067364 -0.02435404 -0.9993374 0.02704793 0.6691309 0 -0.7431446 0.6691308 0 -0.7431448 -0.03324991 -0.9993374 -0.01480382 -0.02139335 -0.9993375 0.0294454 0.5877848 0 -0.8090174 0.5877847 0 -0.8090174 0.8660253 0 0.5000004 -0.01819825 -0.9993374 0.03152036 0.5000005 0 -0.8660252 0.5000004 0 -0.8660252 -0.03152036 -0.9993374 -0.01819831 -0.01480382 -0.9993374 0.03324997 0.4067367 0 -0.9135455 0.4067364 0 -0.9135456 0.8660253 0 0.5000002 0.8090171 0 0.5877851 -0.01124715 -0.9993375 0.03461521 0.309017 0 -0.9510565 0.3090167 0 -0.9510567 -0.0294454 -0.9993375 -0.02139341 -0.007567226 -0.9993374 0.03560125 0.2079115 0 -0.9781477 0.2079115 0 -0.9781476 0.8090173 0 0.5877851 0.7431449 0 0.6691306 -0.003804445 -0.9993374 0.03619718 0.1045282 0 -0.994522 0.1045284 0 -0.994522 -0.02704793 -0.9993374 -0.0243541 0 -0.9993374 0.03639656 -1.59115e-7 0 -1 1.59115e-7 0 -1 0.7431449 0 0.6691307 0.6691307 0 0.7431448 0.003804445 -0.9993374 0.03619718 -0.1045285 0 -0.994522 -0.1045283 0 -0.9945219 -0.02435404 -0.9993374 -0.02704793 0.007567226 -0.9993374 0.03560119 -0.2079114 0 -0.9781476 -0.2079114 0 -0.9781477 0.6691307 0 0.7431448 0.5877848 0 0.8090174 0.01124715 -0.9993375 0.03461521 -0.3090169 0 -0.9510566 -0.309017 0 -0.9510566 -0.02139335 -0.9993375 -0.0294454 0.01480382 -0.9993374 0.03324997 -0.4067367 0 -0.9135454 -0.4067368 0 -0.9135454 0.5000002 0 0.8660254 0.01819825 -0.9993374 0.03152036 -0.5000003 0 -0.8660253 -0.5000002 0 -0.8660254 -0.01819825 -0.9993374 -0.03152036 0.02139335 -0.9993375 0.0294454 -0.5877848 0 -0.8090174 0.5000003 0 0.8660253 0.4067368 0 0.9135454 0.02435404 -0.9993374 0.02704793 -0.6691307 0 -0.7431448 -0.6691307 0 -0.7431448 -0.01480382 -0.9993374 -0.03324997 0.02704793 -0.9993374 0.0243541 -0.7431449 0 -0.6691307 -0.7431449 0 -0.6691306 0.4067367 0 0.9135454 0.309017 0 0.9510566 0.0294454 -0.9993375 0.02139341 -0.8090173 0 -0.5877851 -0.8090171 0 -0.5877851 -0.01124715 -0.9993375 -0.03461521 0.03152036 -0.9993374 0.01819831 -0.8660253 0 -0.5000002 -0.8660253 0 -0.5000004 0.3090169 0 0.9510566 0.2079114 0 0.9781477 0.03324991 -0.9993374 0.01480382 -0.9135456 0 -0.4067364 -0.007567226 -0.9993374 -0.03560119 0.03461521 -0.9993375 0.01124709 -0.9510566 0 -0.3090167 -0.9510567 0 -0.3090168 0.2079114 0 0.9781476 0.1045283 0 0.9945219 0.03560125 -0.9993374 0.007567167 -0.9781476 0 -0.2079117 -0.9781476 0 -0.2079117 -0.003804445 -0.9993374 -0.03619718 0.03619718 -0.9993374 0.003804445 -0.994522 0 -0.1045286 -0.994522 0 -0.1045286 0.1045285 0 0.994522 -1.59115e-7 0 1 0.03639656 -0.9993374 0 -1 0 0 -1 0 0 0 -0.9993374 -0.03639656 0.03619718 -0.9993374 -0.003804445 -0.994522 0 0.1045285 -0.994522 0 0.1045286 1.59115e-7 0 1 -0.1045284 0 0.994522 0.03560119 -0.9993374 -0.007567167 -0.9781476 0 0.2079117 -0.9781476 0 0.2079117 0.003804445 -0.9993374 -0.03619718 0.03461521 -0.9993375 -0.01124709 -0.9510566 0 0.3090169 -0.9510567 0 0.3090169 -0.1045282 0 0.994522 -0.2079115 0 0.9781476 0.03324991 -0.9993374 -0.01480382 -0.9135457 0 0.4067362 -0.9135456 0 0.4067363 0.007567226 -0.9993374 -0.03560125 0.03152036 -0.9993374 -0.01819825 -0.8660253 0 0.5000002 -0.8660253 0 0.5000002 -0.2079115 0 0.9781477 -0.3090167 0 0.9510567 0.0294454 -0.9993375 -0.02139335 -0.8090171 0 0.5877852 -0.8090171 0 0.5877853 0.01124715 -0.9993375 -0.03461521 0.02704793 -0.9993374 -0.0243541 -0.7431447 0 0.6691308 -0.7431447 0 0.6691308 -0.309017 0 0.9510565 -0.4067364 0 0.9135456 0.02435404 -0.9993374 -0.02704793 -0.6691309 0 0.7431446 -0.6691308 0 0.7431448 0.01480382 -0.9993374 -0.03324997 0.02139335 -0.9993375 -0.0294454 -0.5877848 0 0.8090174 -0.5877847 0 0.8090174 -0.4067367 0 0.9135455 -0.5000004 0 0.8660252 0.01819825 -0.9993374 -0.03152036 -0.5000005 0 0.8660252 -0.1458947 -0.8815315 0.449018 -0.09816056 -0.8815315 0.4618083 -0.09815996 -0.8815315 0.4618085 -0.192031 -0.8815314 0.4313081 -0.1458951 -0.8815315 0.4490178 -0.2360624 -0.8815315 0.4088726 -0.2360631 -0.8815313 0.4088726 -0.2775079 -0.8815314 0.3819578 -0.2775086 -0.8815315 0.3819574 -0.3159132 -0.8815315 0.3508578 -0.3159137 -0.8815314 0.3508574 -0.3508575 -0.8815315 0.3159136 -0.3508575 -0.8815316 0.3159133 -0.3819575 -0.8815315 0.2775083 -0.4088726 -0.8815315 0.2360627 -0.3819577 -0.8815312 0.2775085 -0.4313078 -0.8815317 0.1920306 -0.4088727 -0.8815314 0.2360627 -0.4490177 -0.8815315 0.1458949 -0.4490178 -0.8815315 0.1458948 -0.4618085 -0.8815315 0.09816038 -0.4618088 -0.8815312 0.09816044 -0.4695391 -0.8815315 0.04935055 -0.4721255 -0.8815314 0 -0.4721251 -0.8815317 0 -0.4695391 -0.8815315 -0.04935055 -0.4618085 -0.8815314 -0.09816038 -0.4618088 -0.8815312 -0.09816044 -0.449018 -0.8815315 -0.1458948 -0.4313079 -0.8815315 -0.1920306 -0.4490178 -0.8815315 -0.1458949 -0.4088727 -0.8815314 -0.2360627 -0.4088726 -0.8815315 -0.2360627 -0.3819577 -0.8815312 -0.2775085 -0.3819575 -0.8815315 -0.2775083 -0.3508577 -0.8815314 -0.3159136 -0.3508573 -0.8815317 -0.3159134 -0.3159134 -0.8815314 -0.3508577 -0.3159137 -0.8815315 -0.3508576 -0.2775086 -0.8815314 -0.3819574 -0.2360631 -0.8815313 -0.4088726 -0.2775079 -0.8815315 -0.3819577 -0.192031 -0.8815314 -0.431308 -0.2360625 -0.8815315 -0.4088727 -0.1458951 -0.8815315 -0.4490178 -0.1458947 -0.8815315 -0.4490179 -0.09816056 -0.8815315 -0.4618082 -0.09815996 -0.8815315 -0.4618084 -0.04935079 -0.8815314 -0.469539 0 -0.8815315 -0.4721254 0.04935079 -0.8815314 -0.469539 0.09816056 -0.8815315 -0.4618083 0.09815996 -0.8815315 -0.4618085 0.1458947 -0.8815315 -0.449018 0.192031 -0.8815314 -0.4313081 0.1458951 -0.8815315 -0.4490178 0.2360624 -0.8815315 -0.4088726 0.2360631 -0.8815313 -0.4088726 0.2775079 -0.8815314 -0.3819578 0.2775086 -0.8815315 -0.3819574 0.3159132 -0.8815315 -0.3508578 0.3159137 -0.8815314 -0.3508574 0.3508575 -0.8815315 -0.3159136 0.3508575 -0.8815316 -0.3159133 0.3819575 -0.8815315 -0.2775083 0.4088726 -0.8815315 -0.2360627 0.3819577 -0.8815312 -0.2775085 0.4313078 -0.8815317 -0.1920306 0.4088727 -0.8815314 -0.2360627 0.4490177 -0.8815315 -0.1458949 0.4490178 -0.8815315 -0.1458948 0.4618085 -0.8815315 -0.09816038 0.4618088 -0.8815312 -0.09816044 0.4695391 -0.8815315 -0.04935055 0.4721255 -0.8815314 0 0.4721251 -0.8815317 0 0.4695391 -0.8815315 0.04935055 0.4618085 -0.8815314 0.09816038 0.4618088 -0.8815312 0.09816044 0.449018 -0.8815315 0.1458948 0.4313079 -0.8815315 0.1920306 0.4490178 -0.8815315 0.1458949 0.4088727 -0.8815314 0.2360627 0.4088726 -0.8815315 0.2360627 0.3819577 -0.8815312 0.2775085 0.3819575 -0.8815315 0.2775083 0.3508577 -0.8815314 0.3159136 0.3508573 -0.8815317 0.3159134 0.3159134 -0.8815314 0.3508577 0.3159137 -0.8815315 0.3508576 0.2775086 -0.8815314 0.3819574 0.2360631 -0.8815313 0.4088726 0.2775079 -0.8815315 0.3819577 0.192031 -0.8815314 0.431308 0.2360625 -0.8815315 0.4088727 0.1458951 -0.8815315 0.4490178 0.1458947 -0.8815315 0.4490179 0.09816056 -0.8815315 0.4618082 0.09815996 -0.8815315 0.4618084 0.04935079 -0.8815314 0.469539 0 -0.8815315 0.4721254 -0.04935079 -0.8815314 0.469539 -0.7862475 -0.612361 0.08263766 -0.7352797 -0.6777638 -1.88455e-7 -0.7312161 -0.6778028 0.07685387 -0.7732993 -0.6123648 0.16437 -0.7192135 -0.6777623 0.1528737 -0.7862462 -0.6123628 -0.08263748 -0.7312465 -0.6777696 -0.07685726 -0.7518841 -0.6123619 0.2443019 -0.6992595 -0.6778016 0.2272031 -0.6719483 -0.6765832 0.3011988 -0.773301 -0.6123628 -0.1643701 -0.7192469 -0.6777254 -0.1528804 -0.6846587 -0.6123642 0.3952879 -0.6368235 -0.677698 0.3676702 -0.6395902 -0.6123628 0.4646894 -0.5948495 -0.6777697 0.4321833 -0.6993175 -0.6777352 -0.2272224 -0.5875127 -0.6123639 0.5289984 -0.5464412 -0.677732 0.4920177 -0.528998 -0.6123646 0.5875124 -0.4920002 -0.67776 0.5464221 -0.7518839 -0.6123619 -0.2443022 -0.6717104 -0.677765 -0.2990646 -0.4313176 -0.6765834 0.596825 -0.366576 -0.676582 0.6386383 -0.4646883 -0.6123654 0.6395884 -0.6846588 -0.6123642 -0.3952879 -0.6368233 -0.677698 -0.3676704 -0.2977706 -0.6765873 0.6734704 -0.3952881 -0.6123641 0.6846588 -0.2443014 -0.6123628 0.7518834 -0.2272125 -0.6777686 0.6992884 -0.6395899 -0.6123634 -0.4646892 -0.5948492 -0.67777 -0.4321833 -0.1512436 -0.6765877 0.7206626 -0.07507342 -0.6765877 0.7325253 -0.1643702 -0.612365 0.7732992 -0.5875121 -0.6123647 -0.5289982 -0.5464425 -0.6777302 -0.4920186 0.00189799 -0.676587 0.7363603 -0.0826379 -0.612362 0.7862468 0.0826379 -0.612362 0.7862467 0.07685661 -0.6777697 0.7312465 -0.4920201 -0.6777283 -0.5464437 0.1643702 -0.6123651 0.7732992 0.1528736 -0.6777626 0.7192131 0.2443015 -0.6123629 0.7518833 0.2272125 -0.6777687 0.6992883 -0.5289984 -0.6123641 -0.5875126 -0.432201 -0.6777372 -0.5948738 0.3012384 -0.6765873 0.6719264 0.395288 -0.6123644 0.6846585 0.3676547 -0.6777321 0.6367961 -0.4646885 -0.6123652 -0.6395886 -0.367639 -0.6777659 -0.6367692 0.4646885 -0.6123652 0.6395886 0.432201 -0.6777372 0.5948736 0.5289984 -0.6123641 0.5875126 0.4920199 -0.6777283 0.5464438 -0.395288 -0.6123644 -0.6846585 -0.2990652 -0.6777637 -0.6717115 0.5875121 -0.6123647 0.5289982 0.5464192 -0.6777639 0.4919981 0.5968261 -0.6765822 0.4313182 -0.2443015 -0.6123629 -0.7518833 -0.2272127 -0.6777687 -0.6992883 0.6386385 -0.6765819 0.3665759 0.6395899 -0.6123634 0.4646892 0.6734692 -0.6765886 0.2977703 0.6846588 -0.6123642 0.3952879 -0.1528798 -0.677729 -0.7192435 0.7518839 -0.6123619 0.2443022 0.6993176 -0.6777352 0.2272222 0.773301 -0.6123628 0.1643701 0.7192165 -0.6777589 0.1528742 -0.1643702 -0.6123651 -0.7732992 -0.07685679 -0.6777697 -0.7312465 0.7325259 -0.6765818 0.07511961 0.73636 -0.6765874 -0.00189799 0.7862462 -0.6123628 0.08263748 -0.0826379 -0.612362 -0.7862467 -1.75467e-7 -0.6777634 -0.7352801 0.7862475 -0.612361 -0.08263766 0.7312161 -0.6778028 -0.07685387 0.7732993 -0.6123648 -0.16437 0.7192135 -0.6777623 -0.1528737 0.0826379 -0.612362 -0.7862468 0.07685679 -0.6777697 -0.7312464 0.7518841 -0.6123619 -0.2443019 0.6992595 -0.6778016 -0.2272031 0.6719483 -0.6765832 -0.3011988 0.1643702 -0.612365 -0.7732992 0.1528799 -0.677729 -0.7192435 0.6846587 -0.6123642 -0.3952879 0.6368235 -0.677698 -0.3676702 0.6395902 -0.6123628 -0.4646894 0.5948495 -0.6777697 -0.4321833 0.2443014 -0.6123628 -0.7518834 0.2272126 -0.6777687 -0.6992883 0.5875127 -0.6123639 -0.5289984 0.5464412 -0.677732 -0.4920177 0.528998 -0.6123646 -0.5875124 0.4920002 -0.67776 -0.5464221 0.2990649 -0.6777638 -0.6717117 0.4313176 -0.6765834 -0.596825 0.366576 -0.676582 -0.6386383 0.4646883 -0.6123654 -0.6395884 0.3952881 -0.6123641 -0.6846588 -0.6708943 -0.7381928 0.0705139 -0.67459 -0.7381927 0 -0.6598482 -0.738193 0.1402552 -0.6708943 -0.7381928 -0.07051396 -0.641573 -0.7381929 0.2084596 -0.6162679 -0.7381934 0.2743802 -0.659848 -0.7381932 -0.1402552 -0.5842119 -0.7381929 0.3372948 -0.5457547 -0.7381928 0.3965138 -0.6415729 -0.738193 -0.2084596 -0.5013177 -0.7381929 0.4513888 -0.451389 -0.7381926 0.5013179 -0.6162679 -0.7381934 -0.2743802 -0.3965139 -0.7381929 0.5457546 -0.3372947 -0.7381929 0.5842119 -0.5842118 -0.738193 -0.3372947 -0.2743803 -0.7381929 0.6162683 -0.2084596 -0.7381929 0.641573 -0.5457547 -0.7381929 -0.3965138 -0.1402555 -0.7381929 0.6598483 -0.07051384 -0.7381929 0.6708942 -0.5013177 -0.7381929 -0.4513888 0 -0.738193 0.6745896 0.07051384 -0.7381929 0.6708943 -0.451389 -0.7381926 -0.5013179 0.1402555 -0.7381929 0.6598483 0.2084596 -0.7381929 0.641573 -0.3965139 -0.738193 -0.5457545 0.2743803 -0.7381929 0.6162683 0.3372946 -0.738193 0.5842118 -0.3372946 -0.738193 -0.5842118 0.3965139 -0.738193 0.5457545 0.451389 -0.7381926 0.5013179 -0.2743803 -0.7381929 -0.6162683 0.5013177 -0.7381929 0.4513888 0.5457547 -0.7381929 0.3965138 -0.2084596 -0.7381929 -0.641573 0.5842118 -0.738193 0.3372947 0.6162679 -0.7381934 0.2743802 -0.1402555 -0.7381929 -0.6598483 0.6415729 -0.738193 0.2084596 0.659848 -0.7381932 0.1402552 -0.07051384 -0.7381929 -0.6708943 0.6708943 -0.7381928 0.07051396 0.67459 -0.7381927 0 0 -0.738193 -0.6745896 0.6708943 -0.7381928 -0.0705139 0.6598482 -0.738193 -0.1402552 0.07051384 -0.7381929 -0.6708942 0.641573 -0.7381929 -0.2084596 0.6162679 -0.7381934 -0.2743802 0.1402555 -0.7381929 -0.6598483 0.5842119 -0.7381929 -0.3372948 0.5457547 -0.7381928 -0.3965138 0.2084596 -0.7381929 -0.641573 0.5013177 -0.7381929 -0.4513888 0.451389 -0.7381926 -0.5013179 0.2743803 -0.7381929 -0.6162683 0.3965139 -0.7381929 -0.5457546 0.3372947 -0.7381929 -0.5842119 0.0912913 -0.9022648 -0.4214072 0.194857 -0.7761306 -0.59971 0.1311038 -0.7761306 -0.6167926 0.1754522 -0.902177 -0.3940724 0.2564765 -0.7761315 -0.5760553 0.2156713 -0.9021883 -0.3735534 0.3152863 -0.7761306 -0.5460917 0.3706411 -0.7761302 -0.5101442 0.2455732 -0.9042692 -0.3492723 0.421935 -0.7761307 -0.4686065 0.2807639 -0.9042758 -0.3216474 0.4686059 -0.7761313 -0.4219347 0.3489822 -0.9021773 -0.2535504 0.5101426 -0.7761318 -0.3706402 0.3735533 -0.9021884 -0.2156711 0.5460914 -0.7761309 -0.3152859 0.5760573 -0.7761299 -0.2564773 0.3873089 -0.9042692 -0.179692 0.5997105 -0.7761301 -0.1948576 0.4219415 -0.9021762 -0.08968657 0.616794 -0.7761295 -0.1311038 0.4290011 -0.9021781 -0.0450896 0.6271142 -0.7761336 -0.06591194 0.4313418 -0.9021887 0 0.6305723 -0.7761306 0 0.6271148 -0.7761332 0.065912 0.4252532 -0.9042738 0.03806227 0.6167931 -0.7761304 0.1311035 0.4189603 -0.9042689 0.08228081 0.5997105 -0.7761301 0.1948576 0.3940734 -0.9021765 0.1754528 0.5760577 -0.7761295 0.2564775 0.3735533 -0.9021885 0.2156711 0.5460912 -0.776131 0.3152858 0.5101431 -0.7761313 0.3706406 0.3492716 -0.9042695 0.2455728 0.4686065 -0.7761306 0.4219351 0.3216892 -0.9042694 0.2807366 0.4219344 -0.7761313 0.4686059 0.2535509 -0.9021767 0.3489829 0.3706411 -0.7761304 0.5101439 0.2156713 -0.9021884 0.3735533 0.3152862 -0.7761308 0.5460914 0.2564765 -0.7761315 0.5760554 0.1796916 -0.9042696 0.387308 0.1948571 -0.7761307 0.5997099 0.08968645 -0.9021767 0.4219402 0.1311038 -0.7761306 0.6167927 0.04508984 -0.9021772 0.4290027 0.0659123 -0.7761321 0.6271163 0 -0.9021884 0.4313424 0 -0.7761304 0.6305726 -0.0659123 -0.776132 0.6271163 -0.03806239 -0.9042733 0.4252541 -0.1311038 -0.7761306 0.6167926 -0.08228075 -0.9042692 0.4189594 -0.194857 -0.7761306 0.59971 -0.1754522 -0.902177 0.3940724 -0.2564765 -0.7761315 0.5760553 -0.2156713 -0.9021883 0.3735534 -0.3152863 -0.7761306 0.5460917 -0.3706411 -0.7761302 0.5101442 -0.2455732 -0.9042692 0.3492723 -0.421935 -0.7761307 0.4686065 -0.2807639 -0.9042758 0.3216474 -0.4686059 -0.7761313 0.4219347 -0.3489822 -0.9021773 0.2535504 -0.5101426 -0.7761318 0.3706402 -0.3735533 -0.9021884 0.2156711 -0.5460914 -0.7761309 0.3152859 -0.5760573 -0.7761299 0.2564773 -0.3873089 -0.9042692 0.179692 -0.5997105 -0.7761301 0.1948576 -0.4219415 -0.9021762 0.08968657 -0.616794 -0.7761295 0.1311038 -0.4290011 -0.9021781 0.0450896 -0.6271142 -0.7761336 0.06591194 -0.4313418 -0.9021887 0 -0.6305723 -0.7761306 0 -0.6271148 -0.7761332 -0.065912 -0.4252532 -0.9042738 -0.03806227 -0.6167931 -0.7761304 -0.1311035 -0.4189603 -0.9042689 -0.08228081 -0.5997105 -0.7761301 -0.1948576 -0.3940734 -0.9021765 -0.1754528 -0.5760577 -0.7761295 -0.2564775 -0.3735533 -0.9021885 -0.2156711 -0.5460912 -0.776131 -0.3152858 -0.5101431 -0.7761313 -0.3706406 -0.3492716 -0.9042695 -0.2455728 -0.4686065 -0.7761306 -0.4219351 -0.3216892 -0.9042694 -0.2807366 -0.4219344 -0.7761313 -0.4686059 -0.2535509 -0.9021767 -0.3489829 -0.3706411 -0.7761304 -0.5101439 -0.2156713 -0.9021884 -0.3735533 -0.3152862 -0.7761308 -0.5460914 -0.2564765 -0.7761315 -0.5760554 -0.1796916 -0.9042696 -0.387308 -0.1948571 -0.7761307 -0.5997099 -0.08968645 -0.9021767 -0.4219402 -0.1311038 -0.7761306 -0.6167927 -0.04508984 -0.9021772 -0.4290027 -0.0659123 -0.7761321 -0.6271163 0 -0.9021884 -0.4313424 0 -0.7761304 -0.6305726 0.0659123 -0.776132 -0.6271163 0.03806239 -0.9042733 -0.4252541 -0.008103847 -0.9996561 0.02494102 0.1381209 -0.904976 -0.4024192 -0.007241249 -0.9996488 0.02549129 -0.08011096 -0.9658118 0.2465562 -0.1054443 -0.9658117 0.2368317 -0.006600737 -0.9994095 0.03372097 -0.1296222 -0.9658118 0.2245121 -0.01008933 -0.9994096 0.03284645 -0.15238 -0.9658118 0.2097331 -0.01346755 -0.9994096 0.03161185 -0.1734684 -0.9658117 0.1926562 -0.01666682 -0.9994093 0.03005599 0.3207572 -0.9049789 -0.279514 -0.01972329 -0.9994093 0.02814465 -0.02119755 -0.9996567 0.01540088 -0.192657 -0.9658115 0.1734691 -0.02269071 -0.9996567 0.0131005 -0.2097334 -0.9658117 0.1523801 -0.02393662 -0.9996567 0.01065719 -0.2245115 -0.965812 0.1296218 -0.02494078 -0.9996562 0.008103728 0.4067497 -0.9049759 -0.1247935 -0.2368323 -0.9658116 0.1054444 -0.2465555 -0.9658119 0.08011066 -0.03116732 -0.9994097 0.01445281 -0.2578243 -0.9658118 0.02709847 -0.03249782 -0.9994093 0.01118379 -0.03349244 -0.9994097 0.007656872 -0.2578248 -0.9658116 -0.02709853 -0.03411543 -0.999409 0.004233241 -0.02565562 -0.999656 -0.005453228 -0.02494066 -0.9996562 -0.008103668 0.4024192 -0.9049759 0.1381211 -0.246555 -0.9658121 -0.08011049 -0.236832 -0.9658117 -0.1054442 -0.03372174 -0.9994096 -0.006600856 -0.2245113 -0.965812 -0.1296216 -0.03284615 -0.9994096 -0.01008921 -0.2097332 -0.9658118 -0.15238 -0.03161203 -0.9994095 -0.01346766 -0.1926564 -0.9658117 -0.1734684 -0.03005635 -0.9994093 -0.01666706 0.2795141 -0.9049788 0.3207575 -0.02814406 -0.9994093 -0.01972281 -0.01540076 -0.9996568 -0.02119731 -0.1734687 -0.9658116 -0.1926567 -0.0131005 -0.9996567 -0.02269083 -0.15238 -0.9658117 -0.2097331 -0.01065695 -0.9996567 -0.02393591 -0.1296221 -0.9658118 -0.2245121 -0.008103847 -0.9996562 -0.02494108 0.1247933 -0.9049759 0.4067496 -0.1054443 -0.9658117 -0.2368317 -0.08011096 -0.9658118 -0.2465563 -0.01445293 -0.9994097 -0.03116816 -0.02709859 -0.9658118 -0.2578245 -0.01118379 -0.9994093 -0.0324974 -0.007656931 -0.9994096 -0.03349232 0.02709859 -0.9658117 -0.2578245 -0.004233181 -0.999409 -0.03411513 0.005453407 -0.999656 -0.02565652 0.008103847 -0.9996561 -0.02494102 -0.1381209 -0.904976 0.4024192 0.08011096 -0.9658118 -0.2465562 0.1054443 -0.9658117 -0.2368317 0.006600737 -0.9994095 -0.03372097 0.1296222 -0.9658118 -0.2245121 0.01008933 -0.9994096 -0.03284645 0.15238 -0.9658118 -0.2097331 0.01346755 -0.9994096 -0.03161185 0.1734684 -0.9658117 -0.1926562 0.01666682 -0.9994093 -0.03005599 -0.3207572 -0.9049789 0.279514 0.01972329 -0.9994093 -0.02814465 0.02119755 -0.9996567 -0.01540088 0.192657 -0.9658115 -0.1734691 0.02269071 -0.9996567 -0.0131005 0.2097334 -0.9658117 -0.1523801 0.02393662 -0.9996567 -0.01065719 0.2245115 -0.965812 -0.1296218 0.02494078 -0.9996562 -0.008103728 -0.4067497 -0.9049759 0.1247935 0.2368323 -0.9658116 -0.1054444 0.2465555 -0.9658119 -0.08011066 0.03116732 -0.9994097 -0.01445281 0.2578243 -0.9658118 -0.02709847 0.03249782 -0.9994093 -0.01118379 0.03349244 -0.9994097 -0.007656872 0.2578248 -0.9658116 0.02709853 0.03411543 -0.999409 -0.004233241 0.02565562 -0.999656 0.005453228 0.02494066 -0.9996562 0.008103668 -0.4024192 -0.9049759 -0.1381211 0.246555 -0.9658121 0.08011049 0.236832 -0.9658117 0.1054442 0.03372174 -0.9994096 0.006600856 0.2245113 -0.965812 0.1296216 0.03284615 -0.9994096 0.01008921 0.2097332 -0.9658118 0.15238 0.03161203 -0.9994095 0.01346766 0.1926564 -0.9658117 0.1734684 0.03005635 -0.9994093 0.01666706 -0.2795141 -0.9049788 -0.3207575 0.02814406 -0.9994093 0.01972281 0.01540076 -0.9996568 0.02119731 0.1734687 -0.9658116 0.1926567 0.0131005 -0.9996567 0.02269083 0.15238 -0.9658117 0.2097331 0.01065695 -0.9996567 0.02393591 0.1296221 -0.9658118 0.2245121 0.008103847 -0.9996562 0.02494108 -0.1247933 -0.9049759 -0.4067496 0.1054443 -0.9658117 0.2368317 0.08011096 -0.9658118 0.2465563 0.01445293 -0.9994097 0.03116816 0.02709859 -0.9658118 0.2578245 0.01118379 -0.9994093 0.0324974 0.007656931 -0.9994096 0.03349232 -0.02709859 -0.9658117 0.2578245 0.004233181 -0.999409 0.03411513 0.9842256 -0.1769182 0 0.9312167 -0.3510788 -0.09787434 0.9788324 -0.176927 -0.1028795 0.9312762 -0.351038 0.09745234 0.9788323 -0.1769273 0.1028795 0.9158872 -0.351071 -0.1946789 0.9627168 -0.1769242 -0.2046318 0.8905221 -0.3510664 -0.2893488 0.9360527 -0.1769269 -0.304142 0.9159916 -0.351028 0.1942649 0.9627174 -0.1769216 0.2046318 0.8991329 -0.1769303 -0.4003196 0.8567991 -0.3494806 -0.3791553 0.8523628 -0.1769281 -0.492112 0.8906813 -0.350979 0.2889646 0.9360524 -0.1769285 0.3041419 0.8124251 -0.3494611 -0.4667359 0.7962543 -0.1769244 -0.5785127 0.6958408 -0.351077 -0.6265385 0.7314214 -0.1769275 -0.6585738 0.899133 -0.1769295 0.4003197 0.6265519 -0.3510207 -0.6958573 0.6585736 -0.1769289 -0.7314212 0.5785127 -0.1769267 -0.7962538 0.8523628 -0.1769279 0.4921119 0.8569116 -0.3490722 0.3792774 0.5523903 -0.34947 -0.7567932 0.4921117 -0.1769282 -0.852363 0.3808468 -0.3510761 -0.8553954 0.4003204 -0.1769273 -0.8991332 0.7962542 -0.1769245 0.5785128 0.8125941 -0.3490704 0.4667341 0.2893536 -0.3510175 -0.8905399 0.3041418 -0.1769245 -0.9360531 0.2046322 -0.1769244 -0.9627168 0.6961375 -0.3510367 0.6262315 0.7314213 -0.1769276 0.6585739 0.1967692 -0.3494613 -0.9160561 0.1028791 -0.1769248 -0.9788327 0.09999209 -0.3494696 -0.9315969 0 -0.1769255 -0.9842243 0.626866 -0.3510276 0.6955709 0.6585736 -0.1769289 0.7314212 -0.09787577 -0.3510758 -0.9312176 -0.1028791 -0.1769248 -0.9788328 -0.194681 -0.3510234 -0.915905 -0.2046321 -0.1769242 -0.9627168 0.5785126 -0.1769272 0.7962536 -0.2893546 -0.3510174 -0.8905397 -0.3041418 -0.1769244 -0.9360532 -0.4003204 -0.1769272 -0.8991331 0.4685502 -0.3510282 0.8107035 0.4921118 -0.1769267 0.8523632 -0.3792033 -0.349471 -0.8567818 -0.4921118 -0.1769267 -0.8523632 -0.4667356 -0.3494612 -0.8124253 -0.5785126 -0.1769272 -0.7962536 0.3812428 -0.3510352 0.8552358 0.4003204 -0.1769272 0.8991331 -0.6265403 -0.3510683 -0.6958437 -0.6585736 -0.1769289 -0.7314212 -0.7314213 -0.1769276 -0.6585739 0.2897564 -0.3510243 0.8904062 0.3041418 -0.1769244 0.9360532 -0.6949034 -0.3494725 -0.628473 -0.7962542 -0.1769245 -0.5785128 -0.8109188 -0.3510206 -0.4681831 -0.8523628 -0.1769279 -0.4921119 0.2046321 -0.1769242 0.9627168 -0.8553954 -0.3510769 -0.3808463 -0.899133 -0.1769295 -0.4003197 -0.8905394 -0.3510187 -0.2893536 -0.9360524 -0.1769285 -0.3041419 0.1028791 -0.1769248 0.9788328 0.1968337 -0.349071 0.9161911 -0.9627174 -0.1769216 -0.2046318 -0.9160572 -0.3494585 -0.1967694 -0.9788323 -0.1769273 -0.1028795 0 -0.1769255 0.9842243 0.1000941 -0.3490692 0.931736 -0.9315953 -0.3494738 -0.09999155 -0.9842256 -0.1769182 0 -0.9312167 -0.3510788 0.09787434 -0.9788324 -0.176927 0.1028795 -0.09745258 -0.3510348 0.9312775 -0.1028791 -0.1769248 0.9788327 -0.9158872 -0.351071 0.1946789 -0.9627168 -0.1769242 0.2046318 -0.8905221 -0.3510664 0.2893488 -0.9360527 -0.1769269 0.304142 -0.1942648 -0.3510304 0.9159907 -0.2046322 -0.1769244 0.9627168 -0.8991329 -0.1769303 0.4003196 -0.8567991 -0.3494806 0.3791553 -0.8523628 -0.1769281 0.492112 -0.2889493 -0.3510245 0.8906683 -0.3041418 -0.1769245 0.9360531 -0.8124251 -0.3494611 0.4667359 -0.7962543 -0.1769244 0.5785127 -0.6958408 -0.351077 0.6265385 -0.7314214 -0.1769275 0.6585738 -0.4003204 -0.1769273 0.8991332 -0.6265519 -0.3510207 0.6958573 -0.6585736 -0.1769289 0.7314212 -0.5785127 -0.1769267 0.7962538 -0.4921117 -0.1769282 0.852363 -0.3792312 -0.3490705 0.8569327 -0.5523903 -0.34947 0.7567932 0.9363669 -0.3510226 4.41862e-4 0.7474371 -0.6596711 -0.0785607 0.6206418 -0.7840943 0 0.7540386 -0.6568184 0.003947734 0.7475491 -0.6596426 0.07772988 0.6172439 -0.7840927 -0.06487488 0.736921 -0.6566146 -0.1606389 0.5902662 -0.7840936 -0.1917892 0.7160829 -0.6566137 -0.2368203 0.7350184 -0.6596059 0.1570608 0.6172427 -0.7840937 0.06487476 0.6865792 -0.65967 -0.3056869 0.5669847 -0.784094 -0.2524381 0.6511806 -0.6566118 -0.3805587 0.5902661 -0.7840936 0.1917891 0.7159131 -0.6568188 0.2367652 0.6080164 -0.6596762 -0.4417504 0.7569494 -0.3490726 -0.5524274 0.5374935 -0.7840926 -0.3103218 0.5585141 -0.6596692 -0.5028902 0.5021103 -0.7840937 -0.3648046 0.6869688 -0.6596033 0.3049548 0.4612288 -0.7840921 -0.4152923 0.5017605 -0.6566143 -0.5631112 0.3648046 -0.7840942 -0.5021097 0.440145 -0.6566143 -0.6124786 0.6504986 -0.6596179 0.3765048 0.5669848 -0.784094 0.2524382 0.4667745 -0.3490723 -0.81257 0.3103211 -0.7840936 -0.5374925 0.3736591 -0.6566125 -0.6551634 0.3056852 -0.6596693 -0.6865806 0.2524383 -0.7840938 -0.566985 0.6085493 -0.6596096 0.4411157 0.756868 -0.3491417 0.5524952 0.5374941 -0.7840922 0.310322 0.1917889 -0.7840933 -0.5902666 0.229311 -0.6566133 -0.7185232 0.1562581 -0.65967 -0.735132 0.5590941 -0.6596365 0.5022884 0.5021094 -0.7840945 0.3648041 0.07855898 -0.6596697 -0.7474385 0.0648753 -0.7840932 -0.6172432 -0.002045929 -0.3490712 -0.937094 0 -0.7840932 -0.6206433 -0.003947734 -0.6566128 -0.7542176 0.4152913 -0.7840929 0.4612284 0.5015981 -0.6568181 0.5630181 -0.07855975 -0.6596698 -0.7474384 -0.0648753 -0.7840933 -0.6172432 -0.1606887 -0.6566132 -0.7369113 0.5500418 -0.3509852 0.7578018 0.3648047 -0.7840939 0.5021099 0.4399987 -0.6568192 0.612364 -0.1917889 -0.7840933 -0.5902667 -0.2368201 -0.6566133 -0.7160834 -0.3056859 -0.6596696 -0.6865801 0.3103211 -0.7840936 0.5374926 0.3736137 -0.6568188 0.6549824 -0.2524383 -0.7840938 -0.566985 -0.3805134 -0.6566143 -0.6512046 -0.4417511 -0.6596752 -0.608017 -0.5524695 -0.3490711 -0.7569194 -0.3103211 -0.7840936 -0.5374926 0.3064631 -0.6596032 0.6862974 0.2524383 -0.7840938 0.566985 -0.5028865 -0.6596741 -0.5585118 -0.3648047 -0.7840939 -0.5021099 -0.5585177 -0.6596653 -0.5028913 -0.4152913 -0.7840929 -0.4612284 0.1917889 -0.7840933 0.5902667 0.2292557 -0.6568187 0.7183531 -0.7593607 -0.3490694 -0.5491101 -0.5021094 -0.7840945 -0.3648041 -0.6124786 -0.6566147 -0.4401445 -0.5374941 -0.7840922 -0.310322 -0.6551379 -0.6566125 -0.3737035 0.1570764 -0.6596038 0.735017 -0.6865808 -0.6596697 -0.3056843 -0.5669848 -0.784094 -0.2524382 -0.5902661 -0.7840936 -0.1917891 -0.718523 -0.6566134 -0.2293113 0.07938629 -0.6596035 0.7474097 0.0648753 -0.7840933 0.6172432 -0.7351325 -0.6596697 -0.1562568 -0.7474036 -0.6597098 -0.07855492 -0.6172427 -0.7840937 -0.06487476 -4.41866e-4 -0.3510279 0.936365 0 -0.7840932 0.6206433 -0.003947734 -0.6568187 0.7540382 -0.937096 -0.349066 0.002045929 -0.6206418 -0.7840943 0 -0.7542175 -0.656613 0.003947734 -0.7474371 -0.6596711 0.0785607 -0.07774454 -0.6596034 0.7475822 -0.6172439 -0.7840927 0.06487488 -0.736921 -0.6566146 0.1606389 -0.5902662 -0.7840936 0.1917892 -0.7160829 -0.6566137 0.2368203 -0.1570606 -0.6596063 0.7350181 -0.0648753 -0.7840932 0.6172432 -0.6865792 -0.65967 0.3056869 -0.5669847 -0.784094 0.2524381 -0.6511806 -0.6566118 0.3805587 -0.1917889 -0.7840933 0.5902666 -0.2367648 -0.6568187 0.7159132 -0.6080164 -0.6596762 0.4417504 -0.7569494 -0.3490726 0.5524274 -0.5374935 -0.7840926 0.3103218 -0.5585141 -0.6596692 0.5028902 -0.5021103 -0.7840937 0.3648046 -0.304955 -0.6596031 0.6869688 -0.4612288 -0.7840921 0.4152923 -0.5017605 -0.6566143 0.5631112 -0.3648046 -0.7840942 0.5021097 -0.440145 -0.6566143 0.6124786 -0.4685646 -0.351029 0.8106947 -0.3765041 -0.6596193 0.6504976 -0.2524383 -0.7840938 0.566985 -0.3103211 -0.7840936 0.5374925 -0.474132 -0.8804528 0.001344323 -0.5758239 -0.8153306 0.06052154 -0.5789983 -0.8153288 0 -0.4635487 -0.8805763 0.09853041 -0.5663438 -0.8153303 0.1203804 -0.5758234 -0.815331 -0.06052148 -0.4507099 -0.8805764 0.1464445 -0.5506578 -0.8153305 0.1789195 -0.4329344 -0.8805757 0.1927546 -0.5289406 -0.8153294 0.2354993 -0.4640178 -0.8804728 -0.09723907 -0.5663432 -0.8153306 -0.1203802 -0.4103783 -0.8805981 0.2369321 -0.5014254 -0.8153303 0.2894981 -0.3833959 -0.880577 0.2785534 -0.4684172 -0.8153307 0.3403252 -0.4513417 -0.8804528 -0.1452369 -0.5506573 -0.8153309 -0.1789193 -0.4302782 -0.8153302 0.3874241 -0.317104 -0.8805763 0.3521799 -0.3874239 -0.8153303 0.4302783 -0.4336619 -0.880472 -0.191589 -0.5289406 -0.8153294 -0.2354993 -0.2785535 -0.8805769 0.3833959 -0.3403254 -0.8153303 0.4684177 -0.2894985 -0.81533 0.5014258 -0.4112588 -0.8804726 -0.2358692 -0.5014258 -0.8153302 -0.2894982 -0.2410013 -0.879427 0.4105198 -0.2354995 -0.81533 0.5289394 -0.1967357 -0.8794201 0.433492 -0.1789198 -0.8153301 0.5506583 -0.3843502 -0.8804733 -0.2775641 -0.4684172 -0.8153307 -0.3403252 -0.1503457 -0.8794201 0.4516817 -0.1203801 -0.8153297 0.5663446 -0.1023079 -0.87942 0.464923 -0.06052172 -0.8153308 0.5758237 -0.4302783 -0.8153302 -0.3874241 0 -0.8805986 0.4738631 0 -0.81533 0.5789967 0.06052172 -0.8153308 0.5758237 -0.3182553 -0.8804524 -0.3514502 -0.3874239 -0.8153302 -0.4302783 0.09853011 -0.880576 0.4635493 0.1203801 -0.8153297 0.5663446 0.1464446 -0.8805761 0.4507101 0.1789198 -0.8153302 0.5506582 -0.2797751 -0.8804531 -0.3827901 -0.3403254 -0.8153303 -0.4684177 0.1927545 -0.8805761 0.4329336 0.2354995 -0.8153301 0.5289394 0.2369325 -0.8805978 0.4103786 0.2894984 -0.81533 0.5014256 -0.2894984 -0.81533 -0.5014256 0.2785534 -0.8805769 0.3833959 0.3403254 -0.8153303 0.4684177 0.3874239 -0.8153302 0.4302783 -0.2354995 -0.8153301 -0.5289394 -0.2417364 -0.878774 -0.4114849 0.315995 -0.8794202 0.3560442 0.4302783 -0.8153302 0.3874241 0.3833959 -0.880577 0.2785534 0.4684172 -0.8153307 0.3403252 -0.1789198 -0.8153302 -0.5506582 -0.1974424 -0.8787729 -0.4344822 0.5014258 -0.8153302 0.2894982 0.4105195 -0.8794273 0.241001 0.5289406 -0.8153294 0.2354993 -0.1203801 -0.8153297 -0.5663446 -0.1509011 -0.8787742 -0.4527528 0.4334631 -0.8794268 0.19677 0.5506573 -0.8153309 0.1789193 0.4516812 -0.8794205 0.1503455 0.5663432 -0.8153306 0.1203802 -0.06052172 -0.8153308 -0.5758237 -0.1027482 -0.8787741 -0.4660462 0.4649003 -0.8794276 0.1023477 0.5758234 -0.815331 0.06052148 0.4738636 -0.8805983 0 0.5789983 -0.8153288 0 -0.001344323 -0.8804531 -0.4741314 0 -0.81533 -0.5789967 0.5758239 -0.8153306 -0.06052154 0.4635487 -0.8805763 -0.09853041 0.5663438 -0.8153303 -0.1203804 0.06052172 -0.8153308 -0.5758237 0.4507099 -0.8805764 -0.1464445 0.5506578 -0.8153305 -0.1789195 0.4329344 -0.8805757 -0.1927546 0.5289406 -0.8153294 -0.2354993 0.09726321 -0.8804522 -0.4640516 0.1203801 -0.8153297 -0.5663446 0.4103783 -0.8805981 -0.2369321 0.5014254 -0.8153303 -0.2894981 0.3833959 -0.880577 -0.2785534 0.4684172 -0.8153307 -0.3403252 0.145237 -0.8804525 -0.4513423 0.1789198 -0.8153301 -0.5506583 0.4302782 -0.8153302 -0.3874241 0.317104 -0.8805763 -0.3521799 0.3874239 -0.8153303 -0.4302783 0.1916195 -0.8804525 -0.4336885 0.2354995 -0.81533 -0.5289394 0.2785535 -0.8805769 -0.3833959 0.3403254 -0.8153303 -0.4684177 0.2894985 -0.81533 -0.5014258 0.2410013 -0.879427 -0.4105198 -0.2440889 -0.9697517 0.00155586 -0.4742326 -0.8787744 0.05346935 -0.1223168 -0.9924911 0 -0.2460781 -0.9687896 0.02987289 -0.2384539 -0.9698303 0.05068492 -0.1216467 -0.9924912 0.01278567 -0.4714111 -0.8804401 -0.05096018 -0.2426055 -0.9697466 -0.02709883 -0.11633 -0.9924912 0.03779792 -0.2345007 -0.9687904 0.08034169 -0.1117419 -0.9924911 0.04975068 -0.2248021 -0.9687896 0.1044548 -0.2390765 -0.9697522 -0.04922604 -0.1216465 -0.9924912 -0.01278567 -0.2126502 -0.9687898 0.1273832 -0.09895622 -0.9924913 0.07189571 -0.1981723 -0.9687895 0.1489112 -0.11633 -0.9924911 -0.03779792 -0.2341319 -0.9688894 -0.08022189 -0.352235 -0.8787739 0.3220045 -0.1815201 -0.9687895 0.1688114 -0.09089899 -0.9924912 0.08184581 -0.1628811 -0.9687896 0.1868596 -0.1117419 -0.9924911 -0.04975068 -0.2244439 -0.9688898 -0.1042954 -0.143294 -0.969829 0.1972272 -0.07189589 -0.9924911 0.09895604 -0.1218919 -0.9698297 0.2111228 -0.2106037 -0.9697477 -0.1234318 -0.09915679 -0.969829 0.22271 -0.04975074 -0.9924911 0.1117418 -0.07534754 -0.9698182 0.2318955 -0.09895616 -0.9924912 -0.07189565 -0.1978549 -0.9688899 -0.1486806 -0.05068486 -0.9698302 0.2384544 -0.03779792 -0.9924911 0.1163303 -0.04629784 -0.8787745 0.4749863 -0.01278555 -0.9924912 0.1216466 -0.02194243 -0.9687896 0.2469115 -0.351427 -0.8804394 -0.3183169 -0.1803418 -0.969747 -0.1645227 0 -0.9698298 0.2437831 0 -0.9924911 0.1223167 0.05346953 -0.8787745 0.4742325 0.02987289 -0.9687896 0.2460778 -0.164484 -0.9697514 -0.1803538 -0.08184576 -0.9924912 -0.09089905 0.05068486 -0.9698302 0.2384544 0.01278555 -0.9924912 0.1216465 0.03779792 -0.9924911 0.1163302 0.08038616 -0.9687896 0.2344884 -0.1447311 -0.969751 -0.1965605 -0.07189589 -0.9924911 -0.09895616 0.04975074 -0.9924912 0.1117418 0.1044548 -0.9687896 0.224802 0.1273425 -0.9687903 0.2126715 -0.1233918 -0.9697517 -0.2106093 0.07189589 -0.9924911 0.09895616 0.1489112 -0.9687896 0.198172 0.1688115 -0.9687895 0.1815201 -0.1007011 -0.969751 -0.2223564 -0.04975074 -0.9924912 -0.1117418 0.3570597 -0.878774 0.316646 0.08184576 -0.9924912 0.09089905 0.1868595 -0.9687896 0.1628813 0.1972274 -0.969829 0.143294 0.09895616 -0.9924912 0.07189565 -0.07690721 -0.9697513 -0.2316628 0.2111224 -0.9698299 0.1218917 0.2227102 -0.9698289 0.09915691 0.1117419 -0.9924911 0.04975068 -0.05227088 -0.9697521 -0.2384296 -0.03779792 -0.9924911 -0.1163302 0.2318957 -0.9698182 0.07534748 0.2384541 -0.9698303 0.05068498 0.11633 -0.9924911 0.03779792 -0.04816561 -0.8804399 -0.4717052 -0.01278555 -0.9924912 -0.1216465 -0.02190142 -0.9688898 -0.2465215 0.474986 -0.8787747 0.0462976 0.1216465 -0.9924912 0.01278567 0.2469115 -0.9687896 0.02194243 0.2437835 -0.9698297 0 0.1223168 -0.9924911 0 -0.0015558 -0.9697517 -0.2440885 0 -0.9924911 -0.1223167 0.4742326 -0.8787744 -0.05346935 0.2460781 -0.9687896 -0.02987289 0.2384539 -0.9698303 -0.05068492 0.1216467 -0.9924912 -0.01278567 0.05096042 -0.8804399 -0.4714114 0.02709877 -0.9697466 -0.2426055 0.11633 -0.9924912 -0.03779792 0.2345007 -0.9687904 -0.08034169 0.1117419 -0.9924911 -0.04975068 0.2248021 -0.9687896 -0.1044548 0.04922592 -0.9697521 -0.2390768 0.01278555 -0.9924912 -0.1216466 0.2126502 -0.9687898 -0.1273832 0.09895622 -0.9924913 -0.07189571 0.1981723 -0.9687895 -0.1489112 0.03779792 -0.9924911 -0.1163303 0.08022201 -0.9688895 -0.2341318 0.352235 -0.8787739 -0.3220045 0.1815201 -0.9687895 -0.1688114 0.09089899 -0.9924912 -0.08184581 0.1628811 -0.9687896 -0.1868596 0.04975074 -0.9924911 -0.1117418 0.1042953 -0.9688899 -0.2244436 0.143294 -0.969829 -0.1972272 0.07189589 -0.9924911 -0.09895604 0.1218919 -0.9698297 -0.2111228 -0.1920303 -0.8815316 0.431308 -0.4313082 -0.8815314 0.1920306 -0.4695393 -0.8815313 0.0493505 -0.4695393 -0.8815313 -0.0493505 -0.4313082 -0.8815314 -0.1920306 -0.1920303 -0.8815315 -0.431308 -0.04935026 -0.8815315 -0.4695391 0.04935026 -0.8815315 -0.469539 0.1920303 -0.8815316 -0.431308 0.4313082 -0.8815314 -0.1920306 0.4695393 -0.8815313 -0.0493505 0.4695393 -0.8815313 0.0493505 0.4313082 -0.8815314 0.1920306 0.1920303 -0.8815315 0.431308 0.04935026 -0.8815315 0.4695391 -0.04935026 -0.8815315 0.469539 -0.7905754 -0.6123648 0 -0.7222244 -0.6123679 0.321555 -0.7222248 -0.6123672 -0.3215551 -0.3215557 -0.6123638 0.7222275 0 -0.6123634 0.7905765 0.3215557 -0.6123639 0.7222275 -0.3215557 -0.6123639 -0.7222275 0.7222248 -0.6123672 0.3215551 0.7905754 -0.6123648 0 0 -0.6123634 -0.7905765 0.7222244 -0.6123679 -0.321555 0.3215557 -0.6123638 -0.7222275 -0.05389976 -0.9658119 0.2535789 -0.253578 -0.9658122 0.05389964 -0.2592447 -0.9658117 0 -0.2535779 -0.9658122 -0.05389964 -0.05389976 -0.9658119 -0.2535789 0 -0.9658117 -0.2592446 0.05389976 -0.9658119 -0.2535789 0.253578 -0.9658122 -0.05389964 0.2592447 -0.9658117 0 0.2535779 -0.9658122 0.05389964 0.05389976 -0.9658119 0.2535789 0 -0.9658117 0.2592446 0.6070799 -0.7840939 -0.1290388 0.607079 -0.7840945 0.1290386 0.4152917 -0.7840927 -0.4612284 0.1290389 -0.7840933 -0.6070805 0.4612291 -0.7840918 0.4152925 -0.129039 -0.7840933 -0.6070805 -0.4612291 -0.7840918 -0.4152925 0.129039 -0.7840933 0.6070805 -0.607079 -0.7840945 -0.1290386 -0.6070799 -0.7840939 0.1290388 -0.1290389 -0.7840933 0.6070805 -0.4152917 -0.7840927 0.4612284 -0.1196438 -0.9924912 0.02543103 -0.1196438 -0.9924911 -0.02543109 -0.1059296 -0.9924911 0.06115859 -0.08184576 -0.9924912 0.0908991 -0.06115835 -0.9924911 0.1059297 -0.1059296 -0.9924911 -0.06115859 -0.02543109 -0.9924911 0.1196442 -0.09089905 -0.9924912 -0.08184581 0.02543109 -0.9924911 0.1196443 0.06115835 -0.9924912 0.1059296 -0.06115835 -0.9924912 -0.1059296 0.09089905 -0.9924912 0.08184581 0.1059296 -0.9924911 0.06115859 -0.02543109 -0.9924911 -0.1196443 0.1196438 -0.9924911 0.02543109 0.1196438 -0.9924912 -0.02543103 0.02543109 -0.9924911 -0.1196442 0.1059296 -0.9924911 -0.06115859 0.08184576 -0.9924912 -0.0908991 0.06115835 -0.9924911 -0.1059297</float_array>
          <technique_common>
            <accessor source="#Mesh_002-mesh-normals-array" count="1195" stride="3">
              <param name="X" type="float"/>
              <param name="Y" type="float"/>
              <param name="Z" type="float"/>
            </accessor>
          </technique_common>
        </source>
        <source id="Mesh_002-mesh-map-0">
          <float_array id="Mesh_002-mesh-map-0-array" count="9720">0.4494073 0.3569925 0.4498171 0.364813 0.375 0.364813 0.6380661 0.510187 0.625 0.507251 0.6380661 0.507251 0.625 0.510187 0.611934 0.507251 0.625 0.507251 0.4481822 0.3492576 0.4494073 0.3569925 0.375 0.364813 0.6509889 0.510187 0.6380661 0.507251 0.6509889 0.507251 0.4498171 0.364813 0.4494073 0.3726336 0.375 0.364813 0.4461553 0.3416933 0.4481822 0.3492576 0.375 0.364813 0.6636272 0.510187 0.6509889 0.507251 0.6636272 0.507251 0.611934 0.510187 0.5990111 0.507251 0.611934 0.507251 0.4433488 0.3343822 0.4461553 0.3416933 0.375 0.364813 0.6758421 0.510187 0.6636272 0.507251 0.6758421 0.507251 0.4494073 0.3726336 0.4481822 0.3803684 0.375 0.364813 0.4397935 0.3274044 0.4433488 0.3343822 0.375 0.364813 0.6875 0.510187 0.6758421 0.507251 0.6875 0.507251 0.5990111 0.510187 0.5863729 0.507251 0.5990111 0.507251 0.4355283 0.3208366 0.4397935 0.3274044 0.375 0.364813 0.6984732 0.510187 0.6875 0.507251 0.6984732 0.507251 0.4481822 0.3803684 0.4461553 0.3879328 0.375 0.364813 0.4306 0.3147506 0.4355283 0.3208366 0.375 0.364813 0.7086414 0.510187 0.6984732 0.507251 0.7086414 0.507251 0.5863729 0.510187 0.5741579 0.507251 0.5863729 0.507251 0.4250624 0.3092131 0.4306 0.3147506 0.375 0.364813 0.7913587 0.510187 0.7821069 0.507251 0.7913587 0.507251 0.4461553 0.3879328 0.4433488 0.3952439 0.375 0.364813 0.4189764 0.3042847 0.4250624 0.3092131 0.375 0.364813 0.8015269 0.510187 0.7913587 0.507251 0.8015269 0.507251 0.5741579 0.510187 0.5625 0.507251 0.5741579 0.507251 0.4124085 0.3000195 0.4189764 0.3042847 0.375 0.364813 0.8125 0.510187 0.8015269 0.507251 0.8125 0.507251 0.4433488 0.3952439 0.4397935 0.4022216 0.375 0.364813 0.4054309 0.2964641 0.4124085 0.3000195 0.375 0.364813 0.8241579 0.510187 0.8125 0.507251 0.8241579 0.507251 0.5625 0.510187 0.5515269 0.507251 0.5625 0.507251 0.3981198 0.2936577 0.4054309 0.2964641 0.375 0.364813 0.8363729 0.510187 0.8241579 0.507251 0.8363729 0.507251 0.4397935 0.4022216 0.4355283 0.4087894 0.375 0.364813 0.3905553 0.2916308 0.3981198 0.2936577 0.375 0.364813 0.8490111 0.510187 0.8363729 0.507251 0.8490111 0.507251 0.5515269 0.510187 0.5413587 0.507251 0.5515269 0.507251 0.3828205 0.2904058 0.3905553 0.2916308 0.375 0.364813 0.861934 0.510187 0.8490111 0.507251 0.861934 0.507251 0.4355283 0.4087894 0.4306 0.4148755 0.375 0.364813 0.375 0.2899959 0.3828205 0.2904058 0.375 0.364813 0.875 0.510187 0.861934 0.507251 0.875 0.507251 0.4678931 0.510187 0.4586413 0.507251 0.4678931 0.507251 0.3671795 0.2904058 0.375 0.2899959 0.375 0.364813 0.8880661 0.510187 0.875 0.507251 0.8880661 0.507251 0.4306 0.4148755 0.4250624 0.420413 0.375 0.364813 0.3594446 0.2916308 0.3671795 0.2904058 0.375 0.364813 0.9009889 0.510187 0.8880661 0.507251 0.9009889 0.507251 0.4586413 0.510187 0.4484732 0.507251 0.4586413 0.507251 0.3518802 0.2936577 0.3594446 0.2916308 0.375 0.364813 0.9136272 0.510187 0.9009889 0.507251 0.9136272 0.507251 0.4250624 0.420413 0.4189764 0.4253414 0.375 0.364813 0.3445691 0.2964641 0.3518802 0.2936577 0.375 0.364813 0.9258421 0.510187 0.9136272 0.507251 0.9258421 0.507251 0.4484732 0.510187 0.4375 0.507251 0.4484732 0.507251 0.3375914 0.3000195 0.3445691 0.2964641 0.375 0.364813 0.9375 0.510187 0.9258421 0.507251 0.9375 0.507251 0.4189764 0.4253414 0.4124085 0.4296066 0.375 0.364813 0.3310236 0.3042847 0.3375914 0.3000195 0.375 0.364813 0.9484732 0.510187 0.9375 0.507251 0.9484732 0.507251 0.4375 0.510187 0.4258421 0.507251 0.4375 0.507251 0.3249375 0.3092131 0.3310236 0.3042847 0.375 0.364813 0.9586414 0.510187 0.9484732 0.507251 0.9586414 0.507251 0.4124085 0.4296066 0.4054309 0.4331619 0.375 0.364813 0.3194 0.3147506 0.3249375 0.3092131 0.375 0.364813 0.9678931 0.510187 0.9586414 0.507251 0.9678931 0.507251 0.4258421 0.510187 0.4136271 0.507251 0.4258421 0.507251 0.3144717 0.3208366 0.3194 0.3147506 0.375 0.364813 0.05152684 0.510187 0.04135864 0.507251 0.05152684 0.507251 0.4054309 0.4331619 0.3981198 0.4359684 0.375 0.364813 0.3102064 0.3274044 0.3144717 0.3208366 0.375 0.364813 0.0625 0.510187 0.05152684 0.507251 0.0625 0.507251 0.4136271 0.510187 0.4009889 0.507251 0.4136271 0.507251 0.3066511 0.3343822 0.3102064 0.3274044 0.375 0.364813 0.07415789 0.510187 0.0625 0.507251 0.07415789 0.507251 0.3981198 0.4359684 0.3905553 0.4379952 0.375 0.364813 0.3038446 0.3416933 0.3066511 0.3343822 0.375 0.364813 0.08637285 0.510187 0.07415789 0.507251 0.08637285 0.507251 0.4009889 0.510187 0.3880661 0.507251 0.4009889 0.507251 0.3018178 0.3492576 0.3038446 0.3416933 0.375 0.364813 0.099011 0.510187 0.08637285 0.507251 0.099011 0.507251 0.3905553 0.4379952 0.3828205 0.4392203 0.375 0.364813 0.3005927 0.3569925 0.3018178 0.3492576 0.375 0.364813 0.1119339 0.510187 0.099011 0.507251 0.1119339 0.507251 0.3880661 0.510187 0.375 0.507251 0.3880661 0.507251 0.3001828 0.364813 0.3005927 0.3569925 0.375 0.364813 0.125 0.510187 0.1119339 0.507251 0.125 0.507251 0.3828205 0.4392203 0.375 0.4396302 0.375 0.364813 0.3005927 0.3726336 0.3001828 0.364813 0.375 0.364813 0.138066 0.510187 0.125 0.507251 0.138066 0.507251 0.375 0.510187 0.361934 0.507251 0.375 0.507251 0.3018178 0.3803684 0.3005927 0.3726336 0.375 0.364813 0.1509889 0.510187 0.138066 0.507251 0.1509889 0.507251 0.375 0.4396302 0.3671795 0.4392203 0.375 0.364813 0.3038446 0.3879328 0.3018178 0.3803684 0.375 0.364813 0.1636271 0.510187 0.1509889 0.507251 0.1636271 0.507251 0.361934 0.510187 0.349011 0.507251 0.361934 0.507251 0.3066511 0.3952439 0.3038446 0.3879328 0.375 0.364813 0.1758421 0.510187 0.1636271 0.507251 0.1758421 0.507251 0.3671795 0.4392203 0.3594446 0.4379952 0.375 0.364813 0.3102064 0.4022216 0.3066511 0.3952439 0.375 0.364813 0.1875 0.510187 0.1758421 0.507251 0.1875 0.507251 0.349011 0.510187 0.3363729 0.507251 0.349011 0.507251 0.3144717 0.4087894 0.3102064 0.4022216 0.375 0.364813 0.1984731 0.510187 0.1875 0.507251 0.1984731 0.507251 0.3594446 0.4379952 0.3518802 0.4359684 0.375 0.364813 0.3194 0.4148755 0.3144717 0.4087894 0.375 0.364813 0.2086413 0.510187 0.1984731 0.507251 0.2086413 0.507251 0.3363729 0.510187 0.3241579 0.507251 0.3363729 0.507251 0.3249375 0.420413 0.3194 0.4148755 0.375 0.364813 0.2913587 0.510187 0.2821069 0.507251 0.2913587 0.507251 0.3518802 0.4359684 0.3445691 0.4331619 0.375 0.364813 0.3310236 0.4253414 0.3249375 0.420413 0.375 0.364813 0.3015269 0.510187 0.2913587 0.507251 0.3015269 0.507251 0.3241579 0.510187 0.3125 0.507251 0.3241579 0.507251 0.3375914 0.4296066 0.3310236 0.4253414 0.375 0.364813 0.3125 0.510187 0.3015269 0.507251 0.3125 0.507251 0.3445691 0.4331619 0.3375914 0.4296066 0.375 0.364813 0.3376365 0.4798058 0.3537178 0.4649377 0.3498613 0.4830815 0.3258212 0.4752704 0.3433685 0.4621647 0.3376365 0.4798058 0.3238192 0.4534607 0.3258212 0.4752704 0.3145447 0.4695246 0.3148334 0.4476253 0.3145447 0.4695246 0.3039305 0.4626317 0.3065068 0.4408825 0.3039305 0.4626317 0.294095 0.4546671 0.2989305 0.4333062 0.294095 0.4546671 0.2851459 0.4457181 0.2771813 0.4358825 0.2989305 0.4333062 0.2851459 0.4457181 0.2702884 0.4252683 0.2921878 0.4249796 0.2771813 0.4358825 0.2645426 0.4139918 0.2863523 0.4159938 0.2702884 0.4252683 0.2776484 0.3964444 0.2645426 0.4139918 0.2600072 0.4021764 0.2748753 0.3860952 0.2600072 0.4021764 0.2567316 0.3899517 0.2547518 0.3774517 0.2748753 0.3860952 0.2567316 0.3899517 0.2726384 0.364813 0.2547518 0.3774517 0.2540894 0.364813 0.2547518 0.3521744 0.2726384 0.364813 0.2540894 0.364813 0.2748753 0.3435309 0.2547518 0.3521744 0.2567316 0.3396742 0.2600072 0.3274496 0.2748753 0.3435309 0.2567316 0.3396742 0.2645426 0.3156343 0.2776484 0.3331815 0.2600072 0.3274496 0.2863523 0.3136323 0.2645426 0.3156343 0.2702884 0.3043577 0.2921878 0.3046464 0.2702884 0.3043577 0.2771813 0.2937435 0.2989305 0.2963197 0.2771813 0.2937435 0.2851459 0.283908 0.3065068 0.2887436 0.2851459 0.283908 0.294095 0.274959 0.3039305 0.2669942 0.3065068 0.2887436 0.294095 0.274959 0.3145447 0.2601013 0.3148334 0.2820008 0.3039305 0.2669942 0.3258212 0.2543557 0.3238192 0.2761654 0.3145447 0.2601013 0.3433685 0.2674614 0.3258212 0.2543557 0.3376365 0.2498202 0.3537178 0.2646883 0.3376365 0.2498202 0.3498613 0.2465445 0.3623614 0.2445647 0.3537178 0.2646883 0.3498613 0.2465445 0.375 0.2624514 0.3623614 0.2445647 0.375 0.2439024 0.3876386 0.2445647 0.375 0.2624514 0.375 0.2439024 0.3962821 0.2646883 0.3876386 0.2445647 0.4001387 0.2465445 0.4123634 0.2498202 0.3962821 0.2646883 0.4001387 0.2465445 0.4241788 0.2543557 0.4066315 0.2674614 0.4123634 0.2498202 0.4261808 0.2761654 0.4241788 0.2543557 0.4354553 0.2601013 0.4351666 0.2820008 0.4354553 0.2601013 0.4460695 0.2669942 0.4434933 0.2887436 0.4460695 0.2669942 0.455905 0.274959 0.4510694 0.2963197 0.455905 0.274959 0.4648541 0.283908 0.4728187 0.2937435 0.4510694 0.2963197 0.4648541 0.283908 0.4797117 0.3043577 0.4578122 0.3046464 0.4728187 0.2937435 0.4854573 0.3156343 0.4636477 0.3136323 0.4797117 0.3043577 0.4723516 0.3331815 0.4854573 0.3156343 0.4899928 0.3274496 0.4751247 0.3435309 0.4899928 0.3274496 0.4932684 0.3396742 0.4952482 0.3521744 0.4751247 0.3435309 0.4932684 0.3396742 0.4773615 0.364813 0.4952482 0.3521744 0.4959106 0.364813 0.4952482 0.3774517 0.4773615 0.364813 0.4959106 0.364813 0.4751247 0.3860952 0.4952482 0.3774517 0.4932684 0.3899517 0.4899928 0.4021764 0.4751247 0.3860952 0.4932684 0.3899517 0.4854573 0.4139918 0.4723516 0.3964444 0.4899928 0.4021764 0.4636477 0.4159938 0.4854573 0.4139918 0.4797117 0.4252683 0.4578122 0.4249796 0.4797117 0.4252683 0.4728187 0.4358825 0.4510694 0.4333062 0.4728187 0.4358825 0.4648541 0.4457181 0.4434933 0.4408825 0.4648541 0.4457181 0.455905 0.4546671 0.4460695 0.4626317 0.4434933 0.4408825 0.455905 0.4546671 0.4354553 0.4695246 0.4351666 0.4476253 0.4460695 0.4626317 0.4241788 0.4752704 0.4261808 0.4534607 0.4354553 0.4695246 0.4066315 0.4621647 0.4241788 0.4752704 0.4123634 0.4798058 0.3962821 0.4649377 0.4123634 0.4798058 0.4001387 0.4830815 0.3876386 0.4850613 0.3962821 0.4649377 0.4001387 0.4830815 0.375 0.4671745 0.3876386 0.4850613 0.375 0.4857236 0.3623614 0.4850613 0.375 0.4671745 0.375 0.4857236 0.3537178 0.4649377 0.3623614 0.4850613 0.3498613 0.4830815 0.4696189 0.3548682 0.4688637 0.364813 0.4683495 0.3550016 0.468061 0.3450322 0.4683495 0.3550016 0.4668125 0.3452977 0.4688637 0.364813 0.4696189 0.3747579 0.4683495 0.3746244 0.4654836 0.3354131 0.4668125 0.3452977 0.4642696 0.3358076 0.4607487 0.3266353 0.4654836 0.3354131 0.4642696 0.3358076 0.4683495 0.3746244 0.468061 0.3845937 0.4668125 0.3843284 0.4573937 0.317243 0.4607487 0.3266353 0.4562883 0.3178812 0.4519699 0.3088911 0.4562883 0.3178812 0.4509373 0.3096414 0.468061 0.3845937 0.4642696 0.3938185 0.4668125 0.3843284 0.4457029 0.3011519 0.4509373 0.3096414 0.4447543 0.302006 0.4386611 0.2941102 0.4447543 0.302006 0.437807 0.2950587 0.4654836 0.394213 0.4607487 0.4029908 0.4642696 0.3938185 0.4301717 0.2888757 0.4386611 0.2941102 0.437807 0.2950587 0.4219318 0.2835248 0.4309219 0.2878431 0.4301717 0.2888757 0.4607487 0.4029908 0.4573937 0.4123831 0.4562883 0.4117448 0.4131778 0.2790643 0.4225701 0.2824193 0.4219318 0.2835248 0.4043999 0.2743294 0.4131778 0.2790643 0.4040055 0.2755433 0.4562883 0.4117448 0.4519699 0.420735 0.4509373 0.4199847 0.3945153 0.2730005 0.4043999 0.2743294 0.4040055 0.2755433 0.3848114 0.2714635 0.3947807 0.271752 0.3945153 0.2730005 0.4509373 0.4199847 0.4457029 0.4284742 0.4447543 0.4276201 0.375 0.2709494 0.3849449 0.2701942 0.3848114 0.2714635 0.3650552 0.2701942 0.375 0.2709494 0.3651885 0.2714635 0.4457029 0.4284742 0.437807 0.4345673 0.4447543 0.4276201 0.3552193 0.271752 0.3651885 0.2714635 0.3554846 0.2730005 0.3456001 0.2743294 0.3554846 0.2730005 0.3459945 0.2755433 0.4386611 0.4355159 0.4301717 0.4407504 0.437807 0.4345673 0.3368222 0.2790643 0.3456001 0.2743294 0.3459945 0.2755433 0.32743 0.2824193 0.3368222 0.2790643 0.3280681 0.2835248 0.4309219 0.441783 0.4219318 0.4461013 0.4301717 0.4407504 0.319078 0.2878431 0.3280681 0.2835248 0.3198283 0.2888757 0.3113389 0.2941102 0.3198283 0.2888757 0.3121929 0.2950587 0.4225701 0.4472067 0.4131778 0.4505618 0.4219318 0.4461013 0.3042972 0.3011519 0.3121929 0.2950587 0.3052457 0.302006 0.2990627 0.3096414 0.3042972 0.3011519 0.3052457 0.302006 0.4131778 0.4505618 0.4043999 0.4552966 0.4040055 0.4540826 0.2937117 0.3178812 0.29803 0.3088911 0.2990627 0.3096414 0.2892513 0.3266353 0.2926062 0.317243 0.2937117 0.3178812 0.4043999 0.4552966 0.3945153 0.4566255 0.4040055 0.4540826 0.2845164 0.3354131 0.2892513 0.3266353 0.2857304 0.3358076 0.281939 0.3450322 0.2857304 0.3358076 0.2831875 0.3452977 0.3947807 0.4578741 0.3848114 0.4581624 0.3945153 0.4566255 0.2816506 0.3550016 0.281939 0.3450322 0.2831875 0.3452977 0.2811363 0.364813 0.2803811 0.3548682 0.2816506 0.3550016 0.3849449 0.4594319 0.375 0.4586767 0.3848114 0.4581624 0.2803811 0.3747579 0.2811363 0.364813 0.2816506 0.3746244 0.281939 0.3845937 0.2816506 0.3746244 0.2831875 0.3843284 0.375 0.4586767 0.3650552 0.4594319 0.3651885 0.4581624 0.2845164 0.394213 0.2831875 0.3843284 0.2857304 0.3938185 0.2892513 0.4029908 0.2845164 0.394213 0.2857304 0.3938185 0.3651885 0.4581624 0.3552193 0.4578741 0.3554846 0.4566255 0.2926062 0.4123831 0.2892513 0.4029908 0.2937117 0.4117448 0.29803 0.420735 0.2937117 0.4117448 0.2990627 0.4199847 0.3554846 0.4566255 0.3456001 0.4552966 0.3459945 0.4540826 0.3042972 0.4284742 0.2990627 0.4199847 0.3052457 0.4276201 0.3113389 0.4355159 0.3052457 0.4276201 0.3121929 0.4345673 0.3456001 0.4552966 0.3368222 0.4505618 0.3459945 0.4540826 0.3198283 0.4407504 0.3113389 0.4355159 0.3121929 0.4345673 0.3280681 0.4461013 0.319078 0.441783 0.3198283 0.4407504 0.3368222 0.4505618 0.32743 0.4472067 0.3280681 0.4461013 0.4590243 0.3559817 0.4688637 0.364813 0.4594871 0.364813 0.4668125 0.3452977 0.4590243 0.3559817 0.4576409 0.3472471 0.4688637 0.364813 0.4590243 0.3736444 0.4594871 0.364813 0.4553521 0.3387051 0.4668125 0.3452977 0.4576409 0.3472471 0.4607487 0.3266353 0.4553521 0.3387051 0.4521828 0.330449 0.4590243 0.3736444 0.4668125 0.3843284 0.4576409 0.3823788 0.448168 0.3225694 0.4607487 0.3266353 0.4521828 0.330449 0.4433516 0.3151527 0.4562883 0.3178812 0.448168 0.3225694 0.4668125 0.3843284 0.4553521 0.390921 0.4576409 0.3823788 0.4447543 0.302006 0.4433516 0.3151527 0.4377862 0.3082801 0.437807 0.2950587 0.4377862 0.3082801 0.4315329 0.3020268 0.4553521 0.390921 0.4607487 0.4029908 0.4521828 0.3991771 0.4246603 0.2964615 0.437807 0.2950587 0.4315329 0.3020268 0.4219318 0.2835248 0.4246603 0.2964615 0.4172435 0.2916449 0.4607487 0.4029908 0.448168 0.4070566 0.4521828 0.3991771 0.4131778 0.2790643 0.4172435 0.2916449 0.409364 0.2876302 0.401108 0.2844609 0.4131778 0.2790643 0.409364 0.2876302 0.4562883 0.4117448 0.4433516 0.4144733 0.448168 0.4070566 0.3945153 0.2730005 0.401108 0.2844609 0.3925659 0.2821721 0.3838313 0.2807887 0.3945153 0.2730005 0.3925659 0.2821721 0.4433516 0.4144733 0.4447543 0.4276201 0.4377862 0.421346 0.375 0.2709494 0.3838313 0.2807887 0.375 0.2803259 0.3661687 0.2807887 0.375 0.2709494 0.375 0.2803259 0.4377862 0.421346 0.437807 0.4345673 0.4315329 0.4275992 0.3554846 0.2730005 0.3661687 0.2807887 0.3574341 0.2821721 0.348892 0.2844609 0.3554846 0.2730005 0.3574341 0.2821721 0.437807 0.4345673 0.4246603 0.4331646 0.4315329 0.4275992 0.3368222 0.2790643 0.348892 0.2844609 0.340636 0.2876302 0.3327564 0.2916449 0.3368222 0.2790643 0.340636 0.2876302 0.4246603 0.4331646 0.4219318 0.4461013 0.4172435 0.437981 0.3253397 0.2964615 0.3280681 0.2835248 0.3327564 0.2916449 0.3121929 0.2950587 0.3253397 0.2964615 0.318467 0.3020268 0.4172435 0.437981 0.4131778 0.4505618 0.409364 0.4419959 0.3122138 0.3082801 0.3121929 0.2950587 0.318467 0.3020268 0.3066484 0.3151527 0.3052457 0.302006 0.3122138 0.3082801 0.4131778 0.4505618 0.401108 0.445165 0.409364 0.4419959 0.2937117 0.3178812 0.3066484 0.3151527 0.301832 0.3225694 0.2892513 0.3266353 0.301832 0.3225694 0.2978171 0.330449 0.401108 0.445165 0.3945153 0.4566255 0.3925659 0.447454 0.2946479 0.3387051 0.2892513 0.3266353 0.2978171 0.330449 0.2831875 0.3452977 0.2946479 0.3387051 0.2923591 0.3472471 0.3945153 0.4566255 0.3838313 0.4488374 0.3925659 0.447454 0.2909756 0.3559817 0.2831875 0.3452977 0.2923591 0.3472471 0.2811363 0.364813 0.2909756 0.3559817 0.2905128 0.364813 0.3838313 0.4488374 0.375 0.4586767 0.375 0.4493002 0.2909756 0.3736444 0.2811363 0.364813 0.2905128 0.364813 0.2831875 0.3843284 0.2909756 0.3736444 0.2923591 0.3823788 0.375 0.4586767 0.3661687 0.4488374 0.375 0.4493002 0.2946479 0.390921 0.2831875 0.3843284 0.2923591 0.3823788 0.2892513 0.4029908 0.2946479 0.390921 0.2978171 0.3991771 0.3661687 0.4488374 0.3554846 0.4566255 0.3574341 0.447454 0.301832 0.4070566 0.2892513 0.4029908 0.2978171 0.3991771 0.3066484 0.4144733 0.2937117 0.4117448 0.301832 0.4070566 0.3554846 0.4566255 0.348892 0.445165 0.3574341 0.447454 0.3052457 0.4276201 0.3066484 0.4144733 0.3122138 0.421346 0.3121929 0.4345673 0.3122138 0.421346 0.318467 0.4275992 0.348892 0.445165 0.3368222 0.4505618 0.340636 0.4419959 0.3253397 0.4331646 0.3121929 0.4345673 0.318467 0.4275992 0.3280681 0.4461013 0.3253397 0.4331646 0.3327564 0.437981 0.3368222 0.4505618 0.3327564 0.437981 0.340636 0.4419959 0.3547995 0.4598491 0.3456001 0.4552966 0.3552193 0.4578741 0.3456001 0.4552966 0.3354818 0.4535724 0.3363031 0.4517278 0.3363031 0.4517278 0.3264204 0.4489554 0.32743 0.4472067 0.3264204 0.4489554 0.319078 0.441783 0.32743 0.4472067 0.3178912 0.4434165 0.3113389 0.4355159 0.319078 0.441783 0.3099877 0.4370164 0.3042972 0.4284742 0.3113389 0.4355159 0.3042972 0.4284742 0.2963965 0.4219219 0.29803 0.420735 0.29803 0.420735 0.2908576 0.4133927 0.2926062 0.4123831 0.2908576 0.4133927 0.2880852 0.40351 0.2926062 0.4123831 0.2862406 0.4043312 0.2845164 0.394213 0.2880852 0.40351 0.2845164 0.394213 0.2799639 0.3850136 0.281939 0.3845937 0.281939 0.3845937 0.278373 0.3749689 0.2803811 0.3747579 0.2803811 0.3747579 0.2778407 0.364813 0.2798599 0.364813 0.2778407 0.364813 0.2803811 0.3548682 0.2798599 0.364813 0.278373 0.3546571 0.281939 0.3450322 0.2803811 0.3548682 0.2799639 0.3446125 0.2845164 0.3354131 0.281939 0.3450322 0.2845164 0.3354131 0.2862406 0.3252947 0.2880852 0.3261161 0.2880852 0.3261161 0.2908576 0.3162334 0.2926062 0.317243 0.2908576 0.3162334 0.29803 0.3088911 0.2926062 0.317243 0.2963965 0.3077042 0.3042972 0.3011519 0.29803 0.3088911 0.3027966 0.2998008 0.3113389 0.2941102 0.3042972 0.3011519 0.3113389 0.2941102 0.3178912 0.2862095 0.319078 0.2878431 0.319078 0.2878431 0.3264204 0.2806707 0.32743 0.2824193 0.3264204 0.2806707 0.3363031 0.2778982 0.32743 0.2824193 0.3354818 0.2760536 0.3456001 0.2743294 0.3363031 0.2778982 0.3456001 0.2743294 0.3547995 0.2697769 0.3552193 0.271752 0.3552193 0.271752 0.3648441 0.268186 0.3650552 0.2701942 0.3650552 0.2701942 0.375 0.2676537 0.375 0.2696729 0.375 0.2676537 0.3849449 0.2701942 0.375 0.2696729 0.3851559 0.268186 0.3947807 0.271752 0.3849449 0.2701942 0.3952006 0.2697769 0.4043999 0.2743294 0.3947807 0.271752 0.4043999 0.2743294 0.4145182 0.2760536 0.413697 0.2778982 0.413697 0.2778982 0.4235796 0.2806707 0.4225701 0.2824193 0.4235796 0.2806707 0.4309219 0.2878431 0.4225701 0.2824193 0.4321088 0.2862095 0.4386611 0.2941102 0.4309219 0.2878431 0.4400122 0.2926096 0.4457029 0.3011519 0.4386611 0.2941102 0.4457029 0.3011519 0.4536035 0.3077042 0.4519699 0.3088911 0.4519699 0.3088911 0.4591424 0.3162334 0.4573937 0.317243 0.4591424 0.3162334 0.4619148 0.3261161 0.4573937 0.317243 0.4637594 0.3252947 0.4654836 0.3354131 0.4619148 0.3261161 0.4654836 0.3354131 0.4700361 0.3446125 0.468061 0.3450322 0.468061 0.3450322 0.471627 0.3546571 0.4696189 0.3548682 0.4696189 0.3548682 0.4721593 0.364813 0.47014 0.364813 0.4721593 0.364813 0.4696189 0.3747579 0.47014 0.364813 0.471627 0.3749689 0.468061 0.3845937 0.4696189 0.3747579 0.4700361 0.3850136 0.4654836 0.394213 0.468061 0.3845937 0.4654836 0.394213 0.4637594 0.4043312 0.4619148 0.40351 0.4619148 0.40351 0.4591424 0.4133927 0.4573937 0.4123831 0.4591424 0.4133927 0.4519699 0.420735 0.4573937 0.4123831 0.4536035 0.4219219 0.4457029 0.4284742 0.4519699 0.420735 0.4472034 0.4298253 0.4386611 0.4355159 0.4457029 0.4284742 0.4386611 0.4355159 0.4321088 0.4434165 0.4309219 0.441783 0.4309219 0.441783 0.4235796 0.4489554 0.4225701 0.4472067 0.4235796 0.4489554 0.413697 0.4517278 0.4225701 0.4472067 0.4145182 0.4535724 0.4043999 0.4552966 0.413697 0.4517278 0.4043999 0.4552966 0.3952006 0.4598491 0.3947807 0.4578741 0.3947807 0.4578741 0.3851559 0.4614401 0.3849449 0.4594319 0.3849449 0.4594319 0.375 0.4619722 0.375 0.4599531 0.375 0.4619722 0.3650552 0.4594319 0.375 0.4599531 0.3648441 0.4614401 0.3552193 0.4578741 0.3650552 0.4594319 0.3547995 0.4598491 0.344145 0.459775 0.3449761 0.457217 0.3542402 0.46248 0.3433685 0.4621647 0.344145 0.459775 0.344145 0.459775 0.3354818 0.4535724 0.3449761 0.457217 0.344145 0.459775 0.3333658 0.4583249 0.3343878 0.4560295 0.3343878 0.4560295 0.3264204 0.4489554 0.3354818 0.4535724 0.3343878 0.4560295 0.3238192 0.4534607 0.3250756 0.4512847 0.3250756 0.4512847 0.3178912 0.4434165 0.3264204 0.4489554 0.3250756 0.4512847 0.3148334 0.4476253 0.3163103 0.4455924 0.3163103 0.4455924 0.3099877 0.4370164 0.3178912 0.4434165 0.3163103 0.4455924 0.3065068 0.4408825 0.3081881 0.4390152 0.3081881 0.4390152 0.3027966 0.4298253 0.3099877 0.4370164 0.3065068 0.4408825 0.3007978 0.4316249 0.3081881 0.4390152 0.3027966 0.4298253 0.2942206 0.4235027 0.2963965 0.4219219 0.2989305 0.4333062 0.2942206 0.4235027 0.3007978 0.4316249 0.2963965 0.4219219 0.2885283 0.4147375 0.2908576 0.4133927 0.2921878 0.4249796 0.2885283 0.4147375 0.2942206 0.4235027 0.2908576 0.4133927 0.2837835 0.4054252 0.2862406 0.4043312 0.2863523 0.4159938 0.2837835 0.4054252 0.2885283 0.4147375 0.2862406 0.4043312 0.2800381 0.395668 0.282596 0.3948369 0.2814881 0.4064472 0.2800381 0.395668 0.2837835 0.4054252 0.2800381 0.395668 0.2799639 0.3850136 0.282596 0.3948369 0.2776484 0.3964444 0.2773331 0.3855728 0.2800381 0.395668 0.2773331 0.3855728 0.278373 0.3749689 0.2799639 0.3850136 0.2773331 0.3855728 0.2731992 0.3755127 0.2756981 0.3752501 0.2756981 0.3752501 0.2778407 0.364813 0.278373 0.3749689 0.2731992 0.3755127 0.2751511 0.364813 0.2756981 0.3752501 0.2751511 0.364813 0.278373 0.3546571 0.2778407 0.364813 0.2751511 0.364813 0.2731992 0.3541133 0.2756981 0.354376 0.278373 0.3546571 0.2773331 0.3440533 0.2799639 0.3446125 0.2731992 0.3541133 0.2773331 0.3440533 0.2756981 0.354376 0.2799639 0.3446125 0.2800381 0.333958 0.282596 0.3347892 0.2773331 0.3440533 0.2776484 0.3331815 0.2800381 0.333958 0.2800381 0.333958 0.2862406 0.3252947 0.282596 0.3347892 0.2800381 0.333958 0.2814881 0.3231788 0.2837835 0.3242009 0.2837835 0.3242009 0.2908576 0.3162334 0.2862406 0.3252947 0.2837835 0.3242009 0.2863523 0.3136323 0.2885283 0.3148886 0.2885283 0.3148886 0.2963965 0.3077042 0.2908576 0.3162334 0.2885283 0.3148886 0.2921878 0.3046464 0.2942206 0.3061234 0.2942206 0.3061234 0.3027966 0.2998008 0.2963965 0.3077042 0.2942206 0.3061234 0.2989305 0.2963197 0.3007978 0.2980011 0.3007978 0.2980011 0.3099877 0.2926096 0.3027966 0.2998008 0.2989305 0.2963197 0.3081881 0.2906108 0.3007978 0.2980011 0.3099877 0.2926096 0.3163103 0.2840335 0.3178912 0.2862095 0.3065068 0.2887436 0.3163103 0.2840335 0.3081881 0.2906108 0.3178912 0.2862095 0.3250756 0.2783414 0.3264204 0.2806707 0.3148334 0.2820008 0.3250756 0.2783414 0.3163103 0.2840335 0.3264204 0.2806707 0.3343878 0.2735965 0.3354818 0.2760536 0.3238192 0.2761654 0.3343878 0.2735965 0.3250756 0.2783414 0.3354818 0.2760536 0.344145 0.2698511 0.3449761 0.2724091 0.3333658 0.271301 0.344145 0.2698511 0.3343878 0.2735965 0.344145 0.2698511 0.3547995 0.2697769 0.3449761 0.2724091 0.3433685 0.2674614 0.3542402 0.2671461 0.344145 0.2698511 0.3542402 0.2671461 0.3648441 0.268186 0.3547995 0.2697769 0.3542402 0.2671461 0.3643003 0.2630122 0.3645629 0.2655112 0.3645629 0.2655112 0.375 0.2676537 0.3648441 0.268186 0.3643003 0.2630122 0.375 0.2649641 0.3645629 0.2655112 0.375 0.2649641 0.3851559 0.268186 0.375 0.2676537 0.375 0.2649641 0.3856997 0.2630122 0.385437 0.2655112 0.3851559 0.268186 0.3957597 0.2671461 0.3952006 0.2697769 0.3856997 0.2630122 0.3957597 0.2671461 0.385437 0.2655112 0.3952006 0.2697769 0.405855 0.2698511 0.4050239 0.2724091 0.3957597 0.2671461 0.4066315 0.2674614 0.405855 0.2698511 0.405855 0.2698511 0.4145182 0.2760536 0.4050239 0.2724091 0.405855 0.2698511 0.4166342 0.271301 0.4156122 0.2735965 0.4156122 0.2735965 0.4235796 0.2806707 0.4145182 0.2760536 0.4156122 0.2735965 0.4261808 0.2761654 0.4249244 0.2783414 0.4249244 0.2783414 0.4321088 0.2862095 0.4235796 0.2806707 0.4249244 0.2783414 0.4351666 0.2820008 0.4336897 0.2840335 0.4336897 0.2840335 0.4400122 0.2926096 0.4321088 0.2862095 0.4336897 0.2840335 0.4434933 0.2887436 0.4418119 0.2906108 0.4418119 0.2906108 0.4472034 0.2998008 0.4400122 0.2926096 0.4434933 0.2887436 0.4492022 0.2980011 0.4418119 0.2906108 0.4472034 0.2998008 0.4557794 0.3061234 0.4536035 0.3077042 0.4510694 0.2963197 0.4557794 0.3061234 0.4492022 0.2980011 0.4536035 0.3077042 0.4614716 0.3148886 0.4591424 0.3162334 0.4578122 0.3046464 0.4614716 0.3148886 0.4557794 0.3061234 0.4591424 0.3162334 0.4662165 0.3242009 0.4637594 0.3252947 0.4636477 0.3136323 0.4662165 0.3242009 0.4614716 0.3148886 0.4637594 0.3252947 0.4699619 0.333958 0.467404 0.3347892 0.4685119 0.3231788 0.4699619 0.333958 0.4662165 0.3242009 0.4699619 0.333958 0.4700361 0.3446125 0.467404 0.3347892 0.4723516 0.3331815 0.4726669 0.3440533 0.4699619 0.333958 0.4726669 0.3440533 0.471627 0.3546571 0.4700361 0.3446125 0.4726669 0.3440533 0.4768008 0.3541133 0.4743019 0.354376 0.4743019 0.354376 0.4721593 0.364813 0.471627 0.3546571 0.4768008 0.3541133 0.4748489 0.364813 0.4743019 0.354376 0.4748489 0.364813 0.471627 0.3749689 0.4721593 0.364813 0.4748489 0.364813 0.4768008 0.3755127 0.4743019 0.3752501 0.471627 0.3749689 0.4726669 0.3855728 0.4700361 0.3850136 0.4768008 0.3755127 0.4726669 0.3855728 0.4743019 0.3752501 0.4700361 0.3850136 0.4699619 0.395668 0.467404 0.3948369 0.4726669 0.3855728 0.4723516 0.3964444 0.4699619 0.395668 0.4699619 0.395668 0.4637594 0.4043312 0.467404 0.3948369 0.4699619 0.395668 0.4685119 0.4064472 0.4662165 0.4054252 0.4662165 0.4054252 0.4591424 0.4133927 0.4637594 0.4043312 0.4662165 0.4054252 0.4636477 0.4159938 0.4614716 0.4147375 0.4614716 0.4147375 0.4536035 0.4219219 0.4591424 0.4133927 0.4614716 0.4147375 0.4578122 0.4249796 0.4557794 0.4235027 0.4557794 0.4235027 0.4472034 0.4298253 0.4536035 0.4219219 0.4557794 0.4235027 0.4510694 0.4333062 0.4492022 0.4316249 0.4492022 0.4316249 0.4400122 0.4370164 0.4472034 0.4298253 0.4510694 0.4333062 0.4418119 0.4390152 0.4492022 0.4316249 0.4400122 0.4370164 0.4336897 0.4455924 0.4321088 0.4434165 0.4434933 0.4408825 0.4336897 0.4455924 0.4418119 0.4390152 0.4321088 0.4434165 0.4249244 0.4512847 0.4235796 0.4489554 0.4351666 0.4476253 0.4249244 0.4512847 0.4336897 0.4455924 0.4235796 0.4489554 0.4156122 0.4560295 0.4145182 0.4535724 0.4261808 0.4534607 0.4156122 0.4560295 0.4249244 0.4512847 0.4145182 0.4535724 0.405855 0.459775 0.4050239 0.457217 0.4166342 0.4583249 0.405855 0.459775 0.4156122 0.4560295 0.405855 0.459775 0.3952006 0.4598491 0.4050239 0.457217 0.4066315 0.4621647 0.3957597 0.46248 0.405855 0.459775 0.3957597 0.46248 0.3851559 0.4614401 0.3952006 0.4598491 0.3957597 0.46248 0.3856997 0.4666138 0.385437 0.4641149 0.385437 0.4641149 0.375 0.4619722 0.3851559 0.4614401 0.3856997 0.4666138 0.375 0.4646618 0.385437 0.4641149 0.375 0.4646618 0.3648441 0.4614401 0.375 0.4619722 0.375 0.4646618 0.3643003 0.4666138 0.3645629 0.4641149 0.3648441 0.4614401 0.3542402 0.46248 0.3547995 0.4598491 0.3643003 0.4666138 0.3542402 0.46248 0.3645629 0.4641149 0.5 0.364813 0.4988329 0.3517977 0.4993152 0.3517469 0.4988329 0.3778284 0.5 0.364813 0.4993152 0.377879 0.4993152 0.3517469 0.4967941 0.3389249 0.4972684 0.338824 0.4972684 0.338824 0.4934208 0.3263358 0.4938821 0.326186 0.4967941 0.3907012 0.4993152 0.377879 0.4972684 0.390802 0.4934208 0.3263358 0.4891932 0.3139709 0.4938821 0.326186 0.4887501 0.3141682 0.4832532 0.302313 0.4891932 0.3139709 0.4934208 0.4032903 0.4972684 0.390802 0.4938821 0.4034401 0.4828332 0.3025556 0.4761271 0.2913399 0.4832532 0.302313 0.4761271 0.2913399 0.4675326 0.2814962 0.4678931 0.2811717 0.4891932 0.4156551 0.4934208 0.4032903 0.4938821 0.4034401 0.4678931 0.2811717 0.4583168 0.2722803 0.4586413 0.2719199 0.4583168 0.2722803 0.4484732 0.263686 0.4586413 0.2719199 0.4832532 0.427313 0.4887501 0.4154579 0.4891932 0.4156551 0.4481881 0.2640783 0.4375 0.2565599 0.4484732 0.263686 0.4375 0.2565599 0.4256448 0.2510629 0.4258421 0.2506198 0.4761271 0.4382862 0.4828332 0.4270705 0.4832532 0.427313 0.4258421 0.2506198 0.4134773 0.2463922 0.4136271 0.2459309 0.4134773 0.2463922 0.4009889 0.2425445 0.4136271 0.2459309 0.4675326 0.4481298 0.4761271 0.4382862 0.4678931 0.4484544 0.4008881 0.2430189 0.3880661 0.2404978 0.4009889 0.2425445 0.3880153 0.2409801 0.375 0.2398129 0.3880661 0.2404978 0.4583168 0.4573457 0.4678931 0.4484544 0.4586413 0.4577061 0.375 0.2398129 0.3619846 0.2409801 0.361934 0.2404978 0.361934 0.2404978 0.3491119 0.2430189 0.349011 0.2425445 0.4484732 0.4659401 0.4583168 0.4573457 0.4586413 0.4577061 0.349011 0.2425445 0.3365228 0.2463922 0.3363729 0.2459309 0.3365228 0.2463922 0.3241579 0.2506198 0.3363729 0.2459309 0.4372575 0.4726461 0.4484732 0.4659401 0.4375 0.4730662 0.3243552 0.2510629 0.3125 0.2565599 0.3241579 0.2506198 0.3127425 0.2569798 0.3015269 0.263686 0.3125 0.2565599 0.4256448 0.4785631 0.4375 0.4730662 0.4258421 0.4790062 0.3015269 0.263686 0.2916832 0.2722803 0.2913587 0.2719199 0.2916832 0.2722803 0.2821069 0.2811717 0.2913587 0.2719199 0.4134773 0.4832338 0.4258421 0.4790062 0.4136271 0.483695 0.2824673 0.2814962 0.2738729 0.2913399 0.2821069 0.2811717 0.2738729 0.2913399 0.2671669 0.3025556 0.2667468 0.302313 0.4009889 0.4870814 0.4134773 0.4832338 0.4136271 0.483695 0.2667468 0.302313 0.2612499 0.3141682 0.2608068 0.3139709 0.2608068 0.3139709 0.2565792 0.3263358 0.2561179 0.326186 0.3880661 0.4891282 0.4008881 0.4866071 0.4009889 0.4870814 0.2565792 0.3263358 0.2527316 0.338824 0.2561179 0.326186 0.253206 0.3389249 0.2506847 0.3517469 0.2527316 0.338824 0.375 0.489813 0.3880153 0.4886459 0.3880661 0.4891282 0.2511671 0.3517977 0.25 0.364813 0.2506847 0.3517469 0.25 0.364813 0.2511671 0.3778284 0.2506847 0.377879 0.3619846 0.4886459 0.375 0.489813 0.361934 0.4891282 0.2506847 0.377879 0.253206 0.3907012 0.2527316 0.390802 0.2527316 0.390802 0.2565792 0.4032903 0.2561179 0.4034401 0.3491119 0.4866071 0.361934 0.4891282 0.349011 0.4870814 0.2565792 0.4032903 0.2608068 0.4156551 0.2561179 0.4034401 0.2612499 0.4154579 0.2667468 0.427313 0.2608068 0.4156551 0.3365228 0.4832338 0.349011 0.4870814 0.3363729 0.483695 0.2671669 0.4270705 0.2738729 0.4382862 0.2667468 0.427313 0.2738729 0.4382862 0.2824673 0.4481298 0.2821069 0.4484544 0.3241579 0.4790062 0.3365228 0.4832338 0.3363729 0.483695 0.2821069 0.4484544 0.2916832 0.4573457 0.2913587 0.4577061 0.2916832 0.4573457 0.3015269 0.4659401 0.2913587 0.4577061 0.3125 0.4730662 0.3243552 0.4785631 0.3241579 0.4790062 0.3018119 0.4655478 0.3125 0.4730662 0.3015269 0.4659401 0.499515 0.364813 0.4973859 0.3519497 0.4988329 0.3517977 0.4959106 0.364813 0.4973859 0.3519497 0.49806 0.364813 0.4973859 0.3776763 0.499515 0.364813 0.4988329 0.3778284 0.4973859 0.3776763 0.4959106 0.364813 0.49806 0.364813 0.4973859 0.3519497 0.4967941 0.3389249 0.4988329 0.3517977 0.4952482 0.3521744 0.4953708 0.3392274 0.4973859 0.3519497 0.4953708 0.3392274 0.4934208 0.3263358 0.4967941 0.3389249 0.4953708 0.3392274 0.4899928 0.3274496 0.492037 0.3267853 0.4967941 0.3907012 0.4973859 0.3776763 0.4988329 0.3778284 0.4953708 0.3903986 0.4952482 0.3774517 0.4973859 0.3776763 0.4934208 0.3263358 0.4874209 0.31476 0.4887501 0.3141682 0.4899928 0.3274496 0.4874209 0.31476 0.492037 0.3267853 0.4874209 0.31476 0.4828332 0.3025556 0.4887501 0.3141682 0.4854573 0.3156343 0.4815731 0.303283 0.4874209 0.31476 0.4934208 0.4032903 0.4953708 0.3903986 0.4967941 0.3907012 0.4899928 0.4021764 0.4953708 0.3903986 0.492037 0.4028406 0.4828332 0.3025556 0.4745576 0.2924801 0.4757347 0.2916249 0.4797117 0.3043577 0.4745576 0.2924801 0.4815731 0.303283 0.4757347 0.2916249 0.4664514 0.2824698 0.4675326 0.2814962 0.4728187 0.2937435 0.4664514 0.2824698 0.4745576 0.2924801 0.4874209 0.414866 0.4934208 0.4032903 0.4887501 0.4154579 0.4874209 0.414866 0.4899928 0.4021764 0.492037 0.4028406 0.4664514 0.2824698 0.4583168 0.2722803 0.4675326 0.2814962 0.4648541 0.283908 0.4573432 0.2733616 0.4664514 0.2824698 0.4573432 0.2733616 0.4481881 0.2640783 0.4583168 0.2722803 0.4573432 0.2733616 0.4460695 0.2669942 0.4473329 0.2652553 0.4828332 0.4270705 0.4874209 0.414866 0.4887501 0.4154579 0.4815731 0.426343 0.4854573 0.4139918 0.4874209 0.414866 0.4473329 0.2652553 0.4372575 0.2569798 0.4481881 0.2640783 0.4473329 0.2652553 0.4354553 0.2601013 0.43653 0.2582399 0.4372575 0.2569798 0.425053 0.2523921 0.4256448 0.2510629 0.43653 0.2582399 0.4241788 0.2543557 0.425053 0.2523921 0.4745576 0.4371458 0.4828332 0.4270705 0.4757347 0.438001 0.4745576 0.4371458 0.4797117 0.4252683 0.4815731 0.426343 0.425053 0.2523921 0.4134773 0.2463922 0.4256448 0.2510629 0.425053 0.2523921 0.4123634 0.2498202 0.4130277 0.247776 0.4134773 0.2463922 0.4005856 0.2444421 0.4008881 0.2430189 0.4123634 0.2498202 0.4005856 0.2444421 0.4130277 0.247776 0.4664514 0.4471562 0.4757347 0.438001 0.4675326 0.4481298 0.4664514 0.4471562 0.4728187 0.4358825 0.4745576 0.4371458 0.4008881 0.2430189 0.3878633 0.2424271 0.3880153 0.2409801 0.4005856 0.2444421 0.3876386 0.2445647 0.3878633 0.2424271 0.3878633 0.2424271 0.375 0.240298 0.3880153 0.2409801 0.3878633 0.2424271 0.375 0.2439024 0.375 0.2417529 0.4583168 0.4573457 0.4664514 0.4471562 0.4675326 0.4481298 0.455905 0.4546671 0.4664514 0.4471562 0.4573432 0.4562644 0.375 0.240298 0.3621367 0.2424271 0.3619846 0.2409801 0.375 0.2439024 0.3621367 0.2424271 0.375 0.2417529 0.3621367 0.2424271 0.3491119 0.2430189 0.3619846 0.2409801 0.3623614 0.2445647 0.3494144 0.2444421 0.3621367 0.2424271 0.4481881 0.4655478 0.4573432 0.4562644 0.4583168 0.4573457 0.4460695 0.4626317 0.4573432 0.4562644 0.4473329 0.4643706 0.3494144 0.2444421 0.3365228 0.2463922 0.3491119 0.2430189 0.3494144 0.2444421 0.3376365 0.2498202 0.3369724 0.247776 0.3365228 0.2463922 0.324947 0.2523921 0.3243552 0.2510629 0.3376365 0.2498202 0.324947 0.2523921 0.3369724 0.247776 0.4372575 0.4726461 0.4473329 0.4643706 0.4481881 0.4655478 0.4354553 0.4695246 0.4473329 0.4643706 0.43653 0.4713861 0.324947 0.2523921 0.3127425 0.2569798 0.3243552 0.2510629 0.3258212 0.2543557 0.31347 0.2582399 0.324947 0.2523921 0.3127425 0.2569798 0.3026672 0.2652553 0.3018119 0.2640783 0.3145447 0.2601013 0.3026672 0.2652553 0.31347 0.2582399 0.425053 0.4772339 0.4372575 0.4726461 0.4256448 0.4785631 0.4241788 0.4752704 0.43653 0.4713861 0.425053 0.4772339 0.3018119 0.2640783 0.2926568 0.2733616 0.2916832 0.2722803 0.3039305 0.2669942 0.2926568 0.2733616 0.3026672 0.2652553 0.2916832 0.2722803 0.2835486 0.2824698 0.2824673 0.2814962 0.294095 0.274959 0.2835486 0.2824698 0.2926568 0.2733616 0.4134773 0.4832338 0.425053 0.4772339 0.4256448 0.4785631 0.4123634 0.4798058 0.425053 0.4772339 0.4130277 0.48185 0.2835486 0.2824698 0.2742652 0.2916249 0.2824673 0.2814962 0.2835486 0.2824698 0.2771813 0.2937435 0.2754424 0.2924801 0.2754424 0.2924801 0.2671669 0.3025556 0.2742652 0.2916249 0.2754424 0.2924801 0.2702884 0.3043577 0.2684269 0.303283 0.4005856 0.4851838 0.4134773 0.4832338 0.4008881 0.4866071 0.4005856 0.4851838 0.4123634 0.4798058 0.4130277 0.48185 0.2671669 0.3025556 0.2625791 0.31476 0.2612499 0.3141682 0.2684269 0.303283 0.2645426 0.3156343 0.2625791 0.31476 0.2625791 0.31476 0.2565792 0.3263358 0.2612499 0.3141682 0.2625791 0.31476 0.2600072 0.3274496 0.257963 0.3267853 0.3878633 0.4871988 0.4008881 0.4866071 0.3880153 0.4886459 0.3876386 0.4850613 0.4005856 0.4851838 0.3878633 0.4871988 0.2565792 0.3263358 0.2546291 0.3392274 0.253206 0.3389249 0.2600072 0.3274496 0.2546291 0.3392274 0.257963 0.3267853 0.253206 0.3389249 0.2526142 0.3519497 0.2511671 0.3517977 0.2546291 0.3392274 0.2547518 0.3521744 0.2526142 0.3519497 0.375 0.489328 0.3878633 0.4871988 0.3880153 0.4886459 0.375 0.4857236 0.3878633 0.4871988 0.375 0.487873 0.2526142 0.3519497 0.250485 0.364813 0.2511671 0.3517977 0.2526142 0.3519497 0.2540894 0.364813 0.25194 0.364813 0.250485 0.364813 0.2526142 0.3776763 0.2511671 0.3778284 0.2540894 0.364813 0.2526142 0.3776763 0.25194 0.364813 0.3621367 0.4871988 0.375 0.489328 0.3619846 0.4886459 0.3621367 0.4871988 0.375 0.4857236 0.375 0.487873 0.2526142 0.3776763 0.253206 0.3907012 0.2511671 0.3778284 0.2547518 0.3774517 0.2546291 0.3903986 0.2526142 0.3776763 0.2546291 0.3903986 0.2565792 0.4032903 0.253206 0.3907012 0.2546291 0.3903986 0.2600072 0.4021764 0.257963 0.4028406 0.3491119 0.4866071 0.3621367 0.4871988 0.3619846 0.4886459 0.3494144 0.4851838 0.3623614 0.4850613 0.3621367 0.4871988 0.2565792 0.4032903 0.2625791 0.414866 0.2612499 0.4154579 0.2600072 0.4021764 0.2625791 0.414866 0.257963 0.4028406 0.2625791 0.414866 0.2671669 0.4270705 0.2612499 0.4154579 0.2645426 0.4139918 0.2684269 0.426343 0.2625791 0.414866 0.3365228 0.4832338 0.3494144 0.4851838 0.3491119 0.4866071 0.3376365 0.4798058 0.3494144 0.4851838 0.3369724 0.48185 0.2671669 0.4270705 0.2754424 0.4371458 0.2742652 0.438001 0.2702884 0.4252683 0.2754424 0.4371458 0.2684269 0.426343 0.2742652 0.438001 0.2835486 0.4471562 0.2824673 0.4481298 0.2771813 0.4358825 0.2835486 0.4471562 0.2754424 0.4371458 0.324947 0.4772339 0.3365228 0.4832338 0.3243552 0.4785631 0.324947 0.4772339 0.3376365 0.4798058 0.3369724 0.48185 0.2835486 0.4471562 0.2916832 0.4573457 0.2824673 0.4481298 0.2851459 0.4457181 0.2926568 0.4562644 0.2835486 0.4471562 0.2926568 0.4562644 0.3018119 0.4655478 0.2916832 0.4573457 0.2926568 0.4562644 0.3039305 0.4626317 0.3026672 0.4643706 0.3127425 0.4726461 0.324947 0.4772339 0.3243552 0.4785631 0.31347 0.4713861 0.3258212 0.4752704 0.324947 0.4772339 0.3026672 0.4643706 0.3127425 0.4726461 0.3018119 0.4655478 0.3026672 0.4643706 0.3145447 0.4695246 0.31347 0.4713861 0.4566264 0.364813 0.4590243 0.3559817 0.4594871 0.364813 0.4590243 0.3559817 0.4548426 0.347842 0.4576409 0.3472471 0.4590243 0.3736444 0.4566264 0.364813 0.4594871 0.364813 0.4576409 0.3472471 0.4526312 0.3395891 0.4553521 0.3387051 0.4553521 0.3387051 0.4495694 0.3316126 0.4521828 0.330449 0.4548426 0.3817841 0.4590243 0.3736444 0.4576409 0.3823788 0.4521828 0.330449 0.4456905 0.3239999 0.448168 0.3225694 0.448168 0.3225694 0.4410371 0.3168342 0.4433516 0.3151527 0.4526312 0.390037 0.4576409 0.3823788 0.4553521 0.390921 0.4410371 0.3168342 0.4377862 0.3082801 0.4433516 0.3151527 0.4377862 0.3082801 0.4296187 0.3041529 0.4315329 0.3020268 0.4495694 0.3980135 0.4553521 0.390921 0.4521828 0.3991771 0.4315329 0.3020268 0.4229788 0.2987759 0.4246603 0.2964615 0.4229788 0.2987759 0.4172435 0.2916449 0.4246603 0.2964615 0.4456905 0.4056262 0.4521828 0.3991771 0.448168 0.4070566 0.4158132 0.2941225 0.409364 0.2876302 0.4172435 0.2916449 0.4082004 0.2902436 0.401108 0.2844609 0.409364 0.2876302 0.4410371 0.4127917 0.448168 0.4070566 0.4433516 0.4144733 0.4002239 0.2871817 0.3925659 0.2821721 0.401108 0.2844609 0.3919711 0.2849704 0.3838313 0.2807887 0.3925659 0.2821721 0.4377862 0.421346 0.4410371 0.4127917 0.4433516 0.4144733 0.3838313 0.2807887 0.375 0.2831867 0.375 0.2803259 0.375 0.2831867 0.3661687 0.2807887 0.375 0.2803259 0.4296187 0.4254732 0.4377862 0.421346 0.4315329 0.4275992 0.3661687 0.2807887 0.3580289 0.2849704 0.3574341 0.2821721 0.3574341 0.2821721 0.349776 0.2871817 0.348892 0.2844609 0.4229788 0.4308502 0.4315329 0.4275992 0.4246603 0.4331646 0.348892 0.2844609 0.3417996 0.2902436 0.340636 0.2876302 0.340636 0.2876302 0.3341868 0.2941225 0.3327564 0.2916449 0.4172435 0.437981 0.4229788 0.4308502 0.4246603 0.4331646 0.3327564 0.2916449 0.3270213 0.2987759 0.3253397 0.2964615 0.3270213 0.2987759 0.318467 0.3020268 0.3253397 0.2964615 0.409364 0.4419959 0.4158132 0.4355035 0.4172435 0.437981 0.3203813 0.3041529 0.3122138 0.3082801 0.318467 0.3020268 0.3122138 0.3082801 0.3089629 0.3168342 0.3066484 0.3151527 0.401108 0.445165 0.4082004 0.4393824 0.409364 0.4419959 0.3089629 0.3168342 0.301832 0.3225694 0.3066484 0.3151527 0.3043095 0.3239999 0.2978171 0.330449 0.301832 0.3225694 0.3925659 0.447454 0.4002239 0.4424443 0.401108 0.445165 0.3004306 0.3316126 0.2946479 0.3387051 0.2978171 0.330449 0.2973687 0.3395891 0.2923591 0.3472471 0.2946479 0.3387051 0.3838313 0.4488374 0.3919711 0.4446557 0.3925659 0.447454 0.2951574 0.347842 0.2909756 0.3559817 0.2923591 0.3472471 0.2909756 0.3559817 0.2933737 0.364813 0.2905128 0.364813 0.375 0.4464394 0.3838313 0.4488374 0.375 0.4493002 0.2933737 0.364813 0.2909756 0.3736444 0.2905128 0.364813 0.2909756 0.3736444 0.2951574 0.3817841 0.2923591 0.3823788 0.3661687 0.4488374 0.375 0.4464394 0.375 0.4493002 0.2923591 0.3823788 0.2973687 0.390037 0.2946479 0.390921 0.2946479 0.390921 0.3004306 0.3980135 0.2978171 0.3991771 0.3580289 0.4446557 0.3661687 0.4488374 0.3574341 0.447454 0.2978171 0.3991771 0.3043095 0.4056262 0.301832 0.4070566 0.301832 0.4070566 0.3089629 0.4127917 0.3066484 0.4144733 0.349776 0.4424443 0.3574341 0.447454 0.348892 0.445165 0.3089629 0.4127917 0.3122138 0.421346 0.3066484 0.4144733 0.3122138 0.421346 0.3203813 0.4254732 0.318467 0.4275992 0.3417996 0.4393824 0.348892 0.445165 0.340636 0.4419959 0.318467 0.4275992 0.3270213 0.4308502 0.3253397 0.4331646 0.3270213 0.4308502 0.3327564 0.437981 0.3253397 0.4331646 0.3341868 0.4355035 0.340636 0.4419959 0.3327564 0.437981 0.4533029 0.364813 0.4561792 0.3562807 0.4566264 0.364813 0.4498171 0.364813 0.452874 0.3566282 0.4533029 0.364813 0.4561792 0.3562807 0.4515919 0.3485329 0.4548426 0.347842 0.4494073 0.3569925 0.4515919 0.3485329 0.452874 0.3566282 0.4561792 0.3733453 0.4533029 0.364813 0.4566264 0.364813 0.452874 0.3729979 0.4498171 0.364813 0.4533029 0.364813 0.4515919 0.3485329 0.4526312 0.3395891 0.4548426 0.347842 0.4515919 0.3485329 0.4461553 0.3416933 0.4494705 0.3406161 0.4494705 0.3406161 0.4495694 0.3316126 0.4526312 0.3395891 0.4494705 0.3406161 0.4433488 0.3343822 0.4465333 0.3329643 0.4515919 0.3810932 0.4561792 0.3733453 0.4548426 0.3817841 0.4515919 0.3810932 0.4494073 0.3726336 0.452874 0.3729979 0.4465333 0.3329643 0.4456905 0.3239999 0.4495694 0.3316126 0.4433488 0.3343822 0.4428123 0.3256615 0.4465333 0.3329643 0.4428123 0.3256615 0.4410371 0.3168342 0.4456905 0.3239999 0.4428123 0.3256615 0.4355283 0.3208366 0.4383484 0.3187877 0.4526312 0.390037 0.4515919 0.3810932 0.4548426 0.3817841 0.4461553 0.3879328 0.4515919 0.3810932 0.4494705 0.38901 0.4383484 0.3187877 0.4356602 0.3101944 0.4410371 0.3168342 0.4355283 0.3208366 0.4331904 0.3124181 0.4383484 0.3187877 0.4331904 0.3124181 0.4296187 0.3041529 0.4356602 0.3101944 0.4306 0.3147506 0.4273949 0.3066226 0.4331904 0.3124181 0.4495694 0.3980135 0.4494705 0.38901 0.4526312 0.390037 0.4433488 0.3952439 0.4494705 0.38901 0.4465333 0.3966616 0.4296187 0.3041529 0.4210253 0.3014646 0.4229788 0.2987759 0.4273949 0.3066226 0.4189764 0.3042847 0.4210253 0.3014646 0.4229788 0.2987759 0.4141514 0.2970007 0.4158132 0.2941225 0.4189764 0.3042847 0.4141514 0.2970007 0.4210253 0.3014646 0.4456905 0.4056262 0.4465333 0.3966616 0.4495694 0.3980135 0.4428123 0.4039645 0.4433488 0.3952439 0.4465333 0.3966616 0.4158132 0.2941225 0.4068487 0.2932798 0.4082004 0.2902436 0.4141514 0.2970007 0.4054309 0.2964641 0.4068487 0.2932798 0.4082004 0.2902436 0.3991969 0.2903425 0.4002239 0.2871817 0.4054309 0.2964641 0.3991969 0.2903425 0.4068487 0.2932798 0.4410371 0.4127917 0.4428123 0.4039645 0.4456905 0.4056262 0.4355283 0.4087894 0.4428123 0.4039645 0.4383484 0.4108384 0.4002239 0.2871817 0.3912801 0.2882211 0.3919711 0.2849704 0.3981198 0.2936577 0.3912801 0.2882211 0.3991969 0.2903425 0.3912801 0.2882211 0.3835323 0.2836338 0.3919711 0.2849704 0.3912801 0.2882211 0.3828205 0.2904058 0.3831849 0.286939 0.4356602 0.4194317 0.4383484 0.4108384 0.4410371 0.4127917 0.4331904 0.417208 0.4355283 0.4087894 0.4383484 0.4108384 0.3835323 0.2836338 0.375 0.2865101 0.375 0.2831867 0.3831849 0.286939 0.375 0.2899959 0.375 0.2865101 0.375 0.2865101 0.3664677 0.2836338 0.375 0.2831867 0.375 0.2899959 0.3668151 0.286939 0.375 0.2865101 0.4273949 0.4230034 0.4356602 0.4194317 0.4296187 0.4254732 0.4250624 0.420413 0.4331904 0.417208 0.4273949 0.4230034 0.3664677 0.2836338 0.3587199 0.2882211 0.3580289 0.2849704 0.3671795 0.2904058 0.3587199 0.2882211 0.3668151 0.286939 0.3587199 0.2882211 0.349776 0.2871817 0.3580289 0.2849704 0.3587199 0.2882211 0.3518802 0.2936577 0.350803 0.2903425 0.4210253 0.4281614 0.4296187 0.4254732 0.4229788 0.4308502 0.4189764 0.4253414 0.4273949 0.4230034 0.4210253 0.4281614 0.350803 0.2903425 0.3417996 0.2902436 0.349776 0.2871817 0.350803 0.2903425 0.3445691 0.2964641 0.3431513 0.2932798 0.3431513 0.2932798 0.3341868 0.2941225 0.3417996 0.2902436 0.3445691 0.2964641 0.3358485 0.2970007 0.3431513 0.2932798 0.4141514 0.4326253 0.4229788 0.4308502 0.4158132 0.4355035 0.4141514 0.4326253 0.4189764 0.4253414 0.4210253 0.4281614 0.3358485 0.2970007 0.3270213 0.2987759 0.3341868 0.2941225 0.3358485 0.2970007 0.3310236 0.3042847 0.3289747 0.3014646 0.3289747 0.3014646 0.3203813 0.3041529 0.3270213 0.2987759 0.3310236 0.3042847 0.3226051 0.3066226 0.3289747 0.3014646 0.4068487 0.4363463 0.4158132 0.4355035 0.4082004 0.4393824 0.4054309 0.4331619 0.4141514 0.4326253 0.4068487 0.4363463 0.3226051 0.3066226 0.3143398 0.3101944 0.3203813 0.3041529 0.3249375 0.3092131 0.3168095 0.3124181 0.3226051 0.3066226 0.3143398 0.3101944 0.3116516 0.3187877 0.3089629 0.3168342 0.3168095 0.3124181 0.3144717 0.3208366 0.3116516 0.3187877 0.3991969 0.4392835 0.4082004 0.4393824 0.4002239 0.4424443 0.3991969 0.4392835 0.4054309 0.4331619 0.4068487 0.4363463 0.3089629 0.3168342 0.3071876 0.3256615 0.3043095 0.3239999 0.3144717 0.3208366 0.3071876 0.3256615 0.3116516 0.3187877 0.3043095 0.3239999 0.3034667 0.3329643 0.3004306 0.3316126 0.3071876 0.3256615 0.3066511 0.3343822 0.3034667 0.3329643 0.3912801 0.4414048 0.4002239 0.4424443 0.3919711 0.4446557 0.3912801 0.4414048 0.3981198 0.4359684 0.3991969 0.4392835 0.3004306 0.3316126 0.3005295 0.3406161 0.2973687 0.3395891 0.3066511 0.3343822 0.3005295 0.3406161 0.3034667 0.3329643 0.2973687 0.3395891 0.2984082 0.3485329 0.2951574 0.347842 0.3038446 0.3416933 0.2984082 0.3485329 0.3005295 0.3406161 0.3835323 0.4459922 0.3912801 0.4414048 0.3919711 0.4446557 0.3828205 0.4392203 0.3912801 0.4414048 0.3831849 0.442687 0.2984082 0.3485329 0.2938208 0.3562807 0.2951574 0.347842 0.2984082 0.3485329 0.3005927 0.3569925 0.297126 0.3566282 0.2938208 0.3562807 0.296697 0.364813 0.2933737 0.364813 0.297126 0.3566282 0.3001828 0.364813 0.296697 0.364813 0.375 0.443116 0.3835323 0.4459922 0.375 0.4464394 0.375 0.4396302 0.3831849 0.442687 0.375 0.443116 0.296697 0.364813 0.2938208 0.3733453 0.2933737 0.364813 0.3001828 0.364813 0.297126 0.3729979 0.296697 0.364813 0.2938208 0.3733453 0.2984082 0.3810932 0.2951574 0.3817841 0.3005927 0.3726336 0.2984082 0.3810932 0.297126 0.3729979 0.3664677 0.4459922 0.375 0.443116 0.375 0.4464394 0.3668151 0.442687 0.375 0.4396302 0.375 0.443116 0.2984082 0.3810932 0.2973687 0.390037 0.2951574 0.3817841 0.2984082 0.3810932 0.3038446 0.3879328 0.3005295 0.38901 0.3005295 0.38901 0.3004306 0.3980135 0.2973687 0.390037 0.3005295 0.38901 0.3066511 0.3952439 0.3034667 0.3966616 0.3587199 0.4414048 0.3664677 0.4459922 0.3580289 0.4446557 0.3587199 0.4414048 0.3671795 0.4392203 0.3668151 0.442687 0.3034667 0.3966616 0.3043095 0.4056262 0.3004306 0.3980135 0.3066511 0.3952439 0.3071876 0.4039645 0.3034667 0.3966616 0.3071876 0.4039645 0.3089629 0.4127917 0.3043095 0.4056262 0.3071876 0.4039645 0.3144717 0.4087894 0.3116516 0.4108384 0.349776 0.4424443 0.3587199 0.4414048 0.3580289 0.4446557 0.3518802 0.4359684 0.3587199 0.4414048 0.350803 0.4392835 0.3116516 0.4108384 0.3143398 0.4194317 0.3089629 0.4127917 0.3144717 0.4087894 0.3168095 0.417208 0.3116516 0.4108384 0.3168095 0.417208 0.3203813 0.4254732 0.3143398 0.4194317 0.3194 0.4148755 0.3226051 0.4230034 0.3168095 0.417208 0.3417996 0.4393824 0.350803 0.4392835 0.349776 0.4424443 0.3445691 0.4331619 0.350803 0.4392835 0.3431513 0.4363463 0.3203813 0.4254732 0.3289747 0.4281614 0.3270213 0.4308502 0.3226051 0.4230034 0.3310236 0.4253414 0.3289747 0.4281614 0.3270213 0.4308502 0.3358485 0.4326253 0.3341868 0.4355035 0.3310236 0.4253414 0.3358485 0.4326253 0.3289747 0.4281614 0.3341868 0.4355035 0.3431513 0.4363463 0.3417996 0.4393824 0.3358485 0.4326253 0.3445691 0.4331619 0.3431513 0.4363463 0.6380661 0.510187 0.625 0.510187 0.625 0.507251 0.625 0.510187 0.611934 0.510187 0.611934 0.507251 0.6509889 0.510187 0.6380661 0.510187 0.6380661 0.507251 0.6636272 0.510187 0.6509889 0.510187 0.6509889 0.507251 0.611934 0.510187 0.5990111 0.510187 0.5990111 0.507251 0.6758421 0.510187 0.6636272 0.510187 0.6636272 0.507251 0.6875 0.510187 0.6758421 0.510187 0.6758421 0.507251 0.5990111 0.510187 0.5863729 0.510187 0.5863729 0.507251 0.6984732 0.510187 0.6875 0.510187 0.6875 0.507251 0.7086414 0.510187 0.6984732 0.510187 0.6984732 0.507251 0.5863729 0.510187 0.5741579 0.510187 0.5741579 0.507251 0.7913587 0.510187 0.7821069 0.510187 0.7821069 0.507251 0.8015269 0.510187 0.7913587 0.510187 0.7913587 0.507251 0.5741579 0.510187 0.5625 0.510187 0.5625 0.507251 0.8125 0.510187 0.8015269 0.510187 0.8015269 0.507251 0.8241579 0.510187 0.8125 0.510187 0.8125 0.507251 0.5625 0.510187 0.5515269 0.510187 0.5515269 0.507251 0.8363729 0.510187 0.8241579 0.510187 0.8241579 0.507251 0.8490111 0.510187 0.8363729 0.510187 0.8363729 0.507251 0.5515269 0.510187 0.5413587 0.510187 0.5413587 0.507251 0.861934 0.510187 0.8490111 0.510187 0.8490111 0.507251 0.875 0.510187 0.861934 0.510187 0.861934 0.507251 0.4678931 0.510187 0.4586413 0.510187 0.4586413 0.507251 0.8880661 0.510187 0.875 0.510187 0.875 0.507251 0.9009889 0.510187 0.8880661 0.510187 0.8880661 0.507251 0.4586413 0.510187 0.4484732 0.510187 0.4484732 0.507251 0.9136272 0.510187 0.9009889 0.510187 0.9009889 0.507251 0.9258421 0.510187 0.9136272 0.510187 0.9136272 0.507251 0.4484732 0.510187 0.4375 0.510187 0.4375 0.507251 0.9375 0.510187 0.9258421 0.510187 0.9258421 0.507251 0.9484732 0.510187 0.9375 0.510187 0.9375 0.507251 0.4375 0.510187 0.4258421 0.510187 0.4258421 0.507251 0.9586414 0.510187 0.9484732 0.510187 0.9484732 0.507251 0.9678931 0.510187 0.9586414 0.510187 0.9586414 0.507251 0.4258421 0.510187 0.4136271 0.510187 0.4136271 0.507251 0.05152684 0.510187 0.04135864 0.510187 0.04135864 0.507251 0.0625 0.510187 0.05152684 0.510187 0.05152684 0.507251 0.4136271 0.510187 0.4009889 0.510187 0.4009889 0.507251 0.07415789 0.510187 0.0625 0.510187 0.0625 0.507251 0.08637285 0.510187 0.07415789 0.510187 0.07415789 0.507251 0.4009889 0.510187 0.3880661 0.510187 0.3880661 0.507251 0.099011 0.510187 0.08637285 0.510187 0.08637285 0.507251 0.1119339 0.510187 0.099011 0.510187 0.099011 0.507251 0.3880661 0.510187 0.375 0.510187 0.375 0.507251 0.125 0.510187 0.1119339 0.510187 0.1119339 0.507251 0.138066 0.510187 0.125 0.510187 0.125 0.507251 0.375 0.510187 0.361934 0.510187 0.361934 0.507251 0.1509889 0.510187 0.138066 0.510187 0.138066 0.507251 0.1636271 0.510187 0.1509889 0.510187 0.1509889 0.507251 0.361934 0.510187 0.349011 0.510187 0.349011 0.507251 0.1758421 0.510187 0.1636271 0.510187 0.1636271 0.507251 0.1875 0.510187 0.1758421 0.510187 0.1758421 0.507251 0.349011 0.510187 0.3363729 0.510187 0.3363729 0.507251 0.1984731 0.510187 0.1875 0.510187 0.1875 0.507251 0.2086413 0.510187 0.1984731 0.510187 0.1984731 0.507251 0.3363729 0.510187 0.3241579 0.510187 0.3241579 0.507251 0.2913587 0.510187 0.2821069 0.510187 0.2821069 0.507251 0.3015269 0.510187 0.2913587 0.510187 0.2913587 0.507251 0.3241579 0.510187 0.3125 0.510187 0.3125 0.507251 0.3125 0.510187 0.3015269 0.510187 0.3015269 0.507251 0.3376365 0.4798058 0.3433685 0.4621647 0.3537178 0.4649377 0.3258212 0.4752704 0.3333658 0.4583249 0.3433685 0.4621647 0.3238192 0.4534607 0.3333658 0.4583249 0.3258212 0.4752704 0.3148334 0.4476253 0.3238192 0.4534607 0.3145447 0.4695246 0.3065068 0.4408825 0.3148334 0.4476253 0.3039305 0.4626317 0.2989305 0.4333062 0.3065068 0.4408825 0.294095 0.4546671 0.2771813 0.4358825 0.2921878 0.4249796 0.2989305 0.4333062 0.2702884 0.4252683 0.2863523 0.4159938 0.2921878 0.4249796 0.2645426 0.4139918 0.2814881 0.4064472 0.2863523 0.4159938 0.2776484 0.3964444 0.2814881 0.4064472 0.2645426 0.4139918 0.2748753 0.3860952 0.2776484 0.3964444 0.2600072 0.4021764 0.2547518 0.3774517 0.2731992 0.3755127 0.2748753 0.3860952 0.2726384 0.364813 0.2731992 0.3755127 0.2547518 0.3774517 0.2547518 0.3521744 0.2731992 0.3541133 0.2726384 0.364813 0.2748753 0.3435309 0.2731992 0.3541133 0.2547518 0.3521744 0.2600072 0.3274496 0.2776484 0.3331815 0.2748753 0.3435309 0.2645426 0.3156343 0.2814881 0.3231788 0.2776484 0.3331815 0.2863523 0.3136323 0.2814881 0.3231788 0.2645426 0.3156343 0.2921878 0.3046464 0.2863523 0.3136323 0.2702884 0.3043577 0.2989305 0.2963197 0.2921878 0.3046464 0.2771813 0.2937435 0.3065068 0.2887436 0.2989305 0.2963197 0.2851459 0.283908 0.3039305 0.2669942 0.3148334 0.2820008 0.3065068 0.2887436 0.3145447 0.2601013 0.3238192 0.2761654 0.3148334 0.2820008 0.3258212 0.2543557 0.3333658 0.271301 0.3238192 0.2761654 0.3433685 0.2674614 0.3333658 0.271301 0.3258212 0.2543557 0.3537178 0.2646883 0.3433685 0.2674614 0.3376365 0.2498202 0.3623614 0.2445647 0.3643003 0.2630122 0.3537178 0.2646883 0.375 0.2624514 0.3643003 0.2630122 0.3623614 0.2445647 0.3876386 0.2445647 0.3856997 0.2630122 0.375 0.2624514 0.3962821 0.2646883 0.3856997 0.2630122 0.3876386 0.2445647 0.4123634 0.2498202 0.4066315 0.2674614 0.3962821 0.2646883 0.4241788 0.2543557 0.4166342 0.271301 0.4066315 0.2674614 0.4261808 0.2761654 0.4166342 0.271301 0.4241788 0.2543557 0.4351666 0.2820008 0.4261808 0.2761654 0.4354553 0.2601013 0.4434933 0.2887436 0.4351666 0.2820008 0.4460695 0.2669942 0.4510694 0.2963197 0.4434933 0.2887436 0.455905 0.274959 0.4728187 0.2937435 0.4578122 0.3046464 0.4510694 0.2963197 0.4797117 0.3043577 0.4636477 0.3136323 0.4578122 0.3046464 0.4854573 0.3156343 0.4685119 0.3231788 0.4636477 0.3136323 0.4723516 0.3331815 0.4685119 0.3231788 0.4854573 0.3156343 0.4751247 0.3435309 0.4723516 0.3331815 0.4899928 0.3274496 0.4952482 0.3521744 0.4768008 0.3541133 0.4751247 0.3435309 0.4773615 0.364813 0.4768008 0.3541133 0.4952482 0.3521744 0.4952482 0.3774517 0.4768008 0.3755127 0.4773615 0.364813 0.4751247 0.3860952 0.4768008 0.3755127 0.4952482 0.3774517 0.4899928 0.4021764 0.4723516 0.3964444 0.4751247 0.3860952 0.4854573 0.4139918 0.4685119 0.4064472 0.4723516 0.3964444 0.4636477 0.4159938 0.4685119 0.4064472 0.4854573 0.4139918 0.4578122 0.4249796 0.4636477 0.4159938 0.4797117 0.4252683 0.4510694 0.4333062 0.4578122 0.4249796 0.4728187 0.4358825 0.4434933 0.4408825 0.4510694 0.4333062 0.4648541 0.4457181 0.4460695 0.4626317 0.4351666 0.4476253 0.4434933 0.4408825 0.4354553 0.4695246 0.4261808 0.4534607 0.4351666 0.4476253 0.4241788 0.4752704 0.4166342 0.4583249 0.4261808 0.4534607 0.4066315 0.4621647 0.4166342 0.4583249 0.4241788 0.4752704 0.3962821 0.4649377 0.4066315 0.4621647 0.4123634 0.4798058 0.3876386 0.4850613 0.3856997 0.4666138 0.3962821 0.4649377 0.375 0.4671745 0.3856997 0.4666138 0.3876386 0.4850613 0.3623614 0.4850613 0.3643003 0.4666138 0.375 0.4671745 0.3537178 0.4649377 0.3643003 0.4666138 0.3623614 0.4850613 0.4696189 0.3548682 0.47014 0.364813 0.4688637 0.364813 0.468061 0.3450322 0.4696189 0.3548682 0.4683495 0.3550016 0.4688637 0.364813 0.47014 0.364813 0.4696189 0.3747579 0.4654836 0.3354131 0.468061 0.3450322 0.4668125 0.3452977 0.4607487 0.3266353 0.4619148 0.3261161 0.4654836 0.3354131 0.4683495 0.3746244 0.4696189 0.3747579 0.468061 0.3845937 0.4573937 0.317243 0.4619148 0.3261161 0.4607487 0.3266353 0.4519699 0.3088911 0.4573937 0.317243 0.4562883 0.3178812 0.468061 0.3845937 0.4654836 0.394213 0.4642696 0.3938185 0.4457029 0.3011519 0.4519699 0.3088911 0.4509373 0.3096414 0.4386611 0.2941102 0.4457029 0.3011519 0.4447543 0.302006 0.4654836 0.394213 0.4619148 0.40351 0.4607487 0.4029908 0.4301717 0.2888757 0.4309219 0.2878431 0.4386611 0.2941102 0.4219318 0.2835248 0.4225701 0.2824193 0.4309219 0.2878431 0.4607487 0.4029908 0.4619148 0.40351 0.4573937 0.4123831 0.4131778 0.2790643 0.413697 0.2778982 0.4225701 0.2824193 0.4043999 0.2743294 0.413697 0.2778982 0.4131778 0.2790643 0.4562883 0.4117448 0.4573937 0.4123831 0.4519699 0.420735 0.3945153 0.2730005 0.3947807 0.271752 0.4043999 0.2743294 0.3848114 0.2714635 0.3849449 0.2701942 0.3947807 0.271752 0.4509373 0.4199847 0.4519699 0.420735 0.4457029 0.4284742 0.375 0.2709494 0.375 0.2696729 0.3849449 0.2701942 0.3650552 0.2701942 0.375 0.2696729 0.375 0.2709494 0.4457029 0.4284742 0.4386611 0.4355159 0.437807 0.4345673 0.3552193 0.271752 0.3650552 0.2701942 0.3651885 0.2714635 0.3456001 0.2743294 0.3552193 0.271752 0.3554846 0.2730005 0.4386611 0.4355159 0.4309219 0.441783 0.4301717 0.4407504 0.3368222 0.2790643 0.3363031 0.2778982 0.3456001 0.2743294 0.32743 0.2824193 0.3363031 0.2778982 0.3368222 0.2790643 0.4309219 0.441783 0.4225701 0.4472067 0.4219318 0.4461013 0.319078 0.2878431 0.32743 0.2824193 0.3280681 0.2835248 0.3113389 0.2941102 0.319078 0.2878431 0.3198283 0.2888757 0.4225701 0.4472067 0.413697 0.4517278 0.4131778 0.4505618 0.3042972 0.3011519 0.3113389 0.2941102 0.3121929 0.2950587 0.2990627 0.3096414 0.29803 0.3088911 0.3042972 0.3011519 0.4131778 0.4505618 0.413697 0.4517278 0.4043999 0.4552966 0.2937117 0.3178812 0.2926062 0.317243 0.29803 0.3088911 0.2892513 0.3266353 0.2880852 0.3261161 0.2926062 0.317243 0.4043999 0.4552966 0.3947807 0.4578741 0.3945153 0.4566255 0.2845164 0.3354131 0.2880852 0.3261161 0.2892513 0.3266353 0.281939 0.3450322 0.2845164 0.3354131 0.2857304 0.3358076 0.3947807 0.4578741 0.3849449 0.4594319 0.3848114 0.4581624 0.2816506 0.3550016 0.2803811 0.3548682 0.281939 0.3450322 0.2811363 0.364813 0.2798599 0.364813 0.2803811 0.3548682 0.3849449 0.4594319 0.375 0.4599531 0.375 0.4586767 0.2803811 0.3747579 0.2798599 0.364813 0.2811363 0.364813 0.281939 0.3845937 0.2803811 0.3747579 0.2816506 0.3746244 0.375 0.4586767 0.375 0.4599531 0.3650552 0.4594319 0.2845164 0.394213 0.281939 0.3845937 0.2831875 0.3843284 0.2892513 0.4029908 0.2880852 0.40351 0.2845164 0.394213 0.3651885 0.4581624 0.3650552 0.4594319 0.3552193 0.4578741 0.2926062 0.4123831 0.2880852 0.40351 0.2892513 0.4029908 0.29803 0.420735 0.2926062 0.4123831 0.2937117 0.4117448 0.3554846 0.4566255 0.3552193 0.4578741 0.3456001 0.4552966 0.3042972 0.4284742 0.29803 0.420735 0.2990627 0.4199847 0.3113389 0.4355159 0.3042972 0.4284742 0.3052457 0.4276201 0.3456001 0.4552966 0.3363031 0.4517278 0.3368222 0.4505618 0.3198283 0.4407504 0.319078 0.441783 0.3113389 0.4355159 0.3280681 0.4461013 0.32743 0.4472067 0.319078 0.441783 0.3368222 0.4505618 0.3363031 0.4517278 0.32743 0.4472067 0.4590243 0.3559817 0.4683495 0.3550016 0.4688637 0.364813 0.4668125 0.3452977 0.4683495 0.3550016 0.4590243 0.3559817 0.4688637 0.364813 0.4683495 0.3746244 0.4590243 0.3736444 0.4553521 0.3387051 0.4642696 0.3358076 0.4668125 0.3452977 0.4607487 0.3266353 0.4642696 0.3358076 0.4553521 0.3387051 0.4590243 0.3736444 0.4683495 0.3746244 0.4668125 0.3843284 0.448168 0.3225694 0.4562883 0.3178812 0.4607487 0.3266353 0.4433516 0.3151527 0.4509373 0.3096414 0.4562883 0.3178812 0.4668125 0.3843284 0.4642696 0.3938185 0.4553521 0.390921 0.4447543 0.302006 0.4509373 0.3096414 0.4433516 0.3151527 0.437807 0.2950587 0.4447543 0.302006 0.4377862 0.3082801 0.4553521 0.390921 0.4642696 0.3938185 0.4607487 0.4029908 0.4246603 0.2964615 0.4301717 0.2888757 0.437807 0.2950587 0.4219318 0.2835248 0.4301717 0.2888757 0.4246603 0.2964615 0.4607487 0.4029908 0.4562883 0.4117448 0.448168 0.4070566 0.4131778 0.2790643 0.4219318 0.2835248 0.4172435 0.2916449 0.401108 0.2844609 0.4040055 0.2755433 0.4131778 0.2790643 0.4562883 0.4117448 0.4509373 0.4199847 0.4433516 0.4144733 0.3945153 0.2730005 0.4040055 0.2755433 0.401108 0.2844609 0.3838313 0.2807887 0.3848114 0.2714635 0.3945153 0.2730005 0.4433516 0.4144733 0.4509373 0.4199847 0.4447543 0.4276201 0.375 0.2709494 0.3848114 0.2714635 0.3838313 0.2807887 0.3661687 0.2807887 0.3651885 0.2714635 0.375 0.2709494 0.4377862 0.421346 0.4447543 0.4276201 0.437807 0.4345673 0.3554846 0.2730005 0.3651885 0.2714635 0.3661687 0.2807887 0.348892 0.2844609 0.3459945 0.2755433 0.3554846 0.2730005 0.437807 0.4345673 0.4301717 0.4407504 0.4246603 0.4331646 0.3368222 0.2790643 0.3459945 0.2755433 0.348892 0.2844609 0.3327564 0.2916449 0.3280681 0.2835248 0.3368222 0.2790643 0.4246603 0.4331646 0.4301717 0.4407504 0.4219318 0.4461013 0.3253397 0.2964615 0.3198283 0.2888757 0.3280681 0.2835248 0.3121929 0.2950587 0.3198283 0.2888757 0.3253397 0.2964615 0.4172435 0.437981 0.4219318 0.4461013 0.4131778 0.4505618 0.3122138 0.3082801 0.3052457 0.302006 0.3121929 0.2950587 0.3066484 0.3151527 0.2990627 0.3096414 0.3052457 0.302006 0.4131778 0.4505618 0.4040055 0.4540826 0.401108 0.445165 0.2937117 0.3178812 0.2990627 0.3096414 0.3066484 0.3151527 0.2892513 0.3266353 0.2937117 0.3178812 0.301832 0.3225694 0.401108 0.445165 0.4040055 0.4540826 0.3945153 0.4566255 0.2946479 0.3387051 0.2857304 0.3358076 0.2892513 0.3266353 0.2831875 0.3452977 0.2857304 0.3358076 0.2946479 0.3387051 0.3945153 0.4566255 0.3848114 0.4581624 0.3838313 0.4488374 0.2909756 0.3559817 0.2816506 0.3550016 0.2831875 0.3452977 0.2811363 0.364813 0.2816506 0.3550016 0.2909756 0.3559817 0.3838313 0.4488374 0.3848114 0.4581624 0.375 0.4586767 0.2909756 0.3736444 0.2816506 0.3746244 0.2811363 0.364813 0.2831875 0.3843284 0.2816506 0.3746244 0.2909756 0.3736444 0.375 0.4586767 0.3651885 0.4581624 0.3661687 0.4488374 0.2946479 0.390921 0.2857304 0.3938185 0.2831875 0.3843284 0.2892513 0.4029908 0.2857304 0.3938185 0.2946479 0.390921 0.3661687 0.4488374 0.3651885 0.4581624 0.3554846 0.4566255 0.301832 0.4070566 0.2937117 0.4117448 0.2892513 0.4029908 0.3066484 0.4144733 0.2990627 0.4199847 0.2937117 0.4117448 0.3554846 0.4566255 0.3459945 0.4540826 0.348892 0.445165 0.3052457 0.4276201 0.2990627 0.4199847 0.3066484 0.4144733 0.3121929 0.4345673 0.3052457 0.4276201 0.3122138 0.421346 0.348892 0.445165 0.3459945 0.4540826 0.3368222 0.4505618 0.3253397 0.4331646 0.3198283 0.4407504 0.3121929 0.4345673 0.3280681 0.4461013 0.3198283 0.4407504 0.3253397 0.4331646 0.3368222 0.4505618 0.3280681 0.4461013 0.3327564 0.437981 0.3547995 0.4598491 0.3449761 0.457217 0.3456001 0.4552966 0.3456001 0.4552966 0.3449761 0.457217 0.3354818 0.4535724 0.3363031 0.4517278 0.3354818 0.4535724 0.3264204 0.4489554 0.3264204 0.4489554 0.3178912 0.4434165 0.319078 0.441783 0.3178912 0.4434165 0.3099877 0.4370164 0.3113389 0.4355159 0.3099877 0.4370164 0.3027966 0.4298253 0.3042972 0.4284742 0.3042972 0.4284742 0.3027966 0.4298253 0.2963965 0.4219219 0.29803 0.420735 0.2963965 0.4219219 0.2908576 0.4133927 0.2908576 0.4133927 0.2862406 0.4043312 0.2880852 0.40351 0.2862406 0.4043312 0.282596 0.3948369 0.2845164 0.394213 0.2845164 0.394213 0.282596 0.3948369 0.2799639 0.3850136 0.281939 0.3845937 0.2799639 0.3850136 0.278373 0.3749689 0.2803811 0.3747579 0.278373 0.3749689 0.2778407 0.364813 0.2778407 0.364813 0.278373 0.3546571 0.2803811 0.3548682 0.278373 0.3546571 0.2799639 0.3446125 0.281939 0.3450322 0.2799639 0.3446125 0.282596 0.3347892 0.2845164 0.3354131 0.2845164 0.3354131 0.282596 0.3347892 0.2862406 0.3252947 0.2880852 0.3261161 0.2862406 0.3252947 0.2908576 0.3162334 0.2908576 0.3162334 0.2963965 0.3077042 0.29803 0.3088911 0.2963965 0.3077042 0.3027966 0.2998008 0.3042972 0.3011519 0.3027966 0.2998008 0.3099877 0.2926096 0.3113389 0.2941102 0.3113389 0.2941102 0.3099877 0.2926096 0.3178912 0.2862095 0.319078 0.2878431 0.3178912 0.2862095 0.3264204 0.2806707 0.3264204 0.2806707 0.3354818 0.2760536 0.3363031 0.2778982 0.3354818 0.2760536 0.3449761 0.2724091 0.3456001 0.2743294 0.3456001 0.2743294 0.3449761 0.2724091 0.3547995 0.2697769 0.3552193 0.271752 0.3547995 0.2697769 0.3648441 0.268186 0.3650552 0.2701942 0.3648441 0.268186 0.375 0.2676537 0.375 0.2676537 0.3851559 0.268186 0.3849449 0.2701942 0.3851559 0.268186 0.3952006 0.2697769 0.3947807 0.271752 0.3952006 0.2697769 0.4050239 0.2724091 0.4043999 0.2743294 0.4043999 0.2743294 0.4050239 0.2724091 0.4145182 0.2760536 0.413697 0.2778982 0.4145182 0.2760536 0.4235796 0.2806707 0.4235796 0.2806707 0.4321088 0.2862095 0.4309219 0.2878431 0.4321088 0.2862095 0.4400122 0.2926096 0.4386611 0.2941102 0.4400122 0.2926096 0.4472034 0.2998008 0.4457029 0.3011519 0.4457029 0.3011519 0.4472034 0.2998008 0.4536035 0.3077042 0.4519699 0.3088911 0.4536035 0.3077042 0.4591424 0.3162334 0.4591424 0.3162334 0.4637594 0.3252947 0.4619148 0.3261161 0.4637594 0.3252947 0.467404 0.3347892 0.4654836 0.3354131 0.4654836 0.3354131 0.467404 0.3347892 0.4700361 0.3446125 0.468061 0.3450322 0.4700361 0.3446125 0.471627 0.3546571 0.4696189 0.3548682 0.471627 0.3546571 0.4721593 0.364813 0.4721593 0.364813 0.471627 0.3749689 0.4696189 0.3747579 0.471627 0.3749689 0.4700361 0.3850136 0.468061 0.3845937 0.4700361 0.3850136 0.467404 0.3948369 0.4654836 0.394213 0.4654836 0.394213 0.467404 0.3948369 0.4637594 0.4043312 0.4619148 0.40351 0.4637594 0.4043312 0.4591424 0.4133927 0.4591424 0.4133927 0.4536035 0.4219219 0.4519699 0.420735 0.4536035 0.4219219 0.4472034 0.4298253 0.4457029 0.4284742 0.4472034 0.4298253 0.4400122 0.4370164 0.4386611 0.4355159 0.4386611 0.4355159 0.4400122 0.4370164 0.4321088 0.4434165 0.4309219 0.441783 0.4321088 0.4434165 0.4235796 0.4489554 0.4235796 0.4489554 0.4145182 0.4535724 0.413697 0.4517278 0.4145182 0.4535724 0.4050239 0.457217 0.4043999 0.4552966 0.4043999 0.4552966 0.4050239 0.457217 0.3952006 0.4598491 0.3947807 0.4578741 0.3952006 0.4598491 0.3851559 0.4614401 0.3849449 0.4594319 0.3851559 0.4614401 0.375 0.4619722 0.375 0.4619722 0.3648441 0.4614401 0.3650552 0.4594319 0.3648441 0.4614401 0.3547995 0.4598491 0.3552193 0.4578741 0.3547995 0.4598491 0.3542402 0.46248 0.344145 0.459775 0.3542402 0.46248 0.3537178 0.4649377 0.3433685 0.4621647 0.344145 0.459775 0.3343878 0.4560295 0.3354818 0.4535724 0.344145 0.459775 0.3433685 0.4621647 0.3333658 0.4583249 0.3343878 0.4560295 0.3250756 0.4512847 0.3264204 0.4489554 0.3343878 0.4560295 0.3333658 0.4583249 0.3238192 0.4534607 0.3250756 0.4512847 0.3163103 0.4455924 0.3178912 0.4434165 0.3250756 0.4512847 0.3238192 0.4534607 0.3148334 0.4476253 0.3163103 0.4455924 0.3081881 0.4390152 0.3099877 0.4370164 0.3163103 0.4455924 0.3148334 0.4476253 0.3065068 0.4408825 0.3081881 0.4390152 0.3007978 0.4316249 0.3027966 0.4298253 0.3065068 0.4408825 0.2989305 0.4333062 0.3007978 0.4316249 0.3027966 0.4298253 0.3007978 0.4316249 0.2942206 0.4235027 0.2989305 0.4333062 0.2921878 0.4249796 0.2942206 0.4235027 0.2963965 0.4219219 0.2942206 0.4235027 0.2885283 0.4147375 0.2921878 0.4249796 0.2863523 0.4159938 0.2885283 0.4147375 0.2908576 0.4133927 0.2885283 0.4147375 0.2837835 0.4054252 0.2863523 0.4159938 0.2814881 0.4064472 0.2837835 0.4054252 0.2862406 0.4043312 0.2837835 0.4054252 0.2800381 0.395668 0.2814881 0.4064472 0.2776484 0.3964444 0.2800381 0.395668 0.2800381 0.395668 0.2773331 0.3855728 0.2799639 0.3850136 0.2776484 0.3964444 0.2748753 0.3860952 0.2773331 0.3855728 0.2773331 0.3855728 0.2756981 0.3752501 0.278373 0.3749689 0.2773331 0.3855728 0.2748753 0.3860952 0.2731992 0.3755127 0.2756981 0.3752501 0.2751511 0.364813 0.2778407 0.364813 0.2731992 0.3755127 0.2726384 0.364813 0.2751511 0.364813 0.2751511 0.364813 0.2756981 0.354376 0.278373 0.3546571 0.2751511 0.364813 0.2726384 0.364813 0.2731992 0.3541133 0.278373 0.3546571 0.2756981 0.354376 0.2773331 0.3440533 0.2731992 0.3541133 0.2748753 0.3435309 0.2773331 0.3440533 0.2799639 0.3446125 0.2773331 0.3440533 0.2800381 0.333958 0.2773331 0.3440533 0.2748753 0.3435309 0.2776484 0.3331815 0.2800381 0.333958 0.2837835 0.3242009 0.2862406 0.3252947 0.2800381 0.333958 0.2776484 0.3331815 0.2814881 0.3231788 0.2837835 0.3242009 0.2885283 0.3148886 0.2908576 0.3162334 0.2837835 0.3242009 0.2814881 0.3231788 0.2863523 0.3136323 0.2885283 0.3148886 0.2942206 0.3061234 0.2963965 0.3077042 0.2885283 0.3148886 0.2863523 0.3136323 0.2921878 0.3046464 0.2942206 0.3061234 0.3007978 0.2980011 0.3027966 0.2998008 0.2942206 0.3061234 0.2921878 0.3046464 0.2989305 0.2963197 0.3007978 0.2980011 0.3081881 0.2906108 0.3099877 0.2926096 0.2989305 0.2963197 0.3065068 0.2887436 0.3081881 0.2906108 0.3099877 0.2926096 0.3081881 0.2906108 0.3163103 0.2840335 0.3065068 0.2887436 0.3148334 0.2820008 0.3163103 0.2840335 0.3178912 0.2862095 0.3163103 0.2840335 0.3250756 0.2783414 0.3148334 0.2820008 0.3238192 0.2761654 0.3250756 0.2783414 0.3264204 0.2806707 0.3250756 0.2783414 0.3343878 0.2735965 0.3238192 0.2761654 0.3333658 0.271301 0.3343878 0.2735965 0.3354818 0.2760536 0.3343878 0.2735965 0.344145 0.2698511 0.3333658 0.271301 0.3433685 0.2674614 0.344145 0.2698511 0.344145 0.2698511 0.3542402 0.2671461 0.3547995 0.2697769 0.3433685 0.2674614 0.3537178 0.2646883 0.3542402 0.2671461 0.3542402 0.2671461 0.3645629 0.2655112 0.3648441 0.268186 0.3542402 0.2671461 0.3537178 0.2646883 0.3643003 0.2630122 0.3645629 0.2655112 0.375 0.2649641 0.375 0.2676537 0.3643003 0.2630122 0.375 0.2624514 0.375 0.2649641 0.375 0.2649641 0.385437 0.2655112 0.3851559 0.268186 0.375 0.2649641 0.375 0.2624514 0.3856997 0.2630122 0.3851559 0.268186 0.385437 0.2655112 0.3957597 0.2671461 0.3856997 0.2630122 0.3962821 0.2646883 0.3957597 0.2671461 0.3952006 0.2697769 0.3957597 0.2671461 0.405855 0.2698511 0.3957597 0.2671461 0.3962821 0.2646883 0.4066315 0.2674614 0.405855 0.2698511 0.4156122 0.2735965 0.4145182 0.2760536 0.405855 0.2698511 0.4066315 0.2674614 0.4166342 0.271301 0.4156122 0.2735965 0.4249244 0.2783414 0.4235796 0.2806707 0.4156122 0.2735965 0.4166342 0.271301 0.4261808 0.2761654 0.4249244 0.2783414 0.4336897 0.2840335 0.4321088 0.2862095 0.4249244 0.2783414 0.4261808 0.2761654 0.4351666 0.2820008 0.4336897 0.2840335 0.4418119 0.2906108 0.4400122 0.2926096 0.4336897 0.2840335 0.4351666 0.2820008 0.4434933 0.2887436 0.4418119 0.2906108 0.4492022 0.2980011 0.4472034 0.2998008 0.4434933 0.2887436 0.4510694 0.2963197 0.4492022 0.2980011 0.4472034 0.2998008 0.4492022 0.2980011 0.4557794 0.3061234 0.4510694 0.2963197 0.4578122 0.3046464 0.4557794 0.3061234 0.4536035 0.3077042 0.4557794 0.3061234 0.4614716 0.3148886 0.4578122 0.3046464 0.4636477 0.3136323 0.4614716 0.3148886 0.4591424 0.3162334 0.4614716 0.3148886 0.4662165 0.3242009 0.4636477 0.3136323 0.4685119 0.3231788 0.4662165 0.3242009 0.4637594 0.3252947 0.4662165 0.3242009 0.4699619 0.333958 0.4685119 0.3231788 0.4723516 0.3331815 0.4699619 0.333958 0.4699619 0.333958 0.4726669 0.3440533 0.4700361 0.3446125 0.4723516 0.3331815 0.4751247 0.3435309 0.4726669 0.3440533 0.4726669 0.3440533 0.4743019 0.354376 0.471627 0.3546571 0.4726669 0.3440533 0.4751247 0.3435309 0.4768008 0.3541133 0.4743019 0.354376 0.4748489 0.364813 0.4721593 0.364813 0.4768008 0.3541133 0.4773615 0.364813 0.4748489 0.364813 0.4748489 0.364813 0.4743019 0.3752501 0.471627 0.3749689 0.4748489 0.364813 0.4773615 0.364813 0.4768008 0.3755127 0.471627 0.3749689 0.4743019 0.3752501 0.4726669 0.3855728 0.4768008 0.3755127 0.4751247 0.3860952 0.4726669 0.3855728 0.4700361 0.3850136 0.4726669 0.3855728 0.4699619 0.395668 0.4726669 0.3855728 0.4751247 0.3860952 0.4723516 0.3964444 0.4699619 0.395668 0.4662165 0.4054252 0.4637594 0.4043312 0.4699619 0.395668 0.4723516 0.3964444 0.4685119 0.4064472 0.4662165 0.4054252 0.4614716 0.4147375 0.4591424 0.4133927 0.4662165 0.4054252 0.4685119 0.4064472 0.4636477 0.4159938 0.4614716 0.4147375 0.4557794 0.4235027 0.4536035 0.4219219 0.4614716 0.4147375 0.4636477 0.4159938 0.4578122 0.4249796 0.4557794 0.4235027 0.4492022 0.4316249 0.4472034 0.4298253 0.4557794 0.4235027 0.4578122 0.4249796 0.4510694 0.4333062 0.4492022 0.4316249 0.4418119 0.4390152 0.4400122 0.4370164 0.4510694 0.4333062 0.4434933 0.4408825 0.4418119 0.4390152 0.4400122 0.4370164 0.4418119 0.4390152 0.4336897 0.4455924 0.4434933 0.4408825 0.4351666 0.4476253 0.4336897 0.4455924 0.4321088 0.4434165 0.4336897 0.4455924 0.4249244 0.4512847 0.4351666 0.4476253 0.4261808 0.4534607 0.4249244 0.4512847 0.4235796 0.4489554 0.4249244 0.4512847 0.4156122 0.4560295 0.4261808 0.4534607 0.4166342 0.4583249 0.4156122 0.4560295 0.4145182 0.4535724 0.4156122 0.4560295 0.405855 0.459775 0.4166342 0.4583249 0.4066315 0.4621647 0.405855 0.459775 0.405855 0.459775 0.3957597 0.46248 0.3952006 0.4598491 0.4066315 0.4621647 0.3962821 0.4649377 0.3957597 0.46248 0.3957597 0.46248 0.385437 0.4641149 0.3851559 0.4614401 0.3957597 0.46248 0.3962821 0.4649377 0.3856997 0.4666138 0.385437 0.4641149 0.375 0.4646618 0.375 0.4619722 0.3856997 0.4666138 0.375 0.4671745 0.375 0.4646618 0.375 0.4646618 0.3645629 0.4641149 0.3648441 0.4614401 0.375 0.4646618 0.375 0.4671745 0.3643003 0.4666138 0.3648441 0.4614401 0.3645629 0.4641149 0.3542402 0.46248 0.3643003 0.4666138 0.3537178 0.4649377 0.3542402 0.46248 0.5 0.364813 0.499515 0.364813 0.4988329 0.3517977 0.4988329 0.3778284 0.499515 0.364813 0.5 0.364813 0.4993152 0.3517469 0.4988329 0.3517977 0.4967941 0.3389249 0.4972684 0.338824 0.4967941 0.3389249 0.4934208 0.3263358 0.4967941 0.3907012 0.4988329 0.3778284 0.4993152 0.377879 0.4934208 0.3263358 0.4887501 0.3141682 0.4891932 0.3139709 0.4887501 0.3141682 0.4828332 0.3025556 0.4832532 0.302313 0.4934208 0.4032903 0.4967941 0.3907012 0.4972684 0.390802 0.4828332 0.3025556 0.4757347 0.2916249 0.4761271 0.2913399 0.4761271 0.2913399 0.4757347 0.2916249 0.4675326 0.2814962 0.4891932 0.4156551 0.4887501 0.4154579 0.4934208 0.4032903 0.4678931 0.2811717 0.4675326 0.2814962 0.4583168 0.2722803 0.4583168 0.2722803 0.4481881 0.2640783 0.4484732 0.263686 0.4832532 0.427313 0.4828332 0.4270705 0.4887501 0.4154579 0.4481881 0.2640783 0.4372575 0.2569798 0.4375 0.2565599 0.4375 0.2565599 0.4372575 0.2569798 0.4256448 0.2510629 0.4761271 0.4382862 0.4757347 0.438001 0.4828332 0.4270705 0.4258421 0.2506198 0.4256448 0.2510629 0.4134773 0.2463922 0.4134773 0.2463922 0.4008881 0.2430189 0.4009889 0.2425445 0.4675326 0.4481298 0.4757347 0.438001 0.4761271 0.4382862 0.4008881 0.2430189 0.3880153 0.2409801 0.3880661 0.2404978 0.3880153 0.2409801 0.375 0.240298 0.375 0.2398129 0.4583168 0.4573457 0.4675326 0.4481298 0.4678931 0.4484544 0.375 0.2398129 0.375 0.240298 0.3619846 0.2409801 0.361934 0.2404978 0.3619846 0.2409801 0.3491119 0.2430189 0.4484732 0.4659401 0.4481881 0.4655478 0.4583168 0.4573457 0.349011 0.2425445 0.3491119 0.2430189 0.3365228 0.2463922 0.3365228 0.2463922 0.3243552 0.2510629 0.3241579 0.2506198 0.4372575 0.4726461 0.4481881 0.4655478 0.4484732 0.4659401 0.3243552 0.2510629 0.3127425 0.2569798 0.3125 0.2565599 0.3127425 0.2569798 0.3018119 0.2640783 0.3015269 0.263686 0.4256448 0.4785631 0.4372575 0.4726461 0.4375 0.4730662 0.3015269 0.263686 0.3018119 0.2640783 0.2916832 0.2722803 0.2916832 0.2722803 0.2824673 0.2814962 0.2821069 0.2811717 0.4134773 0.4832338 0.4256448 0.4785631 0.4258421 0.4790062 0.2824673 0.2814962 0.2742652 0.2916249 0.2738729 0.2913399 0.2738729 0.2913399 0.2742652 0.2916249 0.2671669 0.3025556 0.4009889 0.4870814 0.4008881 0.4866071 0.4134773 0.4832338 0.2667468 0.302313 0.2671669 0.3025556 0.2612499 0.3141682 0.2608068 0.3139709 0.2612499 0.3141682 0.2565792 0.3263358 0.3880661 0.4891282 0.3880153 0.4886459 0.4008881 0.4866071 0.2565792 0.3263358 0.253206 0.3389249 0.2527316 0.338824 0.253206 0.3389249 0.2511671 0.3517977 0.2506847 0.3517469 0.375 0.489813 0.375 0.489328 0.3880153 0.4886459 0.2511671 0.3517977 0.250485 0.364813 0.25 0.364813 0.25 0.364813 0.250485 0.364813 0.2511671 0.3778284 0.3619846 0.4886459 0.375 0.489328 0.375 0.489813 0.2506847 0.377879 0.2511671 0.3778284 0.253206 0.3907012 0.2527316 0.390802 0.253206 0.3907012 0.2565792 0.4032903 0.3491119 0.4866071 0.3619846 0.4886459 0.361934 0.4891282 0.2565792 0.4032903 0.2612499 0.4154579 0.2608068 0.4156551 0.2612499 0.4154579 0.2671669 0.4270705 0.2667468 0.427313 0.3365228 0.4832338 0.3491119 0.4866071 0.349011 0.4870814 0.2671669 0.4270705 0.2742652 0.438001 0.2738729 0.4382862 0.2738729 0.4382862 0.2742652 0.438001 0.2824673 0.4481298 0.3241579 0.4790062 0.3243552 0.4785631 0.3365228 0.4832338 0.2821069 0.4484544 0.2824673 0.4481298 0.2916832 0.4573457 0.2916832 0.4573457 0.3018119 0.4655478 0.3015269 0.4659401 0.3125 0.4730662 0.3127425 0.4726461 0.3243552 0.4785631 0.3018119 0.4655478 0.3127425 0.4726461 0.3125 0.4730662 0.499515 0.364813 0.49806 0.364813 0.4973859 0.3519497 0.4959106 0.364813 0.4952482 0.3521744 0.4973859 0.3519497 0.4973859 0.3776763 0.49806 0.364813 0.499515 0.364813 0.4973859 0.3776763 0.4952482 0.3774517 0.4959106 0.364813 0.4973859 0.3519497 0.4953708 0.3392274 0.4967941 0.3389249 0.4952482 0.3521744 0.4932684 0.3396742 0.4953708 0.3392274 0.4953708 0.3392274 0.492037 0.3267853 0.4934208 0.3263358 0.4953708 0.3392274 0.4932684 0.3396742 0.4899928 0.3274496 0.4967941 0.3907012 0.4953708 0.3903986 0.4973859 0.3776763 0.4953708 0.3903986 0.4932684 0.3899517 0.4952482 0.3774517 0.4934208 0.3263358 0.492037 0.3267853 0.4874209 0.31476 0.4899928 0.3274496 0.4854573 0.3156343 0.4874209 0.31476 0.4874209 0.31476 0.4815731 0.303283 0.4828332 0.3025556 0.4854573 0.3156343 0.4797117 0.3043577 0.4815731 0.303283 0.4934208 0.4032903 0.492037 0.4028406 0.4953708 0.3903986 0.4899928 0.4021764 0.4932684 0.3899517 0.4953708 0.3903986 0.4828332 0.3025556 0.4815731 0.303283 0.4745576 0.2924801 0.4797117 0.3043577 0.4728187 0.2937435 0.4745576 0.2924801 0.4757347 0.2916249 0.4745576 0.2924801 0.4664514 0.2824698 0.4728187 0.2937435 0.4648541 0.283908 0.4664514 0.2824698 0.4874209 0.414866 0.492037 0.4028406 0.4934208 0.4032903 0.4874209 0.414866 0.4854573 0.4139918 0.4899928 0.4021764 0.4664514 0.2824698 0.4573432 0.2733616 0.4583168 0.2722803 0.4648541 0.283908 0.455905 0.274959 0.4573432 0.2733616 0.4573432 0.2733616 0.4473329 0.2652553 0.4481881 0.2640783 0.4573432 0.2733616 0.455905 0.274959 0.4460695 0.2669942 0.4828332 0.4270705 0.4815731 0.426343 0.4874209 0.414866 0.4815731 0.426343 0.4797117 0.4252683 0.4854573 0.4139918 0.4473329 0.2652553 0.43653 0.2582399 0.4372575 0.2569798 0.4473329 0.2652553 0.4460695 0.2669942 0.4354553 0.2601013 0.4372575 0.2569798 0.43653 0.2582399 0.425053 0.2523921 0.43653 0.2582399 0.4354553 0.2601013 0.4241788 0.2543557 0.4745576 0.4371458 0.4815731 0.426343 0.4828332 0.4270705 0.4745576 0.4371458 0.4728187 0.4358825 0.4797117 0.4252683 0.425053 0.2523921 0.4130277 0.247776 0.4134773 0.2463922 0.425053 0.2523921 0.4241788 0.2543557 0.4123634 0.2498202 0.4134773 0.2463922 0.4130277 0.247776 0.4005856 0.2444421 0.4123634 0.2498202 0.4001387 0.2465445 0.4005856 0.2444421 0.4664514 0.4471562 0.4745576 0.4371458 0.4757347 0.438001 0.4664514 0.4471562 0.4648541 0.4457181 0.4728187 0.4358825 0.4008881 0.2430189 0.4005856 0.2444421 0.3878633 0.2424271 0.4005856 0.2444421 0.4001387 0.2465445 0.3876386 0.2445647 0.3878633 0.2424271 0.375 0.2417529 0.375 0.240298 0.3878633 0.2424271 0.3876386 0.2445647 0.375 0.2439024 0.4583168 0.4573457 0.4573432 0.4562644 0.4664514 0.4471562 0.455905 0.4546671 0.4648541 0.4457181 0.4664514 0.4471562 0.375 0.240298 0.375 0.2417529 0.3621367 0.2424271 0.375 0.2439024 0.3623614 0.2445647 0.3621367 0.2424271 0.3621367 0.2424271 0.3494144 0.2444421 0.3491119 0.2430189 0.3623614 0.2445647 0.3498613 0.2465445 0.3494144 0.2444421 0.4481881 0.4655478 0.4473329 0.4643706 0.4573432 0.4562644 0.4460695 0.4626317 0.455905 0.4546671 0.4573432 0.4562644 0.3494144 0.2444421 0.3369724 0.247776 0.3365228 0.2463922 0.3494144 0.2444421 0.3498613 0.2465445 0.3376365 0.2498202 0.3365228 0.2463922 0.3369724 0.247776 0.324947 0.2523921 0.3376365 0.2498202 0.3258212 0.2543557 0.324947 0.2523921 0.4372575 0.4726461 0.43653 0.4713861 0.4473329 0.4643706 0.4354553 0.4695246 0.4460695 0.4626317 0.4473329 0.4643706 0.324947 0.2523921 0.31347 0.2582399 0.3127425 0.2569798 0.3258212 0.2543557 0.3145447 0.2601013 0.31347 0.2582399 0.3127425 0.2569798 0.31347 0.2582399 0.3026672 0.2652553 0.3145447 0.2601013 0.3039305 0.2669942 0.3026672 0.2652553 0.425053 0.4772339 0.43653 0.4713861 0.4372575 0.4726461 0.4241788 0.4752704 0.4354553 0.4695246 0.43653 0.4713861 0.3018119 0.2640783 0.3026672 0.2652553 0.2926568 0.2733616 0.3039305 0.2669942 0.294095 0.274959 0.2926568 0.2733616 0.2916832 0.2722803 0.2926568 0.2733616 0.2835486 0.2824698 0.294095 0.274959 0.2851459 0.283908 0.2835486 0.2824698 0.4134773 0.4832338 0.4130277 0.48185 0.425053 0.4772339 0.4123634 0.4798058 0.4241788 0.4752704 0.425053 0.4772339 0.2835486 0.2824698 0.2754424 0.2924801 0.2742652 0.2916249 0.2835486 0.2824698 0.2851459 0.283908 0.2771813 0.2937435 0.2754424 0.2924801 0.2684269 0.303283 0.2671669 0.3025556 0.2754424 0.2924801 0.2771813 0.2937435 0.2702884 0.3043577 0.4005856 0.4851838 0.4130277 0.48185 0.4134773 0.4832338 0.4005856 0.4851838 0.4001387 0.4830815 0.4123634 0.4798058 0.2671669 0.3025556 0.2684269 0.303283 0.2625791 0.31476 0.2684269 0.303283 0.2702884 0.3043577 0.2645426 0.3156343 0.2625791 0.31476 0.257963 0.3267853 0.2565792 0.3263358 0.2625791 0.31476 0.2645426 0.3156343 0.2600072 0.3274496 0.3878633 0.4871988 0.4005856 0.4851838 0.4008881 0.4866071 0.3876386 0.4850613 0.4001387 0.4830815 0.4005856 0.4851838 0.2565792 0.3263358 0.257963 0.3267853 0.2546291 0.3392274 0.2600072 0.3274496 0.2567316 0.3396742 0.2546291 0.3392274 0.253206 0.3389249 0.2546291 0.3392274 0.2526142 0.3519497 0.2546291 0.3392274 0.2567316 0.3396742 0.2547518 0.3521744 0.375 0.489328 0.375 0.487873 0.3878633 0.4871988 0.375 0.4857236 0.3876386 0.4850613 0.3878633 0.4871988 0.2526142 0.3519497 0.25194 0.364813 0.250485 0.364813 0.2526142 0.3519497 0.2547518 0.3521744 0.2540894 0.364813 0.250485 0.364813 0.25194 0.364813 0.2526142 0.3776763 0.2540894 0.364813 0.2547518 0.3774517 0.2526142 0.3776763 0.3621367 0.4871988 0.375 0.487873 0.375 0.489328 0.3621367 0.4871988 0.3623614 0.4850613 0.375 0.4857236 0.2526142 0.3776763 0.2546291 0.3903986 0.253206 0.3907012 0.2547518 0.3774517 0.2567316 0.3899517 0.2546291 0.3903986 0.2546291 0.3903986 0.257963 0.4028406 0.2565792 0.4032903 0.2546291 0.3903986 0.2567316 0.3899517 0.2600072 0.4021764 0.3491119 0.4866071 0.3494144 0.4851838 0.3621367 0.4871988 0.3494144 0.4851838 0.3498613 0.4830815 0.3623614 0.4850613 0.2565792 0.4032903 0.257963 0.4028406 0.2625791 0.414866 0.2600072 0.4021764 0.2645426 0.4139918 0.2625791 0.414866 0.2625791 0.414866 0.2684269 0.426343 0.2671669 0.4270705 0.2645426 0.4139918 0.2702884 0.4252683 0.2684269 0.426343 0.3365228 0.4832338 0.3369724 0.48185 0.3494144 0.4851838 0.3376365 0.4798058 0.3498613 0.4830815 0.3494144 0.4851838 0.2671669 0.4270705 0.2684269 0.426343 0.2754424 0.4371458 0.2702884 0.4252683 0.2771813 0.4358825 0.2754424 0.4371458 0.2742652 0.438001 0.2754424 0.4371458 0.2835486 0.4471562 0.2771813 0.4358825 0.2851459 0.4457181 0.2835486 0.4471562 0.324947 0.4772339 0.3369724 0.48185 0.3365228 0.4832338 0.324947 0.4772339 0.3258212 0.4752704 0.3376365 0.4798058 0.2835486 0.4471562 0.2926568 0.4562644 0.2916832 0.4573457 0.2851459 0.4457181 0.294095 0.4546671 0.2926568 0.4562644 0.2926568 0.4562644 0.3026672 0.4643706 0.3018119 0.4655478 0.2926568 0.4562644 0.294095 0.4546671 0.3039305 0.4626317 0.3127425 0.4726461 0.31347 0.4713861 0.324947 0.4772339 0.31347 0.4713861 0.3145447 0.4695246 0.3258212 0.4752704 0.3026672 0.4643706 0.31347 0.4713861 0.3127425 0.4726461 0.3026672 0.4643706 0.3039305 0.4626317 0.3145447 0.4695246 0.4566264 0.364813 0.4561792 0.3562807 0.4590243 0.3559817 0.4590243 0.3559817 0.4561792 0.3562807 0.4548426 0.347842 0.4590243 0.3736444 0.4561792 0.3733453 0.4566264 0.364813 0.4576409 0.3472471 0.4548426 0.347842 0.4526312 0.3395891 0.4553521 0.3387051 0.4526312 0.3395891 0.4495694 0.3316126 0.4548426 0.3817841 0.4561792 0.3733453 0.4590243 0.3736444 0.4521828 0.330449 0.4495694 0.3316126 0.4456905 0.3239999 0.448168 0.3225694 0.4456905 0.3239999 0.4410371 0.3168342 0.4526312 0.390037 0.4548426 0.3817841 0.4576409 0.3823788 0.4410371 0.3168342 0.4356602 0.3101944 0.4377862 0.3082801 0.4377862 0.3082801 0.4356602 0.3101944 0.4296187 0.3041529 0.4495694 0.3980135 0.4526312 0.390037 0.4553521 0.390921 0.4315329 0.3020268 0.4296187 0.3041529 0.4229788 0.2987759 0.4229788 0.2987759 0.4158132 0.2941225 0.4172435 0.2916449 0.4456905 0.4056262 0.4495694 0.3980135 0.4521828 0.3991771 0.4158132 0.2941225 0.4082004 0.2902436 0.409364 0.2876302 0.4082004 0.2902436 0.4002239 0.2871817 0.401108 0.2844609 0.4410371 0.4127917 0.4456905 0.4056262 0.448168 0.4070566 0.4002239 0.2871817 0.3919711 0.2849704 0.3925659 0.2821721 0.3919711 0.2849704 0.3835323 0.2836338 0.3838313 0.2807887 0.4377862 0.421346 0.4356602 0.4194317 0.4410371 0.4127917 0.3838313 0.2807887 0.3835323 0.2836338 0.375 0.2831867 0.375 0.2831867 0.3664677 0.2836338 0.3661687 0.2807887 0.4296187 0.4254732 0.4356602 0.4194317 0.4377862 0.421346 0.3661687 0.2807887 0.3664677 0.2836338 0.3580289 0.2849704 0.3574341 0.2821721 0.3580289 0.2849704 0.349776 0.2871817 0.4229788 0.4308502 0.4296187 0.4254732 0.4315329 0.4275992 0.348892 0.2844609 0.349776 0.2871817 0.3417996 0.2902436 0.340636 0.2876302 0.3417996 0.2902436 0.3341868 0.2941225 0.4172435 0.437981 0.4158132 0.4355035 0.4229788 0.4308502 0.3327564 0.2916449 0.3341868 0.2941225 0.3270213 0.2987759 0.3270213 0.2987759 0.3203813 0.3041529 0.318467 0.3020268 0.409364 0.4419959 0.4082004 0.4393824 0.4158132 0.4355035 0.3203813 0.3041529 0.3143398 0.3101944 0.3122138 0.3082801 0.3122138 0.3082801 0.3143398 0.3101944 0.3089629 0.3168342 0.401108 0.445165 0.4002239 0.4424443 0.4082004 0.4393824 0.3089629 0.3168342 0.3043095 0.3239999 0.301832 0.3225694 0.3043095 0.3239999 0.3004306 0.3316126 0.2978171 0.330449 0.3925659 0.447454 0.3919711 0.4446557 0.4002239 0.4424443 0.3004306 0.3316126 0.2973687 0.3395891 0.2946479 0.3387051 0.2973687 0.3395891 0.2951574 0.347842 0.2923591 0.3472471 0.3838313 0.4488374 0.3835323 0.4459922 0.3919711 0.4446557 0.2951574 0.347842 0.2938208 0.3562807 0.2909756 0.3559817 0.2909756 0.3559817 0.2938208 0.3562807 0.2933737 0.364813 0.375 0.4464394 0.3835323 0.4459922 0.3838313 0.4488374 0.2933737 0.364813 0.2938208 0.3733453 0.2909756 0.3736444 0.2909756 0.3736444 0.2938208 0.3733453 0.2951574 0.3817841 0.3661687 0.4488374 0.3664677 0.4459922 0.375 0.4464394 0.2923591 0.3823788 0.2951574 0.3817841 0.2973687 0.390037 0.2946479 0.390921 0.2973687 0.390037 0.3004306 0.3980135 0.3580289 0.4446557 0.3664677 0.4459922 0.3661687 0.4488374 0.2978171 0.3991771 0.3004306 0.3980135 0.3043095 0.4056262 0.301832 0.4070566 0.3043095 0.4056262 0.3089629 0.4127917 0.349776 0.4424443 0.3580289 0.4446557 0.3574341 0.447454 0.3089629 0.4127917 0.3143398 0.4194317 0.3122138 0.421346 0.3122138 0.421346 0.3143398 0.4194317 0.3203813 0.4254732 0.3417996 0.4393824 0.349776 0.4424443 0.348892 0.445165 0.318467 0.4275992 0.3203813 0.4254732 0.3270213 0.4308502 0.3270213 0.4308502 0.3341868 0.4355035 0.3327564 0.437981 0.3341868 0.4355035 0.3417996 0.4393824 0.340636 0.4419959 0.4533029 0.364813 0.452874 0.3566282 0.4561792 0.3562807 0.4498171 0.364813 0.4494073 0.3569925 0.452874 0.3566282 0.4561792 0.3562807 0.452874 0.3566282 0.4515919 0.3485329 0.4494073 0.3569925 0.4481822 0.3492576 0.4515919 0.3485329 0.4561792 0.3733453 0.452874 0.3729979 0.4533029 0.364813 0.452874 0.3729979 0.4494073 0.3726336 0.4498171 0.364813 0.4515919 0.3485329 0.4494705 0.3406161 0.4526312 0.3395891 0.4515919 0.3485329 0.4481822 0.3492576 0.4461553 0.3416933 0.4494705 0.3406161 0.4465333 0.3329643 0.4495694 0.3316126 0.4494705 0.3406161 0.4461553 0.3416933 0.4433488 0.3343822 0.4515919 0.3810932 0.452874 0.3729979 0.4561792 0.3733453 0.4515919 0.3810932 0.4481822 0.3803684 0.4494073 0.3726336 0.4465333 0.3329643 0.4428123 0.3256615 0.4456905 0.3239999 0.4433488 0.3343822 0.4397935 0.3274044 0.4428123 0.3256615 0.4428123 0.3256615 0.4383484 0.3187877 0.4410371 0.3168342 0.4428123 0.3256615 0.4397935 0.3274044 0.4355283 0.3208366 0.4526312 0.390037 0.4494705 0.38901 0.4515919 0.3810932 0.4461553 0.3879328 0.4481822 0.3803684 0.4515919 0.3810932 0.4383484 0.3187877 0.4331904 0.3124181 0.4356602 0.3101944 0.4355283 0.3208366 0.4306 0.3147506 0.4331904 0.3124181 0.4331904 0.3124181 0.4273949 0.3066226 0.4296187 0.3041529 0.4306 0.3147506 0.4250624 0.3092131 0.4273949 0.3066226 0.4495694 0.3980135 0.4465333 0.3966616 0.4494705 0.38901 0.4433488 0.3952439 0.4461553 0.3879328 0.4494705 0.38901 0.4296187 0.3041529 0.4273949 0.3066226 0.4210253 0.3014646 0.4273949 0.3066226 0.4250624 0.3092131 0.4189764 0.3042847 0.4229788 0.2987759 0.4210253 0.3014646 0.4141514 0.2970007 0.4189764 0.3042847 0.4124085 0.3000195 0.4141514 0.2970007 0.4456905 0.4056262 0.4428123 0.4039645 0.4465333 0.3966616 0.4428123 0.4039645 0.4397935 0.4022216 0.4433488 0.3952439 0.4158132 0.2941225 0.4141514 0.2970007 0.4068487 0.2932798 0.4141514 0.2970007 0.4124085 0.3000195 0.4054309 0.2964641 0.4082004 0.2902436 0.4068487 0.2932798 0.3991969 0.2903425 0.4054309 0.2964641 0.3981198 0.2936577 0.3991969 0.2903425 0.4410371 0.4127917 0.4383484 0.4108384 0.4428123 0.4039645 0.4355283 0.4087894 0.4397935 0.4022216 0.4428123 0.4039645 0.4002239 0.2871817 0.3991969 0.2903425 0.3912801 0.2882211 0.3981198 0.2936577 0.3905553 0.2916308 0.3912801 0.2882211 0.3912801 0.2882211 0.3831849 0.286939 0.3835323 0.2836338 0.3912801 0.2882211 0.3905553 0.2916308 0.3828205 0.2904058 0.4356602 0.4194317 0.4331904 0.417208 0.4383484 0.4108384 0.4331904 0.417208 0.4306 0.4148755 0.4355283 0.4087894 0.3835323 0.2836338 0.3831849 0.286939 0.375 0.2865101 0.3831849 0.286939 0.3828205 0.2904058 0.375 0.2899959 0.375 0.2865101 0.3668151 0.286939 0.3664677 0.2836338 0.375 0.2899959 0.3671795 0.2904058 0.3668151 0.286939 0.4273949 0.4230034 0.4331904 0.417208 0.4356602 0.4194317 0.4250624 0.420413 0.4306 0.4148755 0.4331904 0.417208 0.3664677 0.2836338 0.3668151 0.286939 0.3587199 0.2882211 0.3671795 0.2904058 0.3594446 0.2916308 0.3587199 0.2882211 0.3587199 0.2882211 0.350803 0.2903425 0.349776 0.2871817 0.3587199 0.2882211 0.3594446 0.2916308 0.3518802 0.2936577 0.4210253 0.4281614 0.4273949 0.4230034 0.4296187 0.4254732 0.4189764 0.4253414 0.4250624 0.420413 0.4273949 0.4230034 0.350803 0.2903425 0.3431513 0.2932798 0.3417996 0.2902436 0.350803 0.2903425 0.3518802 0.2936577 0.3445691 0.2964641 0.3431513 0.2932798 0.3358485 0.2970007 0.3341868 0.2941225 0.3445691 0.2964641 0.3375914 0.3000195 0.3358485 0.2970007 0.4141514 0.4326253 0.4210253 0.4281614 0.4229788 0.4308502 0.4141514 0.4326253 0.4124085 0.4296066 0.4189764 0.4253414 0.3358485 0.2970007 0.3289747 0.3014646 0.3270213 0.2987759 0.3358485 0.2970007 0.3375914 0.3000195 0.3310236 0.3042847 0.3289747 0.3014646 0.3226051 0.3066226 0.3203813 0.3041529 0.3310236 0.3042847 0.3249375 0.3092131 0.3226051 0.3066226 0.4068487 0.4363463 0.4141514 0.4326253 0.4158132 0.4355035 0.4054309 0.4331619 0.4124085 0.4296066 0.4141514 0.4326253 0.3226051 0.3066226 0.3168095 0.3124181 0.3143398 0.3101944 0.3249375 0.3092131 0.3194 0.3147506 0.3168095 0.3124181 0.3143398 0.3101944 0.3168095 0.3124181 0.3116516 0.3187877 0.3168095 0.3124181 0.3194 0.3147506 0.3144717 0.3208366 0.3991969 0.4392835 0.4068487 0.4363463 0.4082004 0.4393824 0.3991969 0.4392835 0.3981198 0.4359684 0.4054309 0.4331619 0.3089629 0.3168342 0.3116516 0.3187877 0.3071876 0.3256615 0.3144717 0.3208366 0.3102064 0.3274044 0.3071876 0.3256615 0.3043095 0.3239999 0.3071876 0.3256615 0.3034667 0.3329643 0.3071876 0.3256615 0.3102064 0.3274044 0.3066511 0.3343822 0.3912801 0.4414048 0.3991969 0.4392835 0.4002239 0.4424443 0.3912801 0.4414048 0.3905553 0.4379952 0.3981198 0.4359684 0.3004306 0.3316126 0.3034667 0.3329643 0.3005295 0.3406161 0.3066511 0.3343822 0.3038446 0.3416933 0.3005295 0.3406161 0.2973687 0.3395891 0.3005295 0.3406161 0.2984082 0.3485329 0.3038446 0.3416933 0.3018178 0.3492576 0.2984082 0.3485329 0.3835323 0.4459922 0.3831849 0.442687 0.3912801 0.4414048 0.3828205 0.4392203 0.3905553 0.4379952 0.3912801 0.4414048 0.2984082 0.3485329 0.297126 0.3566282 0.2938208 0.3562807 0.2984082 0.3485329 0.3018178 0.3492576 0.3005927 0.3569925 0.2938208 0.3562807 0.297126 0.3566282 0.296697 0.364813 0.297126 0.3566282 0.3005927 0.3569925 0.3001828 0.364813 0.375 0.443116 0.3831849 0.442687 0.3835323 0.4459922 0.375 0.4396302 0.3828205 0.4392203 0.3831849 0.442687 0.296697 0.364813 0.297126 0.3729979 0.2938208 0.3733453 0.3001828 0.364813 0.3005927 0.3726336 0.297126 0.3729979 0.2938208 0.3733453 0.297126 0.3729979 0.2984082 0.3810932 0.3005927 0.3726336 0.3018178 0.3803684 0.2984082 0.3810932 0.3664677 0.4459922 0.3668151 0.442687 0.375 0.443116 0.3668151 0.442687 0.3671795 0.4392203 0.375 0.4396302 0.2984082 0.3810932 0.3005295 0.38901 0.2973687 0.390037 0.2984082 0.3810932 0.3018178 0.3803684 0.3038446 0.3879328 0.3005295 0.38901 0.3034667 0.3966616 0.3004306 0.3980135 0.3005295 0.38901 0.3038446 0.3879328 0.3066511 0.3952439 0.3587199 0.4414048 0.3668151 0.442687 0.3664677 0.4459922 0.3587199 0.4414048 0.3594446 0.4379952 0.3671795 0.4392203 0.3034667 0.3966616 0.3071876 0.4039645 0.3043095 0.4056262 0.3066511 0.3952439 0.3102064 0.4022216 0.3071876 0.4039645 0.3071876 0.4039645 0.3116516 0.4108384 0.3089629 0.4127917 0.3071876 0.4039645 0.3102064 0.4022216 0.3144717 0.4087894 0.349776 0.4424443 0.350803 0.4392835 0.3587199 0.4414048 0.3518802 0.4359684 0.3594446 0.4379952 0.3587199 0.4414048 0.3116516 0.4108384 0.3168095 0.417208 0.3143398 0.4194317 0.3144717 0.4087894 0.3194 0.4148755 0.3168095 0.417208 0.3168095 0.417208 0.3226051 0.4230034 0.3203813 0.4254732 0.3194 0.4148755 0.3249375 0.420413 0.3226051 0.4230034 0.3417996 0.4393824 0.3431513 0.4363463 0.350803 0.4392835 0.3445691 0.4331619 0.3518802 0.4359684 0.350803 0.4392835 0.3203813 0.4254732 0.3226051 0.4230034 0.3289747 0.4281614 0.3226051 0.4230034 0.3249375 0.420413 0.3310236 0.4253414 0.3270213 0.4308502 0.3289747 0.4281614 0.3358485 0.4326253 0.3310236 0.4253414 0.3375914 0.4296066 0.3358485 0.4326253 0.3341868 0.4355035 0.3358485 0.4326253 0.3431513 0.4363463 0.3358485 0.4326253 0.3375914 0.4296066 0.3445691 0.4331619</float_array>
          <technique_common>
            <accessor source="#Mesh_002-mesh-map-0-array" count="4860" stride="2">
              <param name="S" type="float"/>
              <param name="T" type="float"/>
            </accessor>
          </technique_common>
        </source>
        <vertices id="Mesh_002-mesh-vertices">
          <input semantic="POSITION" source="#Mesh_002-mesh-positions"/>
        </vertices>
        <triangles material="Material_001-material" count="1620">
          <input semantic="VERTEX" source="#Mesh_002-mesh-vertices" offset="0"/>
          <input semantic="NORMAL" source="#Mesh_002-mesh-normals" offset="1"/>
          <input semantic="TEXCOORD" source="#Mesh_002-mesh-map-0" offset="2" set="0"/>
          <p>602 0 0 609 1 1 0 2 2 3 3 3 448 4 4 446 5 5 2 6 6 450 7 7 448 4 8 605 8 9 602 0 10 0 2 11 4 9 12 446 5 13 368 10 14 609 1 15 616 11 16 0 2 17 610 12 18 605 8 19 0 2 20 6 13 21 368 10 22 372 14 23 1 15 24 452 16 25 450 7 26 614 17 27 610 12 28 0 2 29 7 18 30 372 14 31 376 19 32 616 11 33 624 20 34 0 2 35 619 21 36 614 17 37 0 2 38 8 22 39 376 19 40 381 23 41 5 24 42 454 25 43 452 16 44 622 26 45 619 21 46 0 2 47 10 27 48 381 23 49 383 28 50 624 20 51 632 29 52 0 2 53 628 30 54 622 26 55 0 2 56 11 31 57 383 28 58 390 32 59 9 33 60 456 34 61 454 25 62 629 35 63 628 30 64 0 2 65 12 36 66 390 32 67 391 37 68 632 29 69 641 38 70 0 2 71 636 39 72 629 35 73 0 2 74 14 40 75 391 37 76 397 41 77 13 34 78 458 42 79 456 34 80 638 43 81 636 39 82 0 2 83 15 44 84 397 41 85 399 45 86 641 38 87 647 46 88 0 2 89 645 47 90 638 43 91 0 2 92 16 48 93 399 45 94 402 49 95 17 50 96 460 51 97 458 42 98 648 52 99 645 47 100 0 2 101 18 53 102 402 49 103 403 54 104 647 46 105 652 55 106 0 2 107 650 56 108 648 52 109 0 2 110 19 57 111 403 54 112 405 58 113 21 59 114 462 60 115 460 51 116 649 61 117 650 56 118 0 2 119 20 62 120 405 58 121 404 63 122 652 55 123 653 64 124 0 2 125 651 65 126 649 61 127 0 2 128 22 66 129 404 63 130 407 67 131 25 68 132 464 69 133 462 60 134 654 70 135 651 65 136 0 2 137 23 71 138 407 67 139 408 72 140 653 64 141 662 73 142 0 2 143 658 74 144 654 70 145 0 2 146 24 75 147 408 72 148 410 76 149 29 77 150 466 78 151 464 69 152 656 79 153 658 74 154 0 2 155 26 80 156 410 76 157 409 81 158 662 73 159 664 82 160 0 2 161 660 83 162 656 79 163 0 2 164 27 84 165 409 81 166 411 85 167 33 78 168 468 86 169 466 78 170 666 87 171 660 83 172 0 2 173 28 88 174 411 85 175 413 89 176 664 82 177 670 90 178 0 2 179 668 91 180 666 87 181 0 2 182 30 92 183 413 89 184 415 92 185 37 93 186 470 94 187 468 86 188 667 95 189 668 91 190 0 2 191 31 96 192 415 92 193 416 97 194 670 90 195 695 98 196 0 2 197 671 99 198 667 95 199 0 2 200 32 100 201 416 97 202 414 101 203 41 102 204 472 103 205 470 94 206 669 104 207 671 99 208 0 2 209 34 105 210 414 101 211 419 106 212 695 98 213 702 107 214 0 2 215 673 108 216 669 104 217 0 2 218 35 109 219 419 106 220 417 110 221 45 111 222 474 112 223 472 103 224 674 113 225 673 108 226 0 2 227 36 114 228 417 110 229 418 114 230 702 107 231 709 115 232 0 2 233 672 116 234 674 113 235 0 2 236 38 117 237 418 114 238 421 118 239 49 119 240 476 120 241 474 112 242 677 121 243 672 116 244 0 2 245 39 122 246 421 118 247 420 123 248 709 115 249 715 124 250 0 2 251 675 125 252 677 121 253 0 2 254 40 126 255 420 123 256 423 127 257 53 128 258 478 129 259 476 120 260 676 130 261 675 125 262 0 2 263 42 131 264 423 127 265 424 132 266 715 124 267 720 133 268 0 2 269 678 134 270 676 130 271 0 2 272 43 135 273 424 132 274 422 136 275 57 137 276 480 138 277 478 129 278 697 139 279 678 134 280 0 2 281 44 140 282 422 136 283 428 141 284 720 133 285 719 142 286 0 2 287 698 143 288 697 139 289 0 2 290 46 144 291 428 141 292 426 145 293 60 146 294 427 147 295 480 138 296 700 148 297 698 143 298 0 2 299 47 149 300 426 145 301 425 150 302 719 142 303 717 151 304 0 2 305 701 152 306 700 148 307 0 2 308 48 153 309 425 150 310 431 154 311 59 155 312 432 156 313 427 147 314 704 157 315 701 152 316 0 2 317 50 158 318 431 154 319 430 159 320 717 151 321 716 160 322 0 2 323 705 161 324 704 157 325 0 2 326 51 162 327 430 159 328 436 163 329 58 164 330 429 165 331 432 156 332 707 166 333 705 161 334 0 2 335 52 167 336 436 163 337 435 168 338 716 160 339 714 169 340 0 2 341 711 170 342 707 166 343 0 2 344 54 171 345 435 168 346 433 172 347 56 173 348 434 174 349 429 165 350 712 175 351 711 170 352 0 2 353 55 176 354 433 172 355 434 174 356 714 169 357 712 175 358 0 2 359 443 177 360 238 178 361 444 179 362 442 180 363 236 181 364 443 177 365 230 182 366 442 180 367 441 183 368 228 184 369 441 183 370 440 185 371 226 186 372 440 185 373 439 187 374 222 188 375 439 187 376 438 189 377 437 190 378 222 188 379 438 189 380 371 191 381 220 192 382 437 190 383 370 193 384 218 194 385 371 191 386 212 195 387 370 193 388 374 196 389 210 197 390 374 196 391 373 198 392 377 199 393 210 197 394 373 198 395 130 200 396 377 199 397 375 201 398 379 202 399 130 200 400 375 201 401 132 203 402 379 202 403 378 204 404 362 205 405 132 203 406 378 204 407 361 206 408 131 207 409 362 205 410 121 208 411 361 206 412 364 209 413 124 210 414 364 209 415 363 211 416 123 212 417 363 211 418 366 213 419 126 214 420 366 213 421 365 215 422 369 216 423 126 214 424 365 215 425 367 217 426 125 218 427 369 216 428 392 219 429 128 220 430 367 217 431 141 221 432 392 219 433 393 222 434 142 223 435 393 222 436 394 224 437 395 225 438 142 223 439 394 224 440 144 226 441 395 225 442 396 226 443 398 227 444 144 226 445 396 226 446 146 228 447 398 227 448 400 229 449 401 230 450 146 228 451 400 229 452 380 231 453 147 232 454 401 230 455 133 233 456 380 231 457 382 234 458 134 235 459 382 234 460 384 236 461 135 237 462 384 236 463 385 238 464 136 239 465 385 238 466 386 240 467 387 241 468 136 239 469 386 240 470 388 242 471 137 243 472 387 241 473 389 244 474 138 245 475 388 242 476 140 246 477 389 244 478 406 247 479 158 248 480 406 247 481 445 249 482 447 250 483 158 248 484 445 249 485 156 251 486 447 250 487 449 252 488 451 253 489 156 251 490 449 252 491 162 254 492 451 253 493 453 255 494 455 256 495 162 254 496 453 255 497 457 257 498 161 258 499 455 256 500 159 259 501 457 257 502 459 260 503 152 261 504 459 260 505 461 262 506 151 263 507 461 262 508 463 264 509 150 265 510 463 264 511 465 266 512 467 267 513 150 265 514 465 266 515 469 268 516 149 269 517 467 267 518 471 270 519 154 271 520 469 268 521 206 272 522 471 270 523 473 273 524 216 274 525 473 273 526 475 275 527 477 276 528 216 274 529 475 275 530 232 277 531 477 276 532 479 277 533 412 278 534 232 277 535 479 277 536 238 178 537 412 278 538 444 179 539 173 279 540 61 280 541 62 281 542 174 282 543 62 281 544 64 283 545 61 280 546 166 284 547 63 285 548 172 286 549 64 283 550 65 287 551 66 288 552 172 286 553 65 287 554 63 285 555 169 289 556 67 290 557 163 291 558 66 288 559 68 292 560 164 293 561 68 292 562 69 294 563 169 289 564 70 295 565 67 290 566 170 296 567 69 294 568 71 297 569 167 298 570 71 297 571 72 299 572 168 300 573 74 301 574 70 295 575 73 302 576 167 298 577 72 299 578 75 303 579 188 304 580 73 302 581 74 301 582 183 305 583 78 306 584 76 307 585 187 308 586 75 303 587 184 309 588 76 307 589 77 310 590 78 306 591 180 311 592 83 312 593 79 313 594 184 309 595 77 310 596 80 314 597 186 315 598 79 313 599 83 312 600 181 316 601 87 317 602 81 318 603 185 319 604 80 314 605 182 320 606 81 318 607 82 321 608 181 316 609 90 322 610 87 317 611 176 323 612 82 321 613 84 324 614 175 325 615 84 324 616 85 326 617 178 327 618 94 328 619 90 322 620 86 329 621 175 325 622 85 326 623 200 330 624 86 329 625 88 331 626 201 332 627 98 333 628 94 328 629 202 334 630 88 331 631 89 335 632 203 336 633 89 335 634 91 337 635 197 338 636 102 339 637 98 333 638 198 340 639 91 337 640 92 341 641 93 342 642 198 340 643 92 341 644 102 339 645 215 343 646 107 344 647 95 345 648 199 346 649 93 342 650 96 347 651 194 348 652 95 345 653 215 343 654 111 349 655 107 344 656 196 350 657 96 347 658 97 351 659 191 352 660 97 351 661 99 353 662 223 354 663 115 355 664 111 349 665 100 356 666 191 352 667 99 353 668 101 357 669 192 358 670 100 356 671 231 359 672 119 360 673 115 355 674 204 361 675 101 357 676 103 362 677 207 363 678 103 362 679 104 364 680 119 360 681 237 365 682 120 366 683 209 367 684 104 364 685 105 368 686 106 369 687 209 367 688 105 368 689 120 366 690 235 370 691 118 371 692 213 372 693 106 369 694 108 373 695 217 374 696 108 373 697 109 375 698 118 371 699 233 376 700 117 377 701 219 378 702 109 375 703 110 379 704 221 380 705 110 379 706 112 381 707 233 376 708 116 382 709 117 377 710 113 383 711 221 380 712 112 381 713 114 384 714 225 385 715 113 383 716 116 382 717 227 386 718 114 384 719 694 387 720 61 280 721 693 388 722 64 283 723 694 387 724 692 389 725 61 280 726 691 390 727 693 388 728 689 391 729 64 283 730 692 389 731 66 288 732 689 391 733 687 392 734 691 390 735 67 290 736 690 393 737 688 394 738 66 288 739 687 392 740 686 395 741 68 292 742 688 394 743 67 290 744 685 396 745 690 393 746 71 297 747 686 395 748 683 397 749 72 299 750 683 397 751 681 398 752 685 396 753 74 301 754 684 399 755 682 400 756 72 299 757 681 398 758 75 303 759 682 400 760 680 401 761 74 301 762 679 402 763 684 399 764 76 307 765 680 401 766 626 403 767 623 404 768 76 307 769 626 403 770 78 306 771 627 405 772 679 402 773 79 313 774 623 404 775 625 406 776 634 407 777 79 313 778 625 406 779 627 405 780 87 317 781 633 408 782 81 318 783 634 407 784 630 409 785 639 410 786 81 318 787 630 409 788 633 408 789 90 322 790 631 411 791 84 324 792 639 410 793 640 412 794 637 413 795 84 324 796 640 412 797 90 322 798 635 414 799 631 411 800 86 329 801 637 413 802 644 415 803 642 416 804 86 329 805 644 415 806 635 414 807 98 333 808 646 417 809 643 418 810 88 331 811 642 416 812 91 337 813 643 418 814 604 419 815 646 417 816 102 339 817 606 420 818 603 421 819 91 337 820 604 419 821 612 422 822 92 341 823 603 421 824 102 339 825 601 423 826 606 420 827 95 345 828 612 422 829 611 424 830 96 347 831 611 424 832 607 425 833 601 423 834 111 349 835 608 426 836 617 427 837 96 347 838 607 425 839 99 353 840 617 427 841 615 428 842 111 349 843 708 429 844 608 426 845 613 430 846 99 353 847 615 428 848 101 357 849 613 430 850 620 431 851 708 429 852 119 360 853 621 432 854 696 433 855 101 357 856 620 431 857 104 364 858 696 433 859 655 434 860 119 360 861 618 435 862 621 432 863 699 436 864 104 364 865 655 434 866 106 369 867 699 436 868 657 437 869 618 435 870 118 371 871 718 438 872 703 439 873 106 369 874 657 437 875 661 440 876 108 373 877 703 439 878 118 371 879 659 441 880 718 438 881 110 379 882 661 440 883 706 442 884 112 381 885 706 442 886 710 443 887 659 441 888 116 382 889 663 444 890 665 445 891 112 381 892 710 443 893 114 384 894 665 445 895 713 446 896 116 382 897 713 446 898 663 444 899 357 447 900 233 448 901 235 449 902 233 448 903 351 450 904 229 451 905 229 451 906 349 452 907 227 453 908 349 452 909 225 454 910 227 453 911 347 455 912 221 456 913 225 454 914 343 457 915 219 458 916 221 456 917 219 458 918 339 459 919 217 460 920 217 460 921 335 461 922 213 462 923 335 461 924 211 463 925 213 462 926 333 464 927 209 465 928 211 463 929 209 465 930 329 466 931 207 467 932 207 467 933 272 468 934 204 469 935 204 469 936 284 470 937 193 471 938 284 470 939 192 472 940 193 471 941 264 473 942 191 474 943 192 472 944 260 475 945 196 476 946 191 474 947 196 476 948 248 477 949 195 478 950 195 478 951 244 479 952 194 480 953 244 479 954 199 481 955 194 480 956 254 482 957 198 483 958 199 481 959 320 484 960 203 485 961 198 483 962 203 485 963 318 486 964 202 487 965 202 487 966 312 488 967 200 489 968 312 488 969 177 490 970 200 489 971 316 491 972 175 492 973 177 490 974 175 492 975 306 493 976 176 494 977 176 494 978 308 495 979 182 496 980 182 496 981 302 497 982 179 498 983 302 497 984 185 499 985 179 498 986 296 500 987 186 501 988 185 499 989 300 502 990 184 503 991 186 501 992 184 503 993 292 504 994 189 505 995 189 505 996 288 506 997 187 507 998 288 506 999 188 508 1000 187 507 1001 286 509 1002 167 510 1003 188 508 1004 282 511 1005 170 512 1006 167 510 1007 170 512 1008 276 513 1009 164 514 1010 164 514 1011 270 515 1012 163 516 1013 270 515 1014 165 517 1015 163 516 1016 266 518 1017 172 519 1018 165 517 1019 172 519 1020 256 520 1021 174 521 1022 174 521 1023 250 522 1024 173 523 1025 173 523 1026 246 524 1027 171 525 1028 246 524 1029 166 526 1030 171 525 1031 252 527 1032 169 528 1033 166 526 1034 326 529 1035 168 530 1036 169 528 1037 168 530 1038 290 531 1039 190 532 1040 190 532 1041 298 533 1042 183 534 1043 298 533 1044 180 535 1045 183 534 1046 304 536 1047 181 537 1048 180 535 1049 314 538 1050 178 539 1051 181 537 1052 178 539 1053 242 540 1054 201 541 1055 201 541 1056 258 542 1057 197 543 1058 258 542 1059 205 544 1060 197 543 1061 274 545 1062 215 546 1063 205 544 1064 215 546 1065 337 547 1066 223 548 1067 223 548 1068 345 549 1069 231 550 1070 231 550 1071 353 551 1072 239 552 1073 353 551 1074 237 553 1075 239 552 1076 359 554 1077 235 449 1078 237 553 1079 357 447 1080 356 555 1081 355 556 1082 358 557 1083 236 558 1084 356 555 1085 356 555 1086 351 450 1087 355 556 1088 356 555 1089 234 559 1090 352 560 1091 352 560 1092 349 452 1093 351 450 1094 352 560 1095 230 561 1096 350 562 1097 350 562 1098 347 455 1099 349 452 1100 350 562 1101 228 563 1102 348 564 1103 348 564 1104 343 457 1105 347 455 1106 348 564 1107 226 565 1108 344 566 1109 344 566 1110 341 567 1111 343 457 1112 226 565 1113 342 568 1114 344 566 1115 341 567 1116 340 569 1117 339 459 1118 222 570 1119 340 569 1120 342 568 1121 339 459 1122 336 571 1123 335 461 1124 220 572 1125 336 571 1126 340 569 1127 335 461 1128 334 573 1129 333 464 1130 218 574 1131 334 573 1132 336 571 1133 333 464 1134 332 575 1135 331 576 1136 214 577 1137 332 575 1138 334 573 1139 332 575 1140 329 466 1141 331 576 1142 212 578 1143 330 579 1144 332 575 1145 330 579 1146 272 468 1147 329 466 1148 330 579 1149 208 580 1150 271 581 1151 271 581 1152 284 470 1153 272 468 1154 208 580 1155 283 582 1156 271 581 1157 283 582 1158 264 473 1159 284 470 1160 283 582 1161 129 583 1162 263 584 1163 264 473 1164 259 585 1165 260 475 1166 129 583 1167 259 585 1168 263 584 1169 260 475 1170 267 586 1171 268 587 1172 259 585 1173 131 588 1174 267 586 1175 267 586 1176 248 477 1177 268 587 1178 267 586 1179 122 589 1180 247 590 1181 247 590 1182 244 479 1183 248 477 1184 247 590 1185 121 591 1186 243 592 1187 243 592 1188 254 482 1189 244 479 1190 243 592 1191 124 593 1192 253 594 1193 253 594 1194 320 484 1195 254 482 1196 253 594 1197 123 595 1198 319 596 1199 319 596 1200 322 597 1201 320 484 1202 123 595 1203 321 598 1204 319 596 1205 322 597 1206 317 599 1207 318 486 1208 126 600 1209 317 599 1210 321 598 1211 318 486 1212 311 601 1213 312 488 1214 125 602 1215 311 601 1216 317 599 1217 312 488 1218 315 603 1219 316 491 1220 128 604 1221 315 603 1222 311 601 1223 316 491 1224 309 605 1225 310 606 1226 127 607 1227 309 605 1228 315 603 1229 309 605 1230 306 493 1231 310 606 1232 141 608 1233 305 609 1234 309 605 1235 305 609 1236 308 495 1237 306 493 1238 305 609 1239 143 610 1240 307 611 1241 307 611 1242 302 497 1243 308 495 1244 143 610 1245 301 612 1246 307 611 1247 301 612 1248 296 500 1249 302 497 1250 301 612 1251 145 613 1252 295 614 1253 296 500 1254 299 615 1255 300 502 1256 145 613 1257 299 615 1258 295 614 1259 300 502 1260 293 616 1261 294 617 1262 299 615 1263 147 618 1264 293 616 1265 293 616 1266 292 504 1267 294 617 1268 293 616 1269 148 619 1270 291 620 1271 291 620 1272 288 506 1273 292 504 1274 291 620 1275 133 621 1276 287 622 1277 287 622 1278 286 509 1279 288 506 1280 287 622 1281 134 623 1282 285 624 1283 285 624 1284 282 511 1285 286 509 1286 285 624 1287 135 625 1288 281 626 1289 281 626 1290 278 627 1291 282 511 1292 135 625 1293 277 628 1294 281 626 1295 278 627 1296 275 629 1297 276 513 1298 136 630 1299 275 629 1300 277 628 1301 276 513 1302 269 631 1303 270 515 1304 137 632 1305 269 631 1306 275 629 1307 270 515 1308 265 633 1309 266 518 1310 138 634 1311 265 633 1312 269 631 1313 266 518 1314 261 635 1315 262 636 1316 139 637 1317 261 635 1318 265 633 1319 261 635 1320 256 520 1321 262 636 1322 140 638 1323 255 639 1324 261 635 1325 255 639 1326 250 522 1327 256 520 1328 255 639 1329 157 640 1330 249 641 1331 249 641 1332 246 524 1333 250 522 1334 157 640 1335 245 642 1336 249 641 1337 245 642 1338 252 527 1339 246 524 1340 245 642 1341 155 643 1342 251 644 1343 252 527 1344 325 645 1345 326 529 1346 155 643 1347 325 645 1348 251 644 1349 326 529 1350 279 646 1351 280 647 1352 325 645 1353 161 648 1354 279 646 1355 279 646 1356 290 531 1357 280 647 1358 279 646 1359 160 649 1360 289 650 1361 289 650 1362 298 533 1363 290 531 1364 289 650 1365 159 651 1366 297 652 1367 297 652 1368 304 536 1369 298 533 1370 297 652 1371 152 653 1372 303 654 1373 303 654 1374 314 538 1375 304 536 1376 303 654 1377 151 655 1378 313 656 1379 313 656 1380 324 657 1381 314 538 1382 151 655 1383 323 658 1384 313 656 1385 324 657 1386 241 659 1387 242 540 1388 150 660 1389 241 659 1390 323 658 1391 242 540 1392 257 661 1393 258 542 1394 149 662 1395 257 661 1396 241 659 1397 258 542 1398 273 663 1399 274 545 1400 154 664 1401 273 663 1402 257 661 1403 274 545 1404 328 665 1405 327 666 1406 153 667 1407 328 665 1408 273 663 1409 328 665 1410 337 547 1411 327 666 1412 206 668 1413 338 669 1414 328 665 1415 338 669 1416 345 549 1417 337 547 1418 338 669 1419 224 670 1420 346 671 1421 346 671 1422 353 551 1423 345 549 1424 224 670 1425 354 672 1426 346 671 1427 354 672 1428 359 554 1429 353 551 1430 354 672 1431 240 673 1432 360 674 1433 359 554 1434 358 557 1435 357 447 1436 240 673 1437 358 557 1438 360 674 1439 448 675 1440 568 676 1441 446 677 1442 572 678 1443 448 675 1444 450 679 1445 446 677 1446 543 680 1447 368 681 1448 368 681 1449 547 682 1450 372 683 1451 574 684 1452 450 679 1453 452 685 1454 547 682 1455 376 686 1456 372 683 1457 545 687 1458 381 688 1459 376 686 1460 576 689 1461 452 685 1462 454 690 1463 551 691 1464 383 692 1465 381 688 1466 383 692 1467 555 693 1468 390 694 1469 456 695 1470 576 689 1471 454 690 1472 390 694 1473 554 696 1474 391 697 1475 554 696 1476 397 698 1477 391 697 1478 458 699 1479 578 700 1480 456 695 1481 532 701 1482 399 702 1483 397 698 1484 399 702 1485 528 703 1486 402 704 1487 460 705 1488 580 706 1489 458 699 1490 402 704 1491 530 707 1492 403 708 1493 530 707 1494 405 709 1495 403 708 1496 584 710 1497 460 705 1498 462 711 1499 540 712 1500 404 713 1501 405 709 1502 542 714 1503 407 715 1504 404 713 1505 586 716 1506 462 711 1507 464 717 1508 407 715 1509 538 718 1510 408 719 1511 408 719 1512 516 720 1513 410 721 1514 466 722 1515 586 716 1516 464 717 1517 410 721 1518 518 723 1519 409 724 1520 518 723 1521 411 725 1522 409 724 1523 590 726 1524 466 722 1525 468 727 1526 512 728 1527 413 729 1528 411 725 1529 514 730 1530 415 731 1531 413 729 1532 592 732 1533 468 727 1534 470 733 1535 415 731 1536 526 734 1537 416 735 1538 526 734 1539 414 736 1540 416 735 1541 594 737 1542 470 733 1543 472 738 1544 520 739 1545 419 740 1546 414 736 1547 419 740 1548 502 741 1549 417 742 1550 474 743 1551 594 737 1552 472 738 1553 417 742 1554 500 744 1555 418 745 1556 418 745 1557 498 746 1558 421 747 1559 476 748 1560 596 749 1561 474 743 1562 498 746 1563 420 750 1564 421 747 1565 496 751 1566 423 752 1567 420 750 1568 478 753 1569 598 754 1570 476 748 1571 510 755 1572 424 756 1573 423 752 1574 424 756 1575 506 757 1576 422 758 1577 564 759 1578 478 753 1579 480 760 1580 422 758 1581 504 761 1582 428 762 1583 428 762 1584 488 763 1585 426 764 1586 562 765 1587 480 760 1588 427 766 1589 488 763 1590 425 767 1591 426 764 1592 486 768 1593 431 769 1594 425 767 1595 559 770 1596 427 766 1597 432 771 1598 484 772 1599 430 773 1600 431 769 1601 430 773 1602 493 774 1603 436 775 1604 429 776 1605 559 770 1606 432 771 1607 436 775 1608 565 777 1609 435 778 1610 565 777 1611 433 779 1612 435 778 1613 434 780 1614 557 781 1615 429 776 1616 491 782 1617 434 780 1618 433 779 1619 570 783 1620 567 784 1621 568 676 1622 449 785 1623 567 784 1624 569 786 1625 571 787 1626 570 783 1627 572 678 1628 571 787 1629 449 785 1630 569 786 1631 567 784 1632 543 680 1633 568 676 1634 447 788 1635 544 789 1636 567 784 1637 544 789 1638 547 682 1639 543 680 1640 544 789 1641 406 790 1642 548 791 1643 574 684 1644 571 787 1645 572 678 1646 573 792 1647 451 793 1648 571 787 1649 547 682 1650 546 794 1651 545 687 1652 406 790 1653 546 794 1654 548 791 1655 546 794 1656 551 691 1657 545 687 1658 389 795 1659 552 796 1660 546 794 1661 576 689 1662 573 792 1663 574 684 1664 455 797 1665 573 792 1666 575 798 1667 551 691 1668 550 799 1669 549 800 1670 388 801 1671 550 799 1672 552 796 1673 549 800 1674 556 802 1675 555 693 1676 387 803 1677 556 802 1678 550 799 1679 577 804 1680 576 689 1681 578 700 1682 577 804 1683 455 797 1684 575 798 1685 556 802 1686 554 696 1687 555 693 1688 386 805 1689 553 806 1690 556 802 1691 553 806 1692 532 701 1693 554 696 1694 553 806 1695 384 807 1696 531 808 1697 580 706 1698 577 804 1699 578 700 1700 579 809 1701 457 810 1702 577 804 1703 531 808 1704 534 811 1705 532 701 1706 531 808 1707 382 812 1708 533 813 1709 534 811 1710 527 814 1711 528 703 1712 533 813 1713 380 815 1714 527 814 1715 581 816 1716 580 706 1717 582 817 1718 581 816 1719 459 818 1720 579 809 1721 527 814 1722 530 707 1723 528 703 1724 527 814 1725 401 819 1726 529 820 1727 530 707 1728 539 821 1729 540 712 1730 401 819 1731 539 821 1732 529 820 1733 583 822 1734 582 817 1735 584 710 1736 583 822 1737 461 823 1738 581 816 1739 540 712 1740 541 824 1741 542 714 1742 539 821 1743 398 825 1744 541 824 1745 541 824 1746 536 826 1747 542 714 1748 541 824 1749 396 827 1750 535 828 1751 586 716 1752 583 822 1753 584 710 1754 465 829 1755 583 822 1756 585 830 1757 536 826 1758 537 831 1759 538 718 1760 396 827 1761 537 831 1762 535 828 1763 537 831 1764 516 720 1765 538 718 1766 395 832 1767 515 833 1768 537 831 1769 588 834 1770 585 830 1771 586 716 1772 467 835 1773 585 830 1774 587 836 1775 515 833 1776 518 723 1777 516 720 1778 515 833 1779 393 837 1780 517 838 1781 518 723 1782 511 839 1783 512 728 1784 393 837 1785 511 839 1786 517 838 1787 590 726 1788 587 836 1789 588 834 1790 469 840 1791 587 836 1792 589 841 1793 511 839 1794 514 730 1795 512 728 1796 392 842 1797 513 843 1798 511 839 1799 514 730 1800 523 844 1801 524 845 1802 367 846 1803 523 844 1804 513 843 1805 591 847 1806 590 726 1807 592 732 1808 471 848 1809 589 841 1810 591 847 1811 524 845 1812 525 849 1813 526 734 1814 369 850 1815 525 849 1816 523 844 1817 526 734 1818 519 851 1819 520 739 1820 365 852 1821 519 851 1822 525 849 1823 594 737 1824 591 847 1825 592 732 1826 473 853 1827 591 847 1828 593 854 1829 519 851 1830 522 855 1831 520 739 1832 519 851 1833 363 856 1834 521 857 1835 521 857 1836 502 741 1837 522 855 1838 521 857 1839 364 858 1840 501 859 1841 595 860 1842 594 737 1843 596 749 1844 595 860 1845 473 853 1846 593 854 1847 502 741 1848 499 861 1849 500 744 1850 501 859 1851 361 862 1852 499 861 1853 499 861 1854 498 746 1855 500 744 1856 499 861 1857 362 863 1858 497 864 1859 597 865 1860 596 749 1861 598 754 1862 477 866 1863 595 860 1864 597 865 1865 498 746 1866 495 867 1867 496 751 1868 362 863 1869 495 867 1870 497 864 1871 496 751 1872 509 868 1873 510 755 1874 495 867 1875 379 869 1876 509 868 1877 600 870 1878 597 865 1879 598 754 1880 479 871 1881 597 865 1882 599 872 1883 509 868 1884 508 873 1885 510 755 1886 509 868 1887 375 874 1888 507 875 1889 508 873 1890 505 876 1891 506 757 1892 375 874 1893 505 876 1894 507 875 1895 563 877 1896 600 870 1897 564 759 1898 563 877 1899 479 871 1900 599 872 1901 505 876 1902 504 761 1903 506 757 1904 377 878 1905 503 879 1906 505 876 1907 503 879 1908 488 763 1909 504 761 1910 503 879 1911 374 880 1912 487 881 1913 562 765 1914 563 877 1915 564 759 1916 561 882 1917 412 883 1918 563 877 1919 488 763 1920 485 884 1921 486 768 1922 374 880 1923 485 884 1924 487 881 1925 485 884 1926 484 772 1927 486 768 1928 370 885 1929 483 886 1930 485 884 1931 559 770 1932 561 882 1933 562 765 1934 443 887 1935 561 882 1936 560 888 1937 484 772 1938 482 889 1939 481 890 1940 371 891 1941 482 889 1942 483 886 1943 481 890 1944 494 892 1945 493 774 1946 437 893 1947 494 892 1948 482 889 1949 558 894 1950 559 770 1951 557 781 1952 558 894 1953 443 887 1954 560 888 1955 494 892 1956 565 777 1957 493 774 1958 438 895 1959 566 896 1960 494 892 1961 566 896 1962 491 782 1963 565 777 1964 566 896 1965 440 897 1966 492 898 1967 489 899 1968 558 894 1969 557 781 1970 490 900 1971 442 901 1972 558 894 1973 492 898 1974 489 899 1975 491 782 1976 492 898 1977 441 902 1978 490 900 1979 804 903 1980 694 904 1981 693 905 1982 694 904 1983 796 906 1984 692 907 1985 691 908 1986 804 903 1987 693 905 1988 692 907 1989 794 909 1990 689 910 1991 689 910 1992 792 911 1993 687 912 1994 788 913 1995 691 908 1996 690 914 1997 687 912 1998 740 915 1999 688 916 2000 688 916 2001 738 917 2002 686 918 2003 744 919 2004 690 914 2005 685 920 2006 738 917 2007 683 921 2008 686 918 2009 683 921 2010 748 922 2011 681 923 2012 750 924 2013 685 920 2014 684 925 2015 681 923 2016 746 926 2017 682 927 2018 746 926 2019 680 928 2020 682 927 2021 727 929 2022 684 925 2023 679 930 2024 810 931 2025 626 932 2026 680 928 2027 723 933 2028 623 934 2029 626 932 2030 733 935 2031 679 930 2032 627 936 2033 721 937 2034 625 938 2035 623 934 2036 725 939 2037 634 940 2038 625 938 2039 633 941 2040 733 935 2041 627 936 2042 634 940 2043 729 942 2044 630 943 2045 729 942 2046 639 944 2047 630 943 2048 769 945 2049 633 941 2050 631 946 2051 639 944 2052 811 947 2053 640 948 2054 640 948 2055 805 949 2056 637 950 2057 755 951 2058 631 946 2059 635 952 2060 637 950 2061 807 953 2062 644 954 2063 644 954 2064 813 955 2065 642 956 2066 646 957 2067 755 951 2068 635 952 2069 642 956 2070 815 958 2071 643 959 2072 815 958 2073 604 960 2074 643 959 2075 606 961 2076 763 962 2077 646 957 2078 771 963 2079 603 964 2080 604 960 2081 603 964 2082 753 965 2083 612 966 2084 601 967 2085 779 968 2086 606 961 2087 753 965 2088 611 969 2089 612 966 2090 757 970 2091 607 971 2092 611 969 2093 608 972 2094 785 973 2095 601 967 2096 759 974 2097 617 975 2098 607 971 2099 761 976 2100 615 977 2101 617 975 2102 708 978 2103 773 979 2104 608 972 2105 765 980 2106 613 981 2107 615 977 2108 613 981 2109 781 982 2110 620 983 2111 789 984 2112 708 978 2113 621 985 2114 781 982 2115 696 986 2116 620 983 2117 696 986 2118 817 987 2119 655 988 2120 618 989 2121 789 984 2122 621 985 2123 655 988 2124 819 990 2125 699 991 2126 699 991 2127 821 992 2128 657 993 2129 827 994 2130 618 989 2131 718 995 2132 657 993 2133 823 996 2134 703 997 2135 703 997 2136 829 998 2137 661 999 2138 825 1000 2139 718 995 2140 659 1001 2141 829 998 2142 706 1002 2143 661 999 2144 706 1002 2145 839 1003 2146 710 1004 2147 833 1005 2148 659 1001 2149 663 1006 2150 710 1004 2151 835 1007 2152 665 1008 2153 835 1007 2154 713 1009 2155 665 1008 2156 837 1010 2157 663 1006 2158 713 1009 2159 803 1011 2160 800 1012 2161 804 903 2162 609 1013 2163 799 1014 2164 803 1011 2165 800 1012 2166 795 1015 2167 796 906 2168 602 1016 2169 795 1015 2170 799 1014 2171 798 1017 2172 803 1011 2173 804 903 2174 797 1018 2175 609 1013 2176 803 1011 2177 795 1015 2178 794 909 2179 796 906 2180 795 1015 2181 610 1019 2182 793 1020 2183 793 1020 2184 792 911 2185 794 909 2186 793 1020 2187 614 1021 2188 791 1022 2189 787 1023 2190 798 1017 2191 788 913 2192 787 1023 2193 616 1024 2194 797 1018 2195 791 1022 2196 740 915 2197 792 911 2198 614 1021 2199 739 1025 2200 791 1022 2201 739 1025 2202 738 917 2203 740 915 2204 739 1025 2205 622 1026 2206 737 1027 2207 744 919 2208 787 1023 2209 788 913 2210 632 1028 2211 787 1023 2212 743 1029 2213 737 1027 2214 742 1030 2215 738 917 2216 622 1026 2217 741 1031 2218 737 1027 2219 741 1031 2220 748 922 2221 742 1030 2222 628 1032 2223 747 1033 2224 741 1031 2225 750 924 2226 743 1029 2227 744 919 2228 641 1034 2229 743 1029 2230 749 1035 2231 748 922 2232 745 1036 2233 746 926 2234 747 1033 2235 636 1037 2236 745 1036 2237 746 926 2238 809 1038 2239 810 931 2240 636 1037 2241 809 1038 2242 745 1036 2243 727 929 2244 749 1035 2245 750 924 2246 728 1039 2247 641 1034 2248 749 1035 2249 810 931 2250 724 1040 2251 723 933 2252 809 1038 2253 645 1041 2254 724 1040 2255 723 933 2256 722 1042 2257 721 937 2258 645 1041 2259 722 1042 2260 724 1040 2261 733 935 2262 728 1039 2263 727 929 2264 652 1043 2265 728 1039 2266 734 1044 2267 721 937 2268 726 1045 2269 725 939 2270 648 1046 2271 726 1045 2272 722 1042 2273 726 1045 2274 731 1047 2275 725 939 2276 726 1045 2277 649 1048 2278 732 1049 2279 767 1050 2280 734 1044 2281 733 935 2282 768 1051 2283 652 1043 2284 734 1044 2285 731 1047 2286 730 1052 2287 729 942 2288 732 1049 2289 651 1053 2290 730 1052 2291 730 1052 2292 735 1054 2293 729 942 2294 651 1053 2295 736 1055 2296 730 1052 2297 770 1056 2298 767 1050 2299 769 945 2300 662 1057 2301 768 1051 2302 770 1056 2303 735 1054 2304 812 1058 2305 811 947 2306 654 1059 2307 812 1058 2308 736 1055 2309 812 1058 2310 805 949 2311 811 947 2312 812 1058 2313 656 1060 2314 806 1061 2315 756 1062 2316 769 945 2317 755 951 2318 664 1063 2319 770 1056 2320 756 1062 2321 806 1061 2322 807 953 2323 805 949 2324 806 1061 2325 660 1064 2326 808 1065 2327 808 1065 2328 813 955 2329 807 953 2330 660 1064 2331 814 1066 2332 808 1065 2333 764 1067 2334 755 951 2335 763 962 2336 764 1067 2337 664 1063 2338 756 1062 2339 814 1066 2340 815 958 2341 813 955 2342 814 1066 2343 668 1068 2344 816 1069 2345 816 1069 2346 771 963 2347 815 958 2348 668 1068 2349 772 1070 2350 816 1069 2351 780 1071 2352 763 962 2353 779 968 2354 695 1072 2355 764 1067 2356 780 1071 2357 772 1070 2358 751 1073 2359 771 963 2360 667 1074 2361 752 1075 2362 772 1070 2363 751 1073 2364 754 1076 2365 753 965 2366 752 1075 2367 669 1077 2368 754 1076 2369 786 1078 2370 779 968 2371 785 973 2372 786 1078 2373 695 1072 2374 780 1071 2375 753 965 2376 758 1079 2377 757 970 2378 669 1077 2379 758 1079 2380 754 1076 2381 757 970 2382 760 1080 2383 759 974 2384 758 1079 2385 674 1081 2386 760 1080 2387 774 1082 2388 785 973 2389 773 979 2390 774 1082 2391 702 1083 2392 786 1078 2393 759 974 2394 762 1084 2395 761 976 2396 674 1081 2397 762 1084 2398 760 1080 2399 761 976 2400 766 1085 2401 765 980 2402 672 1086 2403 766 1085 2404 762 1084 2405 775 1087 2406 774 1082 2407 773 979 2408 715 1088 2409 774 1082 2410 776 1089 2411 766 1085 2412 783 1090 2413 765 980 2414 766 1085 2415 675 1091 2416 784 1092 2417 783 1090 2418 782 1093 2419 781 982 2420 784 1092 2421 676 1094 2422 782 1093 2423 790 1095 2424 775 1087 2425 789 984 2426 720 1096 2427 776 1089 2428 790 1095 2429 782 1093 2430 777 1097 2431 781 982 2432 676 1094 2433 778 1098 2434 782 1093 2435 777 1097 2436 818 1099 2437 817 987 2438 678 1100 2439 818 1099 2440 778 1098 2441 801 1101 2442 790 1095 2443 789 984 2444 802 1102 2445 720 1096 2446 790 1095 2447 818 1099 2448 819 990 2449 817 987 2450 818 1099 2451 698 1103 2452 820 1104 2453 820 1104 2454 821 992 2455 819 990 2456 820 1104 2457 700 1105 2458 822 1106 2459 828 1107 2460 801 1101 2461 827 994 2462 828 1107 2463 719 1108 2464 802 1102 2465 822 1106 2466 823 996 2467 821 992 2468 700 1105 2469 824 1109 2470 822 1106 2471 824 1109 2472 829 998 2473 823 996 2474 824 1109 2475 704 1110 2476 830 1111 2477 825 1000 2478 828 1107 2479 827 994 2480 716 1112 2481 828 1107 2482 826 1113 2483 830 1111 2484 831 1114 2485 829 998 2486 704 1110 2487 832 1115 2488 830 1111 2489 832 1115 2490 839 1003 2491 831 1114 2492 705 1116 2493 840 1117 2494 832 1115 2495 833 1005 2496 826 1113 2497 825 1000 2498 714 1118 2499 826 1113 2500 834 1119 2501 839 1003 2502 836 1120 2503 835 1007 2504 840 1117 2505 711 1121 2506 836 1120 2507 835 1007 2508 838 1122 2509 837 1010 2510 711 1121 2511 838 1122 2512 836 1120 2513 837 1010 2514 834 1119 2515 833 1005 2516 838 1122 2517 714 1118 2518 834 1119 2519 3 3 2520 2 6 2521 448 4 2522 2 6 2523 1 15 2524 450 7 2525 4 9 2526 3 3 2527 446 5 2528 6 13 2529 4 9 2530 368 10 2531 1 15 2532 5 24 2533 452 16 2534 7 18 2535 6 13 2536 372 14 2537 8 22 2538 7 18 2539 376 19 2540 5 24 2541 9 33 2542 454 25 2543 10 27 2544 8 22 2545 381 23 2546 11 31 2547 10 27 2548 383 28 2549 9 33 2550 13 34 2551 456 34 2552 12 36 2553 11 31 2554 390 32 2555 14 40 2556 12 36 2557 391 37 2558 13 34 2559 17 50 2560 458 42 2561 15 44 2562 14 40 2563 397 41 2564 16 48 2565 15 44 2566 399 45 2567 17 50 2568 21 59 2569 460 51 2570 18 53 2571 16 48 2572 402 49 2573 19 57 2574 18 53 2575 403 54 2576 21 59 2577 25 68 2578 462 60 2579 20 62 2580 19 57 2581 405 58 2582 22 66 2583 20 62 2584 404 63 2585 25 68 2586 29 77 2587 464 69 2588 23 71 2589 22 66 2590 407 67 2591 24 75 2592 23 71 2593 408 72 2594 29 77 2595 33 78 2596 466 78 2597 26 80 2598 24 75 2599 410 76 2600 27 84 2601 26 80 2602 409 81 2603 33 78 2604 37 93 2605 468 86 2606 28 88 2607 27 84 2608 411 85 2609 30 92 2610 28 88 2611 413 89 2612 37 93 2613 41 102 2614 470 94 2615 31 96 2616 30 92 2617 415 92 2618 32 100 2619 31 96 2620 416 97 2621 41 102 2622 45 111 2623 472 103 2624 34 105 2625 32 100 2626 414 101 2627 35 109 2628 34 105 2629 419 106 2630 45 111 2631 49 119 2632 474 112 2633 36 114 2634 35 109 2635 417 110 2636 38 117 2637 36 114 2638 418 114 2639 49 119 2640 53 128 2641 476 120 2642 39 122 2643 38 117 2644 421 118 2645 40 126 2646 39 122 2647 420 123 2648 53 128 2649 57 137 2650 478 129 2651 42 131 2652 40 126 2653 423 127 2654 43 135 2655 42 131 2656 424 132 2657 57 137 2658 60 146 2659 480 138 2660 44 140 2661 43 135 2662 422 136 2663 46 144 2664 44 140 2665 428 141 2666 60 146 2667 59 155 2668 427 147 2669 47 149 2670 46 144 2671 426 145 2672 48 153 2673 47 149 2674 425 150 2675 59 155 2676 58 164 2677 432 156 2678 50 158 2679 48 153 2680 431 154 2681 51 162 2682 50 158 2683 430 159 2684 58 164 2685 56 173 2686 429 165 2687 52 167 2688 51 162 2689 436 163 2690 54 171 2691 52 167 2692 435 168 2693 56 173 2694 55 176 2695 434 174 2696 55 176 2697 54 171 2698 433 172 2699 443 177 2700 236 181 2701 238 178 2702 442 180 2703 234 1123 2704 236 181 2705 230 182 2706 234 1123 2707 442 180 2708 228 184 2709 230 182 2710 441 183 2711 226 186 2712 228 184 2713 440 185 2714 222 188 2715 226 186 2716 439 187 2717 437 190 2718 220 192 2719 222 188 2720 371 191 2721 218 194 2722 220 192 2723 370 193 2724 214 1124 2725 218 194 2726 212 195 2727 214 1124 2728 370 193 2729 210 197 2730 212 195 2731 374 196 2732 377 199 2733 208 1125 2734 210 197 2735 130 200 2736 208 1125 2737 377 199 2738 379 202 2739 129 1126 2740 130 200 2741 132 203 2742 129 1126 2743 379 202 2744 362 205 2745 131 207 2746 132 203 2747 361 206 2748 122 1127 2749 131 207 2750 121 208 2751 122 1127 2752 361 206 2753 124 210 2754 121 208 2755 364 209 2756 123 212 2757 124 210 2758 363 211 2759 126 214 2760 123 212 2761 366 213 2762 369 216 2763 125 218 2764 126 214 2765 367 217 2766 128 220 2767 125 218 2768 392 219 2769 127 1128 2770 128 220 2771 141 221 2772 127 1128 2773 392 219 2774 142 223 2775 141 221 2776 393 222 2777 395 225 2778 143 1129 2779 142 223 2780 144 226 2781 143 1129 2782 395 225 2783 398 227 2784 145 1130 2785 144 226 2786 146 228 2787 145 1130 2788 398 227 2789 401 230 2790 147 232 2791 146 228 2792 380 231 2793 148 1131 2794 147 232 2795 133 233 2796 148 1131 2797 380 231 2798 134 235 2799 133 233 2800 382 234 2801 135 237 2802 134 235 2803 384 236 2804 136 239 2805 135 237 2806 385 238 2807 387 241 2808 137 243 2809 136 239 2810 388 242 2811 138 245 2812 137 243 2813 389 244 2814 139 1132 2815 138 245 2816 140 246 2817 139 1132 2818 389 244 2819 158 248 2820 140 246 2821 406 247 2822 447 250 2823 157 1133 2824 158 248 2825 156 251 2826 157 1133 2827 447 250 2828 451 253 2829 155 1134 2830 156 251 2831 162 254 2832 155 1134 2833 451 253 2834 455 256 2835 161 258 2836 162 254 2837 457 257 2838 160 1135 2839 161 258 2840 159 259 2841 160 1135 2842 457 257 2843 152 261 2844 159 259 2845 459 260 2846 151 263 2847 152 261 2848 461 262 2849 150 265 2850 151 263 2851 463 264 2852 467 267 2853 149 269 2854 150 265 2855 469 268 2856 154 271 2857 149 269 2858 471 270 2859 153 1136 2860 154 271 2861 206 272 2862 153 1136 2863 471 270 2864 216 274 2865 206 272 2866 473 273 2867 477 276 2868 224 1137 2869 216 274 2870 232 277 2871 224 1137 2872 477 276 2873 412 278 2874 240 1138 2875 232 277 2876 238 178 2877 240 1138 2878 412 278 2879 173 279 2880 171 1139 2881 61 280 2882 174 282 2883 173 279 2884 62 281 2885 61 280 2886 171 1139 2887 166 284 2888 172 286 2889 174 282 2890 64 283 2891 66 288 2892 165 1140 2893 172 286 2894 63 285 2895 166 284 2896 169 289 2897 163 291 2898 165 1140 2899 66 288 2900 164 293 2901 163 291 2902 68 292 2903 169 289 2904 168 300 2905 70 295 2906 170 296 2907 164 293 2908 69 294 2909 167 298 2910 170 296 2911 71 297 2912 168 300 2913 190 1141 2914 74 301 2915 73 302 2916 188 304 2917 167 298 2918 75 303 2919 187 308 2920 188 304 2921 74 301 2922 190 1141 2923 183 305 2924 76 307 2925 189 1142 2926 187 308 2927 184 309 2928 189 1142 2929 76 307 2930 78 306 2931 183 305 2932 180 311 2933 79 313 2934 186 315 2935 184 309 2936 80 314 2937 185 319 2938 186 315 2939 83 312 2940 180 311 2941 181 316 2942 81 318 2943 179 1143 2944 185 319 2945 182 320 2946 179 1143 2947 81 318 2948 181 316 2949 178 327 2950 90 322 2951 176 323 2952 182 320 2953 82 321 2954 175 325 2955 176 323 2956 84 324 2957 178 327 2958 201 332 2959 94 328 2960 86 329 2961 177 1144 2962 175 325 2963 200 330 2964 177 1144 2965 86 329 2966 201 332 2967 197 338 2968 98 333 2969 202 334 2970 200 330 2971 88 331 2972 203 336 2973 202 334 2974 89 335 2975 197 338 2976 205 1145 2977 102 339 2978 198 340 2979 203 336 2980 91 337 2981 93 342 2982 199 346 2983 198 340 2984 102 339 2985 205 1145 2986 215 343 2987 95 345 2988 194 348 2989 199 346 2990 96 347 2991 195 1146 2992 194 348 2993 215 343 2994 223 354 2995 111 349 2996 196 350 2997 195 1146 2998 96 347 2999 191 352 3000 196 350 3001 97 351 3002 223 354 3003 231 359 3004 115 355 3005 100 356 3006 192 358 3007 191 352 3008 101 357 3009 193 1147 3010 192 358 3011 231 359 3012 239 1148 3013 119 360 3014 204 361 3015 193 1147 3016 101 357 3017 207 363 3018 204 361 3019 103 362 3020 119 360 3021 239 1148 3022 237 365 3023 209 367 3024 207 363 3025 104 364 3026 106 369 3027 211 1149 3028 209 367 3029 120 366 3030 237 365 3031 235 370 3032 213 372 3033 211 1149 3034 106 369 3035 217 374 3036 213 372 3037 108 373 3038 118 371 3039 235 370 3040 233 376 3041 219 378 3042 217 374 3043 109 375 3044 221 380 3045 219 378 3046 110 379 3047 233 376 3048 229 1150 3049 116 382 3050 113 383 3051 225 385 3052 221 380 3053 114 384 3054 227 386 3055 225 385 3056 116 382 3057 229 1150 3058 227 386 3059 694 387 3060 62 281 3061 61 280 3062 64 283 3063 62 281 3064 694 387 3065 61 280 3066 63 285 3067 691 390 3068 689 391 3069 65 287 3070 64 283 3071 66 288 3072 65 287 3073 689 391 3074 691 390 3075 63 285 3076 67 290 3077 688 394 3078 68 292 3079 66 288 3080 686 395 3081 69 294 3082 68 292 3083 67 290 3084 70 295 3085 685 396 3086 71 297 3087 69 294 3088 686 395 3089 72 299 3090 71 297 3091 683 397 3092 685 396 3093 70 295 3094 74 301 3095 682 400 3096 73 302 3097 72 299 3098 75 303 3099 73 302 3100 682 400 3101 74 301 3102 78 306 3103 679 402 3104 76 307 3105 75 303 3106 680 401 3107 623 404 3108 77 310 3109 76 307 3110 78 306 3111 83 312 3112 627 405 3113 79 313 3114 77 310 3115 623 404 3116 634 407 3117 80 314 3118 79 313 3119 627 405 3120 83 312 3121 87 317 3122 81 318 3123 80 314 3124 634 407 3125 639 410 3126 82 321 3127 81 318 3128 633 408 3129 87 317 3130 90 322 3131 84 324 3132 82 321 3133 639 410 3134 637 413 3135 85 326 3136 84 324 3137 90 322 3138 94 328 3139 635 414 3140 86 329 3141 85 326 3142 637 413 3143 642 416 3144 88 331 3145 86 329 3146 635 414 3147 94 328 3148 98 333 3149 643 418 3150 89 335 3151 88 331 3152 91 337 3153 89 335 3154 643 418 3155 646 417 3156 98 333 3157 102 339 3158 603 421 3159 92 341 3160 91 337 3161 612 422 3162 93 342 3163 92 341 3164 102 339 3165 107 344 3166 601 423 3167 95 345 3168 93 342 3169 612 422 3170 96 347 3171 95 345 3172 611 424 3173 601 423 3174 107 344 3175 111 349 3176 617 427 3177 97 351 3178 96 347 3179 99 353 3180 97 351 3181 617 427 3182 111 349 3183 115 355 3184 708 429 3185 613 430 3186 100 356 3187 99 353 3188 101 357 3189 100 356 3190 613 430 3191 708 429 3192 115 355 3193 119 360 3194 696 433 3195 103 362 3196 101 357 3197 104 364 3198 103 362 3199 696 433 3200 119 360 3201 120 366 3202 618 435 3203 699 436 3204 105 368 3205 104 364 3206 106 369 3207 105 368 3208 699 436 3209 618 435 3210 120 366 3211 118 371 3212 703 439 3213 108 373 3214 106 369 3215 661 440 3216 109 375 3217 108 373 3218 118 371 3219 117 377 3220 659 441 3221 110 379 3222 109 375 3223 661 440 3224 112 381 3225 110 379 3226 706 442 3227 659 441 3228 117 377 3229 116 382 3230 665 445 3231 113 383 3232 112 381 3233 114 384 3234 113 383 3235 665 445 3236 116 382 3237 114 384 3238 713 446 3239 357 447 3240 355 556 3241 233 448 3242 233 448 3243 355 556 3244 351 450 3245 229 451 3246 351 450 3247 349 452 3248 349 452 3249 347 455 3250 225 454 3251 347 455 3252 343 457 3253 221 456 3254 343 457 3255 341 567 3256 219 458 3257 219 458 3258 341 567 3259 339 459 3260 217 460 3261 339 459 3262 335 461 3263 335 461 3264 333 464 3265 211 463 3266 333 464 3267 331 576 3268 209 465 3269 209 465 3270 331 576 3271 329 466 3272 207 467 3273 329 466 3274 272 468 3275 204 469 3276 272 468 3277 284 470 3278 284 470 3279 264 473 3280 192 472 3281 264 473 3282 260 475 3283 191 474 3284 260 475 3285 268 587 3286 196 476 3287 196 476 3288 268 587 3289 248 477 3290 195 478 3291 248 477 3292 244 479 3293 244 479 3294 254 482 3295 199 481 3296 254 482 3297 320 484 3298 198 483 3299 320 484 3300 322 597 3301 203 485 3302 203 485 3303 322 597 3304 318 486 3305 202 487 3306 318 486 3307 312 488 3308 312 488 3309 316 491 3310 177 490 3311 316 491 3312 310 606 3313 175 492 3314 175 492 3315 310 606 3316 306 493 3317 176 494 3318 306 493 3319 308 495 3320 182 496 3321 308 495 3322 302 497 3323 302 497 3324 296 500 3325 185 499 3326 296 500 3327 300 502 3328 186 501 3329 300 502 3330 294 617 3331 184 503 3332 184 503 3333 294 617 3334 292 504 3335 189 505 3336 292 504 3337 288 506 3338 288 506 3339 286 509 3340 188 508 3341 286 509 3342 282 511 3343 167 510 3344 282 511 3345 278 627 3346 170 512 3347 170 512 3348 278 627 3349 276 513 3350 164 514 3351 276 513 3352 270 515 3353 270 515 3354 266 518 3355 165 517 3356 266 518 3357 262 636 3358 172 519 3359 172 519 3360 262 636 3361 256 520 3362 174 521 3363 256 520 3364 250 522 3365 173 523 3366 250 522 3367 246 524 3368 246 524 3369 252 527 3370 166 526 3371 252 527 3372 326 529 3373 169 528 3374 326 529 3375 280 647 3376 168 530 3377 168 530 3378 280 647 3379 290 531 3380 190 532 3381 290 531 3382 298 533 3383 298 533 3384 304 536 3385 180 535 3386 304 536 3387 314 538 3388 181 537 3389 314 538 3390 324 657 3391 178 539 3392 178 539 3393 324 657 3394 242 540 3395 201 541 3396 242 540 3397 258 542 3398 258 542 3399 274 545 3400 205 544 3401 274 545 3402 327 666 3403 215 546 3404 215 546 3405 327 666 3406 337 547 3407 223 548 3408 337 547 3409 345 549 3410 231 550 3411 345 549 3412 353 551 3413 353 551 3414 359 554 3415 237 553 3416 359 554 3417 357 447 3418 235 449 3419 357 447 3420 358 557 3421 356 555 3422 358 557 3423 238 1151 3424 236 558 3425 356 555 3426 352 560 3427 351 450 3428 356 555 3429 236 558 3430 234 559 3431 352 560 3432 350 562 3433 349 452 3434 352 560 3435 234 559 3436 230 561 3437 350 562 3438 348 564 3439 347 455 3440 350 562 3441 230 561 3442 228 563 3443 348 564 3444 344 566 3445 343 457 3446 348 564 3447 228 563 3448 226 565 3449 344 566 3450 342 568 3451 341 567 3452 226 565 3453 222 570 3454 342 568 3455 341 567 3456 342 568 3457 340 569 3458 222 570 3459 220 572 3460 340 569 3461 339 459 3462 340 569 3463 336 571 3464 220 572 3465 218 574 3466 336 571 3467 335 461 3468 336 571 3469 334 573 3470 218 574 3471 214 577 3472 334 573 3473 333 464 3474 334 573 3475 332 575 3476 214 577 3477 212 578 3478 332 575 3479 332 575 3480 330 579 3481 329 466 3482 212 578 3483 210 1152 3484 330 579 3485 330 579 3486 271 581 3487 272 468 3488 330 579 3489 210 1152 3490 208 580 3491 271 581 3492 283 582 3493 284 470 3494 208 580 3495 130 1153 3496 283 582 3497 283 582 3498 263 584 3499 264 473 3500 283 582 3501 130 1153 3502 129 583 3503 264 473 3504 263 584 3505 259 585 3506 129 583 3507 132 1154 3508 259 585 3509 260 475 3510 259 585 3511 267 586 3512 259 585 3513 132 1154 3514 131 588 3515 267 586 3516 247 590 3517 248 477 3518 267 586 3519 131 588 3520 122 589 3521 247 590 3522 243 592 3523 244 479 3524 247 590 3525 122 589 3526 121 591 3527 243 592 3528 253 594 3529 254 482 3530 243 592 3531 121 591 3532 124 593 3533 253 594 3534 319 596 3535 320 484 3536 253 594 3537 124 593 3538 123 595 3539 319 596 3540 321 598 3541 322 597 3542 123 595 3543 126 600 3544 321 598 3545 322 597 3546 321 598 3547 317 599 3548 126 600 3549 125 602 3550 317 599 3551 318 486 3552 317 599 3553 311 601 3554 125 602 3555 128 604 3556 311 601 3557 312 488 3558 311 601 3559 315 603 3560 128 604 3561 127 607 3562 315 603 3563 316 491 3564 315 603 3565 309 605 3566 127 607 3567 141 608 3568 309 605 3569 309 605 3570 305 609 3571 306 493 3572 141 608 3573 142 1155 3574 305 609 3575 305 609 3576 307 611 3577 308 495 3578 305 609 3579 142 1155 3580 143 610 3581 307 611 3582 301 612 3583 302 497 3584 143 610 3585 144 1156 3586 301 612 3587 301 612 3588 295 614 3589 296 500 3590 301 612 3591 144 1156 3592 145 613 3593 296 500 3594 295 614 3595 299 615 3596 145 613 3597 146 1157 3598 299 615 3599 300 502 3600 299 615 3601 293 616 3602 299 615 3603 146 1157 3604 147 618 3605 293 616 3606 291 620 3607 292 504 3608 293 616 3609 147 618 3610 148 619 3611 291 620 3612 287 622 3613 288 506 3614 291 620 3615 148 619 3616 133 621 3617 287 622 3618 285 624 3619 286 509 3620 287 622 3621 133 621 3622 134 623 3623 285 624 3624 281 626 3625 282 511 3626 285 624 3627 134 623 3628 135 625 3629 281 626 3630 277 628 3631 278 627 3632 135 625 3633 136 630 3634 277 628 3635 278 627 3636 277 628 3637 275 629 3638 136 630 3639 137 632 3640 275 629 3641 276 513 3642 275 629 3643 269 631 3644 137 632 3645 138 634 3646 269 631 3647 270 515 3648 269 631 3649 265 633 3650 138 634 3651 139 637 3652 265 633 3653 266 518 3654 265 633 3655 261 635 3656 139 637 3657 140 638 3658 261 635 3659 261 635 3660 255 639 3661 256 520 3662 140 638 3663 158 1158 3664 255 639 3665 255 639 3666 249 641 3667 250 522 3668 255 639 3669 158 1158 3670 157 640 3671 249 641 3672 245 642 3673 246 524 3674 157 640 3675 156 1159 3676 245 642 3677 245 642 3678 251 644 3679 252 527 3680 245 642 3681 156 1159 3682 155 643 3683 252 527 3684 251 644 3685 325 645 3686 155 643 3687 162 1160 3688 325 645 3689 326 529 3690 325 645 3691 279 646 3692 325 645 3693 162 1160 3694 161 648 3695 279 646 3696 289 650 3697 290 531 3698 279 646 3699 161 648 3700 160 649 3701 289 650 3702 297 652 3703 298 533 3704 289 650 3705 160 649 3706 159 651 3707 297 652 3708 303 654 3709 304 536 3710 297 652 3711 159 651 3712 152 653 3713 303 654 3714 313 656 3715 314 538 3716 303 654 3717 152 653 3718 151 655 3719 313 656 3720 323 658 3721 324 657 3722 151 655 3723 150 660 3724 323 658 3725 324 657 3726 323 658 3727 241 659 3728 150 660 3729 149 662 3730 241 659 3731 242 540 3732 241 659 3733 257 661 3734 149 662 3735 154 664 3736 257 661 3737 258 542 3738 257 661 3739 273 663 3740 154 664 3741 153 667 3742 273 663 3743 274 545 3744 273 663 3745 328 665 3746 153 667 3747 206 668 3748 328 665 3749 328 665 3750 338 669 3751 337 547 3752 206 668 3753 216 1161 3754 338 669 3755 338 669 3756 346 671 3757 345 549 3758 338 669 3759 216 1161 3760 224 670 3761 346 671 3762 354 672 3763 353 551 3764 224 670 3765 232 1162 3766 354 672 3767 354 672 3768 360 674 3769 359 554 3770 354 672 3771 232 1162 3772 240 673 3773 359 554 3774 360 674 3775 358 557 3776 240 673 3777 238 1151 3778 358 557 3779 448 675 3780 570 783 3781 568 676 3782 572 678 3783 570 783 3784 448 675 3785 446 677 3786 568 676 3787 543 680 3788 368 681 3789 543 680 3790 547 682 3791 574 684 3792 572 678 3793 450 679 3794 547 682 3795 545 687 3796 376 686 3797 545 687 3798 551 691 3799 381 688 3800 576 689 3801 574 684 3802 452 685 3803 551 691 3804 549 800 3805 383 692 3806 383 692 3807 549 800 3808 555 693 3809 456 695 3810 578 700 3811 576 689 3812 390 694 3813 555 693 3814 554 696 3815 554 696 3816 532 701 3817 397 698 3818 458 699 3819 580 706 3820 578 700 3821 532 701 3822 534 811 3823 399 702 3824 399 702 3825 534 811 3826 528 703 3827 460 705 3828 582 817 3829 580 706 3830 402 704 3831 528 703 3832 530 707 3833 530 707 3834 540 712 3835 405 709 3836 584 710 3837 582 817 3838 460 705 3839 540 712 3840 542 714 3841 404 713 3842 542 714 3843 536 826 3844 407 715 3845 586 716 3846 584 710 3847 462 711 3848 407 715 3849 536 826 3850 538 718 3851 408 719 3852 538 718 3853 516 720 3854 466 722 3855 588 834 3856 586 716 3857 410 721 3858 516 720 3859 518 723 3860 518 723 3861 512 728 3862 411 725 3863 590 726 3864 588 834 3865 466 722 3866 512 728 3867 514 730 3868 413 729 3869 514 730 3870 524 845 3871 415 731 3872 592 732 3873 590 726 3874 468 727 3875 415 731 3876 524 845 3877 526 734 3878 526 734 3879 520 739 3880 414 736 3881 594 737 3882 592 732 3883 470 733 3884 520 739 3885 522 855 3886 419 740 3887 419 740 3888 522 855 3889 502 741 3890 474 743 3891 596 749 3892 594 737 3893 417 742 3894 502 741 3895 500 744 3896 418 745 3897 500 744 3898 498 746 3899 476 748 3900 598 754 3901 596 749 3902 498 746 3903 496 751 3904 420 750 3905 496 751 3906 510 755 3907 423 752 3908 478 753 3909 600 870 3910 598 754 3911 510 755 3912 508 873 3913 424 756 3914 424 756 3915 508 873 3916 506 757 3917 564 759 3918 600 870 3919 478 753 3920 422 758 3921 506 757 3922 504 761 3923 428 762 3924 504 761 3925 488 763 3926 562 765 3927 564 759 3928 480 760 3929 488 763 3930 486 768 3931 425 767 3932 486 768 3933 484 772 3934 431 769 3935 559 770 3936 562 765 3937 427 766 3938 484 772 3939 481 890 3940 430 773 3941 430 773 3942 481 890 3943 493 774 3944 429 776 3945 557 781 3946 559 770 3947 436 775 3948 493 774 3949 565 777 3950 565 777 3951 491 782 3952 433 779 3953 434 780 3954 489 899 3955 557 781 3956 491 782 3957 489 899 3958 434 780 3959 570 783 3960 569 786 3961 567 784 3962 449 785 3963 447 788 3964 567 784 3965 571 787 3966 569 786 3967 570 783 3968 571 787 3969 451 793 3970 449 785 3971 567 784 3972 544 789 3973 543 680 3974 447 788 3975 445 1163 3976 544 789 3977 544 789 3978 548 791 3979 547 682 3980 544 789 3981 445 1163 3982 406 790 3983 574 684 3984 573 792 3985 571 787 3986 573 792 3987 453 1164 3988 451 793 3989 547 682 3990 548 791 3991 546 794 3992 406 790 3993 389 795 3994 546 794 3995 546 794 3996 552 796 3997 551 691 3998 389 795 3999 388 801 4000 552 796 4001 576 689 4002 575 798 4003 573 792 4004 455 797 4005 453 1164 4006 573 792 4007 551 691 4008 552 796 4009 550 799 4010 388 801 4011 387 803 4012 550 799 4013 549 800 4014 550 799 4015 556 802 4016 387 803 4017 386 805 4018 556 802 4019 577 804 4020 575 798 4021 576 689 4022 577 804 4023 457 810 4024 455 797 4025 556 802 4026 553 806 4027 554 696 4028 386 805 4029 385 1165 4030 553 806 4031 553 806 4032 531 808 4033 532 701 4034 553 806 4035 385 1165 4036 384 807 4037 580 706 4038 579 809 4039 577 804 4040 579 809 4041 459 818 4042 457 810 4043 531 808 4044 533 813 4045 534 811 4046 531 808 4047 384 807 4048 382 812 4049 534 811 4050 533 813 4051 527 814 4052 533 813 4053 382 812 4054 380 815 4055 581 816 4056 579 809 4057 580 706 4058 581 816 4059 461 823 4060 459 818 4061 527 814 4062 529 820 4063 530 707 4064 527 814 4065 380 815 4066 401 819 4067 530 707 4068 529 820 4069 539 821 4070 401 819 4071 400 1166 4072 539 821 4073 583 822 4074 581 816 4075 582 817 4076 583 822 4077 463 1167 4078 461 823 4079 540 712 4080 539 821 4081 541 824 4082 539 821 4083 400 1166 4084 398 825 4085 541 824 4086 535 828 4087 536 826 4088 541 824 4089 398 825 4090 396 827 4091 586 716 4092 585 830 4093 583 822 4094 465 829 4095 463 1167 4096 583 822 4097 536 826 4098 535 828 4099 537 831 4100 396 827 4101 395 832 4102 537 831 4103 537 831 4104 515 833 4105 516 720 4106 395 832 4107 394 1168 4108 515 833 4109 588 834 4110 587 836 4111 585 830 4112 467 835 4113 465 829 4114 585 830 4115 515 833 4116 517 838 4117 518 723 4118 515 833 4119 394 1168 4120 393 837 4121 518 723 4122 517 838 4123 511 839 4124 393 837 4125 392 842 4126 511 839 4127 590 726 4128 589 841 4129 587 836 4130 469 840 4131 467 835 4132 587 836 4133 511 839 4134 513 843 4135 514 730 4136 392 842 4137 367 846 4138 513 843 4139 514 730 4140 513 843 4141 523 844 4142 367 846 4143 369 850 4144 523 844 4145 591 847 4146 589 841 4147 590 726 4148 471 848 4149 469 840 4150 589 841 4151 524 845 4152 523 844 4153 525 849 4154 369 850 4155 365 852 4156 525 849 4157 526 734 4158 525 849 4159 519 851 4160 365 852 4161 366 1169 4162 519 851 4163 594 737 4164 593 854 4165 591 847 4166 473 853 4167 471 848 4168 591 847 4169 519 851 4170 521 857 4171 522 855 4172 519 851 4173 366 1169 4174 363 856 4175 521 857 4176 501 859 4177 502 741 4178 521 857 4179 363 856 4180 364 858 4181 595 860 4182 593 854 4183 594 737 4184 595 860 4185 475 1170 4186 473 853 4187 502 741 4188 501 859 4189 499 861 4190 501 859 4191 364 858 4192 361 862 4193 499 861 4194 497 864 4195 498 746 4196 499 861 4197 361 862 4198 362 863 4199 597 865 4200 595 860 4201 596 749 4202 477 866 4203 475 1170 4204 595 860 4205 498 746 4206 497 864 4207 495 867 4208 362 863 4209 378 1171 4210 495 867 4211 496 751 4212 495 867 4213 509 868 4214 495 867 4215 378 1171 4216 379 869 4217 600 870 4218 599 872 4219 597 865 4220 479 871 4221 477 866 4222 597 865 4223 509 868 4224 507 875 4225 508 873 4226 509 868 4227 379 869 4228 375 874 4229 508 873 4230 507 875 4231 505 876 4232 375 874 4233 377 878 4234 505 876 4235 563 877 4236 599 872 4237 600 870 4238 563 877 4239 412 883 4240 479 871 4241 505 876 4242 503 879 4243 504 761 4244 377 878 4245 373 1172 4246 503 879 4247 503 879 4248 487 881 4249 488 763 4250 503 879 4251 373 1172 4252 374 880 4253 562 765 4254 561 882 4255 563 877 4256 561 882 4257 444 1173 4258 412 883 4259 488 763 4260 487 881 4261 485 884 4262 374 880 4263 370 885 4264 485 884 4265 485 884 4266 483 886 4267 484 772 4268 370 885 4269 371 891 4270 483 886 4271 559 770 4272 560 888 4273 561 882 4274 443 887 4275 444 1173 4276 561 882 4277 484 772 4278 483 886 4279 482 889 4280 371 891 4281 437 893 4282 482 889 4283 481 890 4284 482 889 4285 494 892 4286 437 893 4287 438 895 4288 494 892 4289 558 894 4290 560 888 4291 559 770 4292 558 894 4293 442 901 4294 443 887 4295 494 892 4296 566 896 4297 565 777 4298 438 895 4299 439 1174 4300 566 896 4301 566 896 4302 492 898 4303 491 782 4304 566 896 4305 439 1174 4306 440 897 4307 489 899 4308 490 900 4309 558 894 4310 490 900 4311 441 902 4312 442 901 4313 492 898 4314 490 900 4315 489 899 4316 492 898 4317 440 897 4318 441 902 4319 804 903 4320 800 1012 4321 694 904 4322 694 904 4323 800 1012 4324 796 906 4325 691 908 4326 798 1017 4327 804 903 4328 692 907 4329 796 906 4330 794 909 4331 689 910 4332 794 909 4333 792 911 4334 788 913 4335 798 1017 4336 691 908 4337 687 912 4338 792 911 4339 740 915 4340 688 916 4341 740 915 4342 738 917 4343 744 919 4344 788 913 4345 690 914 4346 738 917 4347 742 1030 4348 683 921 4349 683 921 4350 742 1030 4351 748 922 4352 750 924 4353 744 919 4354 685 920 4355 681 923 4356 748 922 4357 746 926 4358 746 926 4359 810 931 4360 680 928 4361 727 929 4362 750 924 4363 684 925 4364 810 931 4365 723 933 4366 626 932 4367 723 933 4368 721 937 4369 623 934 4370 733 935 4371 727 929 4372 679 930 4373 721 937 4374 725 939 4375 625 938 4376 725 939 4377 731 1047 4378 634 940 4379 633 941 4380 767 1050 4381 733 935 4382 634 940 4383 731 1047 4384 729 942 4385 729 942 4386 735 1054 4387 639 944 4388 769 945 4389 767 1050 4390 633 941 4391 639 944 4392 735 1054 4393 811 947 4394 640 948 4395 811 947 4396 805 949 4397 755 951 4398 769 945 4399 631 946 4400 637 950 4401 805 949 4402 807 953 4403 644 954 4404 807 953 4405 813 955 4406 646 957 4407 763 962 4408 755 951 4409 642 956 4410 813 955 4411 815 958 4412 815 958 4413 771 963 4414 604 960 4415 606 961 4416 779 968 4417 763 962 4418 771 963 4419 751 1073 4420 603 964 4421 603 964 4422 751 1073 4423 753 965 4424 601 967 4425 785 973 4426 779 968 4427 753 965 4428 757 970 4429 611 969 4430 757 970 4431 759 974 4432 607 971 4433 608 972 4434 773 979 4435 785 973 4436 759 974 4437 761 976 4438 617 975 4439 761 976 4440 765 980 4441 615 977 4442 708 978 4443 775 1087 4444 773 979 4445 765 980 4446 783 1090 4447 613 981 4448 613 981 4449 783 1090 4450 781 982 4451 789 984 4452 775 1087 4453 708 978 4454 781 982 4455 777 1097 4456 696 986 4457 696 986 4458 777 1097 4459 817 987 4460 618 989 4461 801 1101 4462 789 984 4463 655 988 4464 817 987 4465 819 990 4466 699 991 4467 819 990 4468 821 992 4469 827 994 4470 801 1101 4471 618 989 4472 657 993 4473 821 992 4474 823 996 4475 703 997 4476 823 996 4477 829 998 4478 825 1000 4479 827 994 4480 718 995 4481 829 998 4482 831 1114 4483 706 1002 4484 706 1002 4485 831 1114 4486 839 1003 4487 833 1005 4488 825 1000 4489 659 1001 4490 710 1004 4491 839 1003 4492 835 1007 4493 835 1007 4494 837 1010 4495 713 1009 4496 837 1010 4497 833 1005 4498 663 1006 4499 803 1011 4500 799 1014 4501 800 1012 4502 609 1013 4503 602 1016 4504 799 1014 4505 800 1012 4506 799 1014 4507 795 1015 4508 602 1016 4509 605 1175 4510 795 1015 4511 798 1017 4512 797 1018 4513 803 1011 4514 797 1018 4515 616 1024 4516 609 1013 4517 795 1015 4518 793 1020 4519 794 909 4520 795 1015 4521 605 1175 4522 610 1019 4523 793 1020 4524 791 1022 4525 792 911 4526 793 1020 4527 610 1019 4528 614 1021 4529 787 1023 4530 797 1018 4531 798 1017 4532 787 1023 4533 624 1176 4534 616 1024 4535 791 1022 4536 739 1025 4537 740 915 4538 614 1021 4539 619 1177 4540 739 1025 4541 739 1025 4542 737 1027 4543 738 917 4544 739 1025 4545 619 1177 4546 622 1026 4547 744 919 4548 743 1029 4549 787 1023 4550 632 1028 4551 624 1176 4552 787 1023 4553 737 1027 4554 741 1031 4555 742 1030 4556 622 1026 4557 628 1032 4558 741 1031 4559 741 1031 4560 747 1033 4561 748 922 4562 628 1032 4563 629 1178 4564 747 1033 4565 750 924 4566 749 1035 4567 743 1029 4568 641 1034 4569 632 1028 4570 743 1029 4571 748 922 4572 747 1033 4573 745 1036 4574 747 1033 4575 629 1178 4576 636 1037 4577 746 926 4578 745 1036 4579 809 1038 4580 636 1037 4581 638 1179 4582 809 1038 4583 727 929 4584 728 1039 4585 749 1035 4586 728 1039 4587 647 1180 4588 641 1034 4589 810 931 4590 809 1038 4591 724 1040 4592 809 1038 4593 638 1179 4594 645 1041 4595 723 933 4596 724 1040 4597 722 1042 4598 645 1041 4599 648 1046 4600 722 1042 4601 733 935 4602 734 1044 4603 728 1039 4604 652 1043 4605 647 1180 4606 728 1039 4607 721 937 4608 722 1042 4609 726 1045 4610 648 1046 4611 650 1181 4612 726 1045 4613 726 1045 4614 732 1049 4615 731 1047 4616 726 1045 4617 650 1181 4618 649 1048 4619 767 1050 4620 768 1051 4621 734 1044 4622 768 1051 4623 653 1182 4624 652 1043 4625 731 1047 4626 732 1049 4627 730 1052 4628 732 1049 4629 649 1048 4630 651 1053 4631 730 1052 4632 736 1055 4633 735 1054 4634 651 1053 4635 654 1059 4636 736 1055 4637 770 1056 4638 768 1051 4639 767 1050 4640 662 1057 4641 653 1182 4642 768 1051 4643 735 1054 4644 736 1055 4645 812 1058 4646 654 1059 4647 658 1183 4648 812 1058 4649 812 1058 4650 806 1061 4651 805 949 4652 812 1058 4653 658 1183 4654 656 1060 4655 756 1062 4656 770 1056 4657 769 945 4658 664 1063 4659 662 1057 4660 770 1056 4661 806 1061 4662 808 1065 4663 807 953 4664 806 1061 4665 656 1060 4666 660 1064 4667 808 1065 4668 814 1066 4669 813 955 4670 660 1064 4671 666 1184 4672 814 1066 4673 764 1067 4674 756 1062 4675 755 951 4676 764 1067 4677 670 1185 4678 664 1063 4679 814 1066 4680 816 1069 4681 815 958 4682 814 1066 4683 666 1184 4684 668 1068 4685 816 1069 4686 772 1070 4687 771 963 4688 668 1068 4689 667 1074 4690 772 1070 4691 780 1071 4692 764 1067 4693 763 962 4694 695 1072 4695 670 1185 4696 764 1067 4697 772 1070 4698 752 1075 4699 751 1073 4700 667 1074 4701 671 1186 4702 752 1075 4703 751 1073 4704 752 1075 4705 754 1076 4706 752 1075 4707 671 1186 4708 669 1077 4709 786 1078 4710 780 1071 4711 779 968 4712 786 1078 4713 702 1083 4714 695 1072 4715 753 965 4716 754 1076 4717 758 1079 4718 669 1077 4719 673 1187 4720 758 1079 4721 757 970 4722 758 1079 4723 760 1080 4724 758 1079 4725 673 1187 4726 674 1081 4727 774 1082 4728 786 1078 4729 785 973 4730 774 1082 4731 709 1188 4732 702 1083 4733 759 974 4734 760 1080 4735 762 1084 4736 674 1081 4737 672 1086 4738 762 1084 4739 761 976 4740 762 1084 4741 766 1085 4742 672 1086 4743 677 1189 4744 766 1085 4745 775 1087 4746 776 1089 4747 774 1082 4748 715 1088 4749 709 1188 4750 774 1082 4751 766 1085 4752 784 1092 4753 783 1090 4754 766 1085 4755 677 1189 4756 675 1091 4757 783 1090 4758 784 1092 4759 782 1093 4760 784 1092 4761 675 1091 4762 676 1094 4763 790 1095 4764 776 1089 4765 775 1087 4766 720 1096 4767 715 1088 4768 776 1089 4769 782 1093 4770 778 1098 4771 777 1097 4772 676 1094 4773 678 1100 4774 778 1098 4775 777 1097 4776 778 1098 4777 818 1099 4778 678 1100 4779 697 1190 4780 818 1099 4781 801 1101 4782 802 1102 4783 790 1095 4784 802 1102 4785 719 1108 4786 720 1096 4787 818 1099 4788 820 1104 4789 819 990 4790 818 1099 4791 697 1190 4792 698 1103 4793 820 1104 4794 822 1106 4795 821 992 4796 820 1104 4797 698 1103 4798 700 1105 4799 828 1107 4800 802 1102 4801 801 1101 4802 828 1107 4803 717 1191 4804 719 1108 4805 822 1106 4806 824 1109 4807 823 996 4808 700 1105 4809 701 1192 4810 824 1109 4811 824 1109 4812 830 1111 4813 829 998 4814 824 1109 4815 701 1192 4816 704 1110 4817 825 1000 4818 826 1113 4819 828 1107 4820 716 1112 4821 717 1191 4822 828 1107 4823 830 1111 4824 832 1115 4825 831 1114 4826 704 1110 4827 705 1116 4828 832 1115 4829 832 1115 4830 840 1117 4831 839 1003 4832 705 1116 4833 707 1193 4834 840 1117 4835 833 1005 4836 834 1119 4837 826 1113 4838 714 1118 4839 716 1112 4840 826 1113 4841 839 1003 4842 840 1117 4843 836 1120 4844 840 1117 4845 707 1193 4846 711 1121 4847 835 1007 4848 836 1120 4849 838 1122 4850 711 1121 4851 712 1194 4852 838 1122 4853 837 1010 4854 838 1122 4855 834 1119 4856 838 1122 4857 712 1194 4858 714 1118 4859</p>
        </triangles>
      </mesh>
    </geometry>
    <geometry id="Mesh_001-mesh" name="Mesh.001">
      <mesh>
        <source id="Mesh_001-mesh-positions">
          <float_array id="Mesh_001-mesh-positions-array" count="1980">-2.481866 7.631296 0 -2.461828 7.504127 -0.5232778 -2.460759 7.761485 0 3.25 -8.25 0 2.45375 8.25 0 -2.427631 7.631296 -0.5160089 -2.340321 7.761485 0.7604162 3.232196 -8.25 -0.3397175 2.440308 8.25 -0.2564867 -2.406985 7.761485 -0.5116205 -2.360394 7.631296 0.7669386 3.17898 -8.25 -0.675713 2.40013 8.25 -0.5101633 -2.393645 7.504127 -0.7777424 -2.393645 7.504127 0.7777424 3.090934 -8.25 -1.004305 2.333655 8.25 -0.7582505 -2.360394 7.631296 -0.7669386 -2.406985 7.761485 0.5116205 2.969023 -8.25 -1.321894 2.241612 8.25 -0.9980301 -2.340321 7.761485 -0.7604162 -2.427631 7.631296 0.5160089 2.814583 -8.25 -1.625 2.12501 8.25 -1.226875 -2.299236 7.504127 -1.023686 -2.461828 7.504127 0.5232778 2.629305 -8.25 -1.910302 1.985125 8.25 -1.442278 -2.267297 7.631296 -1.009466 -2.131079 7.761485 1.230379 2.415221 -8.25 -2.174674 1.823492 8.25 -1.641879 -2.248015 7.761485 -1.000881 -2.149359 7.631296 1.240933 2.174674 -8.25 -2.415221 1.641879 8.25 -1.823492 -2.179636 7.504127 -1.258414 -2.179636 7.504127 1.258414 1.910302 -8.25 -2.629305 1.442278 8.25 -1.985125 -2.149359 7.631296 -1.240933 -2.248015 7.761485 1.000881 1.625 -8.25 -2.814583 1.226875 8.25 -2.12501 -2.131079 7.761485 -1.230379 -2.267297 7.631296 1.009466 1.321894 -8.25 -2.969023 0.9980301 8.25 -2.241612 -2.036156 7.504127 -1.479354 -2.299236 7.504127 1.023686 1.004305 -8.25 -3.090934 0.7582505 8.25 -2.333655 -2.007871 7.631296 -1.458804 -1.8287 7.761485 1.646569 0.675713 -8.25 -3.17898 0.5101633 8.25 -2.40013 -1.990795 7.761485 -1.446398 -1.844386 7.631296 1.660692 0.3397175 -8.25 -3.232196 0.2564867 8.25 -2.440308 -1.870367 7.504127 -1.684086 -1.870367 7.504127 1.684086 0 -8.25 -3.25 0 8.25 -2.45375 -1.844386 7.631296 -1.660692 -1.990795 7.761485 1.446398 -0.3397175 -8.25 -3.232196 -0.2564867 8.25 -2.440308 -1.8287 7.761485 -1.646569 -2.007871 7.631296 1.458804 -0.675713 -8.25 -3.17898 -0.5101633 8.25 -2.40013 -1.684086 7.504127 -1.870367 -2.036156 7.504127 1.479354 -1.004305 -8.25 -3.090934 -0.7582505 8.25 -2.333655 -1.660692 7.631296 -1.844386 -1.446398 7.761485 1.990795 -1.321894 -8.25 -2.969023 -0.9980301 8.25 -2.241612 -1.646569 7.761485 -1.8287 -1.458804 7.631296 2.007871 -1.625 -8.25 -2.814583 -1.226875 8.25 -2.12501 -1.479354 7.504127 -2.036156 -1.479354 7.504127 2.036156 -1.910302 -8.25 -2.629305 -1.442278 8.25 -1.985125 -1.458804 7.631296 -2.007871 -1.646569 7.761485 1.8287 -2.174674 -8.25 -2.415221 -1.641879 8.25 -1.823492 -1.446398 7.761485 -1.990795 -1.660692 7.631296 1.844386 -2.415221 -8.25 -2.174674 -1.823492 8.25 -1.641879 -1.258414 7.504127 -2.179636 -1.684086 7.504127 1.870367 -2.629305 -8.25 -1.910302 -1.985125 8.25 -1.442278 -1.240933 7.631296 -2.149359 -1.000881 7.761485 2.248015 -2.814583 -8.25 -1.625 -2.12501 8.25 -1.226875 -1.230379 7.761485 -2.131079 -1.009466 7.631296 2.267297 -2.969023 -8.25 -1.321894 -2.241612 8.25 -0.9980301 -1.023686 7.504127 -2.299236 -1.023686 7.504127 2.299236 -3.090934 -8.25 -1.004305 -2.333655 8.25 -0.7582505 -1.009466 7.631296 -2.267297 -1.230379 7.761485 2.131079 -3.17898 -8.25 -0.675713 -2.40013 8.25 -0.5101633 -1.000881 7.761485 -2.248015 -1.240933 7.631296 2.149359 -3.232196 -8.25 -0.3397175 -2.440308 8.25 -0.2564867 -0.7777424 7.504127 -2.393645 -1.258414 7.504127 2.179636 -3.25 -8.25 0 -2.45375 8.25 0 -0.7669386 7.631296 -2.360394 -0.5116205 7.761485 2.406985 -3.232196 -8.25 0.3397175 -2.440308 8.25 0.2564867 -0.7604162 7.761485 -2.340321 -0.5160089 7.631296 2.427631 -3.17898 -8.25 0.675713 -2.40013 8.25 0.5101633 -0.5232778 7.504127 -2.461828 -0.5232778 7.504127 2.461828 -3.090934 -8.25 1.004305 -2.333655 8.25 0.7582505 -0.5160089 7.631296 -2.427631 -0.7604162 7.761485 2.340321 -2.969023 -8.25 1.321894 -2.241612 8.25 0.9980301 -0.5116205 7.761485 -2.406985 -0.7669386 7.631296 2.360394 -2.814583 -8.25 1.625 -2.12501 8.25 1.226875 -0.2630801 7.504127 -2.50304 -0.7777424 7.504127 2.393645 -2.629305 -8.25 1.910302 -1.985125 8.25 1.442278 -0.2594256 7.631296 -2.46827 2.393645 7.504127 0.7777424 -2.415221 -8.25 2.174674 -1.823492 8.25 1.641879 -0.2572193 7.761485 -2.447278 2.360394 7.631296 0.7669386 -2.174674 -8.25 2.415221 -1.641879 8.25 1.823492 0 7.504127 -2.516827 2.340321 7.761485 0.7604162 -1.910302 -8.25 2.629305 -1.442278 8.25 1.985125 0 7.631296 -2.481866 2.299236 7.504127 1.023686 -1.625 -8.25 2.814583 -1.226875 8.25 2.12501 0 7.761485 -2.460759 2.267297 7.631296 1.009466 -1.321894 -8.25 2.969023 -0.9980301 8.25 2.241612 0.2630801 7.504127 -2.50304 2.248015 7.761485 1.000881 -1.004305 -8.25 3.090934 -0.7582505 8.25 2.333655 0.2594256 7.631296 -2.46827 2.50304 7.504127 0.2630801 -0.675713 -8.25 3.17898 -0.5101633 8.25 2.40013 0.2572193 7.761485 -2.447278 2.46827 7.631296 0.2594256 -0.3397175 -8.25 3.232196 -0.2564867 8.25 2.440308 0.5232778 7.504127 -2.461828 2.447278 7.761485 0.2572193 0 -8.25 3.25 0 8.25 2.45375 0.5160089 7.631296 -2.427631 2.461828 7.504127 0.5232778 0.3397175 -8.25 3.232196 0.2564867 8.25 2.440308 0.5116205 7.761485 -2.406985 2.427631 7.631296 0.5160089 0.675713 -8.25 3.17898 0.5101633 8.25 2.40013 0.7777424 7.504127 -2.393645 2.406985 7.761485 0.5116205 1.004305 -8.25 3.090934 0.7582505 8.25 2.333655 0.7669386 7.631296 -2.360394 1.870367 7.504127 1.684086 1.321894 -8.25 2.969023 0.9980301 8.25 2.241612 0.7604162 7.761485 -2.340321 1.844386 7.631296 1.660692 1.625 -8.25 2.814583 1.226875 8.25 2.12501 0 7.761485 2.460759 1.8287 7.761485 1.646569 1.910302 -8.25 2.629305 1.442278 8.25 1.985125 0 7.631296 2.481866 1.684086 7.504127 1.870367 2.174674 -8.25 2.415221 1.641879 8.25 1.823492 0 7.504127 2.516827 1.660692 7.631296 1.844386 2.415221 -8.25 2.174674 1.823492 8.25 1.641879 -2.50304 7.504127 -0.2630801 1.646569 7.761485 1.8287 2.629305 -8.25 1.910302 1.985125 8.25 1.442278 -2.46827 7.631296 -0.2594256 2.179636 7.504127 1.258414 2.814583 -8.25 1.625 2.12501 8.25 1.226875 -2.447278 7.761485 -0.2572193 2.149359 7.631296 1.240933 2.969023 -8.25 1.321894 2.241612 8.25 0.9980301 -2.447278 7.761485 0.2572193 2.131079 7.761485 1.230379 3.090934 -8.25 1.004305 2.333655 8.25 0.7582505 -2.46827 7.631296 0.2594256 2.036156 7.504127 1.479354 3.17898 -8.25 0.675713 2.40013 8.25 0.5101633 -2.50304 7.504127 0.2630801 2.007871 7.631296 1.458804 3.232196 -8.25 0.3397175 2.440308 8.25 0.2564867 -2.516827 7.504127 0 -2.40013 7.892427 -0.5101633 -2.550873 7.382135 -0.2681075 2.340321 7.761485 -0.7604162 2.360394 7.631296 -0.7669386 2.393645 7.504127 -0.7777424 2.406985 7.761485 -0.5116205 2.427631 7.631296 -0.5160089 2.461828 7.504127 -0.5232778 2.447278 7.761485 -0.2572193 2.46827 7.631296 -0.2594256 2.50304 7.504127 -0.2630801 2.460759 7.761485 0 2.481866 7.631296 0 2.516827 7.504127 0 1.8287 7.761485 -1.646569 1.844386 7.631296 -1.660692 1.870367 7.504127 -1.684086 1.990795 7.761485 -1.446398 2.007871 7.631296 -1.458804 2.036156 7.504127 -1.479354 2.131079 7.761485 -1.230379 2.149359 7.631296 -1.240933 2.179636 7.504127 -1.258414 2.248015 7.761485 -1.000881 2.267297 7.631296 -1.009466 2.299236 7.504127 -1.023686 1.000881 7.761485 -2.248015 1.009466 7.631296 -2.267297 1.023686 7.504127 -2.299236 1.230379 7.761485 -2.131079 1.240933 7.631296 -2.149359 1.258414 7.504127 -2.179636 1.446398 7.761485 -1.990795 1.458804 7.631296 -2.007871 1.479354 7.504127 -2.036156 1.646569 7.761485 -1.8287 1.660692 7.631296 -1.844386 1.684086 7.504127 -1.870367 0.2572193 7.761485 2.447278 0.2594256 7.631296 2.46827 0.2630801 7.504127 2.50304 0.5116205 7.761485 2.406985 0.5160089 7.631296 2.427631 0.5232778 7.504127 2.461828 -0.2630801 7.504127 2.50304 -0.2594256 7.631296 2.46827 -0.2572193 7.761485 2.447278 1.230379 7.761485 2.131079 1.240933 7.631296 2.149359 1.258414 7.504127 2.179636 1.446398 7.761485 1.990795 1.458804 7.631296 2.007871 1.479354 7.504127 2.036156 0.7604162 7.761485 2.340321 0.7669386 7.631296 2.360394 0.7777424 7.504127 2.393645 1.000881 7.761485 2.248015 1.009466 7.631296 2.267297 1.023686 7.504127 2.299236 1.990795 7.761485 1.446398 2.343174 7.382135 1.043248 -0.7582505 7.892427 -2.333655 1.282462 7.382135 -2.221289 2.12501 7.892427 -1.226875 2.221289 7.382135 1.282462 2.439387 7.382135 -0.792605 2.241612 7.892427 -0.9980301 -1.043248 7.382135 -2.343174 2.343174 7.382135 -1.043248 2.333655 7.892427 -0.7582505 2.508874 7.382135 0.5332776 2.221289 7.382135 -1.282462 2.40013 7.892427 -0.5101633 2.439387 7.382135 0.792605 2.075067 7.382135 -1.507624 1.442278 7.892427 -1.985125 -0.9980301 7.892427 -2.241612 2.550873 7.382135 0.2681075 1.641879 7.892427 -1.823492 -1.282462 7.382135 -2.221289 2.564924 7.382135 0 1.823492 7.892427 -1.641879 1.716269 7.382135 1.90611 2.550873 7.382135 -0.2681075 1.985125 7.892427 -1.442278 -1.226875 7.892427 -2.12501 2.508874 7.382135 -0.5332776 1.226875 7.892427 -2.12501 1.507624 7.382135 2.075067 -2.564924 7.382135 0 0.7582505 7.892427 2.333655 -1.507624 7.382135 -2.075067 -0.2564867 7.892427 2.440308 0.9980301 7.892427 2.241612 2.075067 7.382135 1.507624 0 7.892427 2.45375 0.2564867 7.892427 2.440308 -1.442278 7.892427 -1.985125 -0.7582505 7.892427 2.333655 0.5101633 7.892427 2.40013 1.90611 7.382135 1.716269 -0.5101633 7.892427 2.40013 1.641879 7.892427 1.823492 -1.716269 7.382135 -1.90611 -1.226875 7.892427 2.12501 1.823492 7.892427 1.641879 0.792605 7.382135 2.439387 -0.9980301 7.892427 2.241612 1.226875 7.892427 2.12501 -1.641879 7.892427 -1.823492 -1.641879 7.892427 1.823492 1.442278 7.892427 1.985125 0.5332776 7.382135 2.508874 -1.442278 7.892427 1.985125 2.241612 7.892427 0.9980301 -1.90611 7.382135 -1.716269 -1.985125 7.892427 1.442278 2.333655 7.892427 0.7582505 1.282462 7.382135 2.221289 -1.823492 7.892427 1.641879 1.985125 7.892427 1.442278 -1.823492 7.892427 -1.641879 -2.241612 7.892427 0.9980301 2.12501 7.892427 1.226875 1.043248 7.382135 2.343174 -2.12501 7.892427 1.226875 2.45375 7.892427 0 -2.075067 7.382135 -1.507624 -2.40013 7.892427 0.5101633 2.440308 7.892427 -0.2564867 -0.2681075 7.382135 2.550873 -2.333655 7.892427 0.7582505 2.40013 7.892427 0.5101633 -1.985125 7.892427 -1.442278 -2.45375 7.892427 0 2.440308 7.892427 0.2564867 -0.5332776 7.382135 2.508874 -2.440308 7.892427 0.2564867 -1.90611 7.382135 1.716269 -2.221289 7.382135 -1.282462 0.9980301 7.892427 -2.241612 -1.716269 7.382135 1.90611 0.2681075 7.382135 2.550873 0.792605 7.382135 -2.439387 0.7582505 7.892427 -2.333655 -2.12501 7.892427 -1.226875 -2.221289 7.382135 1.282462 -2.075067 7.382135 1.507624 0 7.382135 2.564924 0.5332776 7.382135 -2.508874 0.5101633 7.892427 -2.40013 -2.343174 7.382135 -1.043248 -1.043248 7.382135 2.343174 0.2681075 7.382135 -2.550873 1.043248 7.382135 -2.343174 -0.792605 7.382135 2.439387 0.2564867 7.892427 -2.440308 -2.241612 7.892427 -0.9980301 -1.507624 7.382135 2.075067 0 7.382135 -2.564924 1.90611 7.382135 -1.716269 -1.282462 7.382135 2.221289 0 7.892427 -2.45375 -2.439387 7.382135 -0.792605 -2.440308 7.892427 -0.2564867 -0.2681075 7.382135 -2.550873 1.716269 7.382135 -1.90611 -2.439387 7.382135 0.792605 -0.2564867 7.892427 -2.440308 -2.333655 7.892427 -0.7582505 -2.343174 7.382135 1.043248 -0.5332776 7.382135 -2.508874 1.507624 7.382135 -2.075067 -2.550873 7.382135 0.2681075 -0.5101633 7.892427 -2.40013 -2.508874 7.382135 -0.5332776 -2.508874 7.382135 0.5332776 -0.792605 7.382135 -2.439387 3.232196 5.321937 -0.3397175 0.3397175 5.321937 3.232196 0.675713 5.321937 3.17898 3.17898 5.321937 -0.675713 1.004305 5.321937 3.090934 3.090934 5.321937 -1.004305 2.969023 5.321937 -1.321894 -0.3397175 5.321937 3.232196 0 5.321937 3.25 2.814583 5.321937 -1.625 2.629305 5.321937 -1.910302 2.415221 5.321937 -2.174674 2.174674 5.321937 2.415221 2.415221 5.321937 2.174674 2.174674 5.321937 -2.415221 1.910302 5.321937 -2.629305 1.321894 5.321937 2.969023 1.625 5.321937 2.814583 1.625 5.321937 -2.814583 1.321894 5.321937 -2.969023 1.910302 5.321937 2.629305 1.004305 5.321937 -3.090934 3.090934 5.321937 1.004305 3.232196 5.321937 0.3397175 3.17898 5.321937 0.675713 2.814583 5.321937 1.625 2.629305 5.321937 1.910302 2.969023 5.321937 1.321894 -2.402215 6.546456 1.745311 -2.206621 6.546456 1.98685 -2.712592 6.546456 1.207724 -2.57149 6.546456 1.484651 -1.484651 6.546456 2.57149 -1.98685 6.546456 2.206621 -1.745311 6.546456 2.402215 3.25 5.321937 0 -2.904415 6.546456 0.6173524 -2.823973 6.546456 0.9175645 -2.969301 6.546456 0 -2.953035 6.546456 0.3103765 2.57149 6.546456 1.484651 2.402215 6.546456 1.745311 2.823973 6.546456 0.9175645 2.712592 6.546456 1.207724 1.745311 6.546456 2.402215 1.484651 6.546456 2.57149 2.206621 6.546456 1.98685 1.98685 6.546456 2.206621 0.6173524 6.546456 2.904415 0.3103765 6.546456 2.953035 1.207724 6.546456 2.712592 0.9175645 6.546456 2.823973 -0.6173524 6.546456 2.904415 -0.9175645 6.546456 2.823973 0 6.546456 2.969301 -0.3103765 6.546456 2.953035 1.484651 6.546456 -2.57149 1.207724 6.546456 -2.712592 2.402215 6.546456 -1.745311 2.206621 6.546456 -1.98685 1.98685 6.546456 -2.206621 1.745311 6.546456 -2.402215 2.904415 6.546456 -0.6173524 2.823973 6.546456 -0.9175645 2.712592 6.546456 -1.207724 -3.17898 5.321937 0.675713 2.57149 6.546456 -1.484651 2.904415 6.546456 0.6173524 -3.25 5.321937 0 2.953035 6.546456 0.3103765 -3.232196 5.321937 0.3397175 2.969301 6.546456 0 2.953035 6.546456 -0.3103765 -2.953035 6.546456 -0.3103765 -2.814583 5.321937 1.625 -2.969023 5.321937 1.321894 -3.090934 5.321937 1.004305 -2.415221 5.321937 2.174674 -2.629305 5.321937 1.910302 -1.625 5.321937 2.814583 -1.910302 5.321937 2.629305 -2.174674 5.321937 2.415221 -0.675713 5.321937 3.17898 -1.321894 5.321937 2.969023 -1.207724 6.546456 2.712592 -1.004305 5.321937 3.090934 0.9175645 6.546456 -2.823973 0.675713 5.321937 -3.17898 0.6173524 6.546456 -2.904415 0.3397175 5.321937 -3.232196 0.3103765 6.546456 -2.953035 0 5.321937 -3.25 0 6.546456 -2.969301 -0.3397175 5.321937 -3.232196 -0.3103765 6.546456 -2.953035 -0.675713 5.321937 -3.17898 -0.6173524 6.546456 -2.904415 -1.004305 5.321937 -3.090934 -0.9175645 6.546456 -2.823973 -1.321894 5.321937 -2.969023 -1.207724 6.546456 -2.712592 -1.625 5.321937 -2.814583 -1.484651 6.546456 -2.57149 -1.910302 5.321937 -2.629305 -1.745311 6.546456 -2.402215 -2.174674 5.321937 -2.415221 -1.98685 6.546456 -2.206621 -2.415221 5.321937 -2.174674 -2.206621 6.546456 -1.98685 -2.629305 5.321937 -1.910302 -2.402215 6.546456 -1.745311 -2.814583 5.321937 -1.625 -2.57149 6.546456 -1.484651 -2.969023 5.321937 -1.321894 -2.712592 6.546456 -1.207724 -3.090934 5.321937 -1.004305 -2.823973 6.546456 -0.9175645 -3.17898 5.321937 -0.675713 -2.904415 6.546456 -0.6173524 -3.232196 5.321937 -0.3397175 3.218457 5.741887 0 3.123827 6.154698 0 1.309064 5.741887 2.940207 1.270575 6.154698 2.853758 0.9945579 5.741887 -3.060934 0.9653157 6.154698 -2.970936 1.609228 5.741887 2.787265 1.561914 6.154698 2.705314 2.153568 5.741887 -2.391779 2.090248 6.154698 -2.321456 -1.270575 6.154698 2.853758 -1.309064 5.741887 2.940207 1.891761 5.741887 -2.603786 1.83614 6.154698 -2.527229 -2.090248 6.154698 2.321456 -2.153568 5.741887 2.391779 1.891761 5.741887 2.603786 1.83614 6.154698 2.527229 3.060934 5.741887 0.9945579 2.970936 6.154698 0.9653157 -0.6691548 5.741887 3.148126 -0.6494802 6.154698 3.055564 -1.561914 6.154698 2.705314 -1.609228 5.741887 2.787265 1.609228 5.741887 -2.787265 1.561914 6.154698 -2.705314 -1.83614 6.154698 2.527229 -1.891761 5.741887 2.603786 1.309064 5.741887 -2.940207 1.270575 6.154698 -2.853758 2.787265 5.741887 1.609228 2.705314 6.154698 1.561914 2.603786 5.741887 1.891761 2.527229 6.154698 1.83614 3.200826 5.741887 0.3364204 3.106714 6.154698 0.3265289 3.148126 5.741887 0.6691548 3.055564 6.154698 0.6494802 2.940207 5.741887 1.309064 2.853758 6.154698 1.270575 -3.055564 6.154698 0.6494802 -3.148126 5.741887 0.6691548 -3.123827 6.154698 0 -3.218457 5.741887 0 -3.106714 6.154698 0.3265289 -3.200826 5.741887 0.3364204 -2.705314 6.154698 1.561914 -2.787265 5.741887 1.609228 -2.970936 6.154698 0.9653157 -3.060934 5.741887 0.9945579 -2.853758 6.154698 1.270575 -2.940207 5.741887 1.309064 -2.527229 6.154698 1.83614 -2.603786 5.741887 1.891761 -2.321456 6.154698 2.090248 -2.391779 5.741887 2.153568 2.153568 5.741887 2.391779 2.090248 6.154698 2.321456 -2.970936 6.154698 -0.9653157 -3.060934 5.741887 -0.9945579 2.391779 5.741887 2.153568 2.321456 6.154698 2.090248 2.603786 5.741887 -1.891761 2.527229 6.154698 -1.83614 -3.055564 6.154698 -0.6494802 -3.148126 5.741887 -0.6691548 2.391779 5.741887 -2.153568 2.321456 6.154698 -2.090248 0 5.741887 3.218457 0 6.154698 3.123827 -2.705314 6.154698 -1.561914 -2.787265 5.741887 -1.609228 2.787265 5.741887 -1.609228 2.705314 6.154698 -1.561914 2.940207 5.741887 -1.309064 2.853758 6.154698 -1.270575 -2.853758 6.154698 -1.270575 -2.940207 5.741887 -1.309064 -0.3364204 5.741887 3.200826 -0.3265289 6.154698 3.106714 3.060934 5.741887 -0.9945579 2.970936 6.154698 -0.9653157 0.9945579 5.741887 3.060934 0.9653157 6.154698 2.970936 0.6691548 5.741887 3.148126 0.6494802 6.154698 3.055564 3.148126 5.741887 -0.6691548 3.055564 6.154698 -0.6494802 3.200826 5.741887 -0.3364204 3.106714 6.154698 -0.3265289 -3.200826 5.741887 -0.3364204 -3.106714 6.154698 -0.3265289 0.3364204 5.741887 3.200826 0.3265289 6.154698 3.106714 -0.9653157 6.154698 2.970936 -0.9945579 5.741887 3.060934 0.6494802 6.154698 -3.055564 0.6691548 5.741887 -3.148126 0.3265289 6.154698 -3.106714 0.3364204 5.741887 -3.200826 0 6.154698 -3.123827 0 5.741887 -3.218457 -0.3265289 6.154698 -3.106714 -0.3364204 5.741887 -3.200826 -0.6494802 6.154698 -3.055564 -0.6691548 5.741887 -3.148126 -0.9653157 6.154698 -2.970936 -0.9945579 5.741887 -3.060934 -1.270575 6.154698 -2.853758 -1.309064 5.741887 -2.940207 -1.561914 6.154698 -2.705314 -1.609228 5.741887 -2.787265 -1.83614 6.154698 -2.527229 -1.891761 5.741887 -2.603786 -2.090248 6.154698 -2.321456 -2.153568 5.741887 -2.391779 -2.321456 6.154698 -2.090248 -2.391779 5.741887 -2.153568 -2.527229 6.154698 -1.83614 -2.603786 5.741887 -1.891761</float_array>
          <technique_common>
            <accessor source="#Mesh_001-mesh-positions-array" count="660" stride="3">
              <param name="X" type="float"/>
              <param name="Y" type="float"/>
              <param name="Z" type="float"/>
            </accessor>
          </technique_common>
        </source>
        <source id="Mesh_001-mesh-normals">
          <float_array id="Mesh_001-mesh-normals-array" count="2664">0.5468207 0.3667816 -0.7526344 0.4743012 0.3164687 -0.8215144 0.55761 0.3162868 -0.7674853 0.9945219 0 -0.1045285 1 0 0 0.9945219 0 -0.1045286 -0.9433317 0.3167899 -0.09884101 -0.930307 0.3667821 0 -0.9484495 0.3169283 0 0.5740394 0.2130975 -0.7906126 0.4885523 0.2127728 -0.8461942 0.9781477 0 -0.2079117 0.9781476 0 -0.2079117 -0.9769994 0.2132427 -2.40959e-7 -0.9716473 0.2132422 -0.1021243 0.4971253 0.107087 -0.8610453 0.5844047 0.1070862 -0.8043654 0.9510567 0 -0.3090169 0.9510565 0 -0.3090168 -0.9942496 0.1070875 -2.12473e-7 -0.9888033 0.107085 -0.1039277 0.6224973 0.3667824 -0.6913522 0.6347383 0.3164713 -0.7049492 0.9135456 0 -0.4067364 0.9135455 0 -0.4067366 -0.9099765 0.3667849 -0.1934211 -0.9278731 0.3164708 -0.1972254 0.6535356 0.2130982 -0.7262785 0.8660255 0 -0.4999999 0.8660253 0 -0.5000004 -0.9557832 0.2130366 -0.2027164 0.6653074 0.1067519 -0.7388979 0.8090172 0 -0.587785 0.809017 0 -0.5877853 -0.972523 0.107087 -0.2067158 0.6913533 0.3667817 -0.6224965 0.7049489 0.3164703 -0.6347391 0.7431449 0 -0.6691306 0.7431451 0 -0.6691304 -0.8847756 0.3667805 -0.2874792 -0.9021748 0.3164693 -0.2931348 0.7261282 0.212772 -0.6538089 0.6691308 0 -0.7431447 0.66913 0 -0.7431454 -0.9291814 0.2132428 -0.3019098 0.7388711 0.1070864 -0.6652835 0.5877857 0 -0.8090168 0.5877851 0 -0.8090171 -0.9455879 0.1070855 -0.3072397 0.7671703 0.31679 -0.5577579 0.5000002 0 -0.8660253 0.5000001 0 -0.8660254 -0.8498775 0.3667825 -0.3783899 -0.8665915 0.3164696 -0.385832 0.7904673 0.2129129 -0.574308 0.4067372 0 -0.9135453 0.4067357 0 -0.9135459 -0.8927505 0.2130358 -0.3970043 0.8041314 0.1068715 -0.5847659 0.3090173 0 -0.9510565 0.3090165 0 -0.9510567 -0.9082925 0.1070869 -0.4043971 0.8212208 0.3167302 -0.474635 0.7526352 0.3667834 -0.5468182 0.2079117 0 -0.9781476 0.2079117 0 -0.9781477 -0.8056701 0.3667822 -0.4651522 -0.821475 0.3166051 -0.4742785 0.8461679 0.2129141 -0.4885362 0.1045284 0 -0.9945219 0.1045283 0 -0.9945219 -0.8461059 0.2132428 -0.4885001 0.8610453 0.1070875 -0.4971252 0 0 -1 0 0 -1 -0.8610452 0.1070874 -0.4971255 0.8663697 0.3167905 -0.3860666 0.80567 0.3667825 -0.4651523 -0.1045283 0 -0.9945219 -0.1045284 0 -0.9945219 -0.7526354 0.3667832 -0.5468183 -0.7674362 0.3164702 -0.5575737 0.8925994 0.2129145 -0.397409 -0.2079117 0 -0.9781477 -0.2079117 0 -0.9781476 -0.7904096 0.2132419 -0.5742653 0.9082925 0.1070865 -0.4043974 -0.3090165 0 -0.9510567 -0.3090173 0 -0.9510564 -0.8043652 0.1070858 -0.5844051 0.901979 0.3167893 -0.2933912 0.8498771 0.3667832 -0.37839 -0.4067358 0 -0.9135459 -0.4067372 0 -0.9135453 -0.6913551 0.3667826 -0.6224939 -0.7049944 0.3162883 -0.6347791 0.9291814 0.2132424 -0.3019099 -0.5000001 0 -0.8660254 -0.5000002 0 -0.8660253 -0.726051 0.2132425 -0.6537412 0.9455878 0.1070852 -0.3072402 -0.5877851 0 -0.8090171 -0.5877857 0 -0.8090168 -0.7388712 0.1070863 -0.6652834 0.9277245 0.3169264 -0.1971931 0.8847752 0.3667814 -0.2874791 -0.66913 0 -0.7431454 -0.6691308 0 -0.7431447 -0.622496 0.3667814 -0.6913539 -0.634758 0.3163799 -0.7049724 0.95565 0.2132421 -0.2031284 -0.7431451 0 -0.6691304 -0.7431449 0 -0.6691306 -0.6537399 0.2132437 -0.7260519 0.972523 0.1070869 -0.2067156 -0.8090171 0 -0.5877853 -0.8090172 0 -0.5877851 -0.6652825 0.1070864 -0.7388719 0.9432546 0.3169261 -0.09913975 0.909977 0.366784 -0.1934204 -0.8660253 0 -0.5000004 -0.8660255 0 -0.4999999 -0.5577578 0.3167893 -0.7671706 0.9716474 0.2132419 -0.1021245 -0.9135455 0 -0.4067366 -0.9135456 0 -0.4067364 -0.5743266 0.2127721 -0.7904918 0.9888032 0.1070861 -0.1039277 -0.9510565 0 -0.3090168 -0.9510567 0 -0.3090169 -0.5844052 0.1070864 -0.8043651 0.930307 0.3667821 0 0.9484495 0.3169283 0 -0.9781476 0 -0.2079117 -0.9781477 0 -0.2079117 -0.4747158 0.3166913 -0.8211891 -0.5468208 0.3667818 -0.7526342 0.9769994 0.2132427 2.40365e-7 -0.9945219 0 -0.1045286 -0.9945219 0 -0.1045285 -0.4885526 0.2127726 -0.8461939 0.9942496 0.1070875 2.1366e-7 -1 0 0 -1 0 0 -0.4971256 0.1070871 -0.8610451 0.9433317 0.3167899 0.09884101 -0.9945219 0 0.1045285 -0.9945219 0 0.1045286 -0.3857696 0.316926 -0.8664525 -0.465153 0.3667816 -0.8056699 0.9716473 0.2132422 0.1021243 -0.9781477 0 0.2079117 -0.9781476 0 0.2079117 -0.3973818 0.2132425 -0.8925331 0.9888033 0.107085 0.1039277 -0.9510567 0 0.3090169 -0.9510565 0 0.3090168 -0.4043977 0.1070864 -0.9082924 0.9099765 0.3667849 0.1934211 0.9278731 0.3164708 0.1972254 -0.9135456 0 0.4067364 -0.9135455 0 0.4067366 -0.2935203 0.3167311 -0.9019575 -0.3783911 0.3667828 -0.8498769 0.9557832 0.2130366 0.2027164 -0.8660255 0 0.4999999 -0.8660253 0 0.5000004 -0.3019091 0.2132424 -0.9291817 0.972523 0.107087 0.2067158 -0.8090172 0 0.587785 -0.809017 0 0.5877853 -0.3072503 0.106751 -0.9456223 0.8847756 0.3667805 0.2874792 0.9021748 0.3164693 0.2931348 -0.7431449 0 0.6691306 -0.7431451 0 0.6691304 -0.1976335 0.3167319 -0.9276972 -0.2874804 0.3667817 -0.8847748 0.9291814 0.2132428 0.3019098 -0.6691308 0 0.7431447 -0.66913 0 0.7431454 -0.2031515 0.2127733 -0.9557495 0.9455879 0.1070855 0.3072397 -0.5877857 0 0.8090168 -0.5877851 0 0.8090171 -0.206716 0.1070867 -0.972523 0.8498775 0.3667825 0.3783899 0.8665915 0.3164696 0.385832 -0.5000002 0 0.8660253 -0.5000001 0 0.8660254 -0.09944856 0.3167899 -0.9432679 -0.1934224 0.3667832 -0.9099769 0.8927505 0.2130358 0.3970043 -0.4067372 0 0.9135453 -0.4067357 0 0.9135459 -0.1021244 0.2132433 -0.971647 0.9082925 0.1070869 0.4043971 -0.3090173 0 0.9510565 -0.3090165 0 0.9510567 -0.1039283 0.107086 -0.9888032 0.8056701 0.3667822 0.4651522 0.821475 0.3166051 0.4742785 -0.2079117 0 0.9781476 -0.2079117 0 0.9781477 0 0.3667802 -0.9303076 0 0.3164706 -0.9486023 0.8461059 0.2132428 0.4885001 -0.1045284 0 0.9945219 -0.1045283 0 0.9945219 -4.32973e-4 0.2130357 -0.9770444 0.8610452 0.1070874 0.4971255 0 0 1 0 0 1 0 0.1070866 -0.9942497 0.7526354 0.3667832 0.5468183 0.7674362 0.3164702 0.5575737 0.1045283 0 0.9945219 0.1045284 0 0.9945219 0.09914004 0.3169262 -0.9432545 0.7904096 0.2132419 0.5742653 0.2079117 0 0.9781477 0.2079117 0 0.9781476 0.1021244 0.2132427 -0.9716472 0.8043652 0.1070858 0.5844051 0.3090165 0 0.9510567 0.3090173 0 0.9510564 0.1039282 0.1070855 -0.9888032 0.6913551 0.3667826 0.6224939 0.7049944 0.3162883 0.6347791 0.4067358 0 0.9135459 0.4067372 0 0.9135453 0.1934219 0.3667824 -0.9099774 0.1972257 0.3164697 -0.9278734 0.726051 0.2132425 0.6537412 0.5000001 0 0.8660254 0.5000002 0 0.8660253 0.2027174 0.2130372 -0.9557828 0.7388712 0.1070863 0.6652834 0.5877851 0 0.8090171 0.5877857 0 0.8090168 0.2062996 0.1068717 -0.9726352 0.622496 0.3667814 0.6913539 0.634758 0.3163799 0.7049724 0.66913 0 0.7431454 0.6691308 0 0.7431447 0.287481 0.3667823 -0.8847743 0.2931199 0.316607 -0.9021313 0.6537399 0.2132437 0.7260519 0.7431451 0 0.6691304 0.7431449 0 0.6691306 0.301631 0.2130979 -0.9293052 0.6652825 0.1070864 0.7388719 0.8090171 0 0.5877853 0.8090172 0 0.5877851 0.3072396 0.1070861 -0.9455878 0.5577578 0.3167893 0.7671706 0.8660253 0 0.5000004 0.8660255 0 0.4999999 0.3783905 0.3667822 -0.8498773 0.3858312 0.3164694 -0.8665919 0.5743266 0.2127721 0.7904918 0.9135455 0 0.4067366 0.9135456 0 0.4067364 0.3970063 0.2130365 -0.8927494 0.5844052 0.1070864 0.8043651 0.9510565 0 0.3090168 0.9510567 0 0.3090169 0.4041287 0.1069358 -0.9084299 0.4747158 0.3166913 0.8211891 0.5468208 0.3667818 0.7526342 0.9781476 0 0.2079117 0.9781477 0 0.2079117 0.4651523 0.3667811 -0.8056706 0.4885526 0.2127726 0.8461939 0.9945219 0 0.1045286 0.9945219 0 0.1045285 0.4971256 0.1070871 0.8610451 1 0 0 -0.895221 0.4355757 0.09409129 -0.900152 0.4355759 0 -0.9001522 0.4355759 0 -0.8804817 0.4355755 0.1871523 -0.8952211 0.4355756 0.09409153 -0.8560957 0.4355754 0.2781623 -0.8804818 0.4355753 0.1871524 -0.8223299 0.4355755 0.3661248 -0.8560956 0.4355756 0.2781622 -0.7795547 0.4355756 0.4500761 -0.8223299 0.4355755 0.3661251 -0.7282388 0.4355754 0.5290958 -0.7795546 0.4355755 0.450076 -0.6689434 0.4355753 0.6023195 -0.7282386 0.4355755 0.529096 -0.6023191 0.4355755 0.6689438 -0.6689435 0.4355754 0.6023194 -0.5290963 0.4355756 0.7282383 -0.6023195 0.4355756 0.6689434 -0.4500753 0.4355753 0.7795552 -0.5290957 0.4355756 0.7282388 -0.4500773 0.4355757 0.7795539 -0.3661241 0.4355756 0.8223304 -0.2781624 0.4355757 0.8560956 -0.3661256 0.4355756 0.8223296 -0.187152 0.4355756 0.8804817 -0.2781622 0.4355755 0.8560957 -0.09409123 0.4355758 0.8952211 -0.1871524 0.4355757 0.8804816 0 0.4355759 0.9001521 -0.09409087 0.4355759 0.895221 0.09409123 0.4355758 0.8952211 0 0.4355757 0.9001522 0.187152 0.4355756 0.8804817 0.09409087 0.4355759 0.895221 0.2781624 0.4355754 0.8560956 0.1871524 0.4355757 0.8804816 0.3661255 0.4355754 0.8223297 0.2781623 0.4355755 0.8560956 0.4500773 0.4355757 0.7795539 0.366124 0.4355756 0.8223303 0.5290961 0.4355756 0.7282385 0.4500753 0.4355753 0.7795552 0.6023195 0.4355756 0.6689434 0.5290958 0.4355756 0.7282387 0.668944 0.4355754 0.6023189 0.6023193 0.4355759 0.6689434 0.7282387 0.435575 0.5290964 0.6689431 0.4355755 0.6023198 0.7795547 0.4355752 0.4500765 0.7282383 0.4355757 0.5290963 0.8223295 0.4355757 0.3661257 0.7795545 0.4355759 0.4500761 0.8560959 0.4355753 0.2781618 0.8223304 0.4355755 0.366124 0.8804817 0.4355755 0.1871524 0.8560952 0.4355758 0.2781631 0.895221 0.4355757 0.09409129 0.8804818 0.4355753 0.1871524 0.900152 0.4355759 0 0.8952211 0.4355756 0.09409153 0.895221 0.4355757 -0.09409129 0.9001522 0.4355759 0 0.8804817 0.4355755 -0.1871523 0.8952211 0.4355756 -0.09409153 0.8560957 0.4355754 -0.2781623 0.8804818 0.4355753 -0.1871524 0.8223299 0.4355755 -0.3661248 0.8560956 0.4355756 -0.2781622 0.7795547 0.4355756 -0.4500761 0.8223299 0.4355755 -0.3661251 0.7282388 0.4355754 -0.5290958 0.7795546 0.4355755 -0.450076 0.6689434 0.4355753 -0.6023195 0.7282386 0.4355755 -0.529096 0.6023191 0.4355755 -0.6689438 0.6689435 0.4355754 -0.6023194 0.5290963 0.4355756 -0.7282383 0.6023195 0.4355756 -0.6689434 0.4500753 0.4355753 -0.7795552 0.5290957 0.4355756 -0.7282388 0.4500773 0.4355757 -0.7795539 0.3661241 0.4355756 -0.8223304 0.2781624 0.4355757 -0.8560956 0.3661256 0.4355756 -0.8223296 0.187152 0.4355756 -0.8804817 0.2781622 0.4355755 -0.8560957 0.09409123 0.4355758 -0.8952211 0.1871524 0.4355757 -0.8804816 0 0.4355759 -0.9001521 0.09409087 0.4355759 -0.895221 -0.09409123 0.4355758 -0.8952211 0 0.4355757 -0.9001522 -0.187152 0.4355756 -0.8804817 -0.09409087 0.4355759 -0.895221 -0.2781624 0.4355754 -0.8560956 -0.1871524 0.4355757 -0.8804816 -0.3661255 0.4355754 -0.8223297 -0.2781623 0.4355755 -0.8560956 -0.4500773 0.4355757 -0.7795539 -0.366124 0.4355756 -0.8223303 -0.5290961 0.4355756 -0.7282385 -0.4500753 0.4355753 -0.7795552 -0.6023195 0.4355756 -0.6689434 -0.5290958 0.4355756 -0.7282387 -0.668944 0.4355754 -0.6023189 -0.6023193 0.4355759 -0.6689434 -0.7282387 0.435575 -0.5290964 -0.6689431 0.4355755 -0.6023198 -0.7795547 0.4355752 -0.4500765 -0.7282383 0.4355757 -0.5290963 -0.8223295 0.4355757 -0.3661257 -0.7795545 0.4355759 -0.4500761 -0.8560959 0.4355753 -0.2781618 -0.8223304 0.4355755 -0.366124 -0.8804817 0.4355755 -0.1871524 -0.8560952 0.4355758 -0.2781631 -0.895221 0.4355757 -0.09409129 -0.8804818 0.4355753 -0.1871524 -0.8952211 0.4355756 -0.09409153 -0.994522 0 0.1045285 -1 0 0 -0.994522 0 0.1045286 -0.9781476 0 0.2079116 -0.9510568 0 0.3090165 -0.9510566 0 0.3090168 -0.9135455 0 0.4067367 -0.9135453 0 0.406737 -0.8660255 0 0.4999999 -0.8090168 0 0.5877856 -0.8090171 0 0.5877852 -0.7431441 0 0.6691315 -0.743145 0 0.6691305 -0.6691309 0 0.7431447 -0.5877851 0 0.8090173 -0.587785 0 0.8090172 -0.5000003 0 0.8660253 -0.500001 0 0.8660249 -0.4067365 0 0.9135456 -0.4067371 0 0.9135454 -0.3090177 0 0.9510563 -0.3090172 0 0.9510565 -0.2079125 0 0.9781475 -0.2079107 0 0.9781479 -0.1045292 0 0.9945219 -0.1045275 0 0.994522 -7.26703e-7 0 1 8.33572e-7 0 1 0.1045276 0 0.994522 0.1045291 0 0.9945219 0.2079113 0 0.9781478 0.2079124 0 0.9781475 0.3090169 0 0.9510567 0.3090172 0 0.9510565 0.406737 0 0.9135453 0.4067369 0 0.9135453 0.5000004 0 0.8660253 0.5000004 0 0.8660252 0.5877855 0 0.809017 0.6691302 0 0.7431452 0.6691304 0 0.7431451 0.7431442 0 0.6691313 0.7431448 0 0.6691307 0.809017 0 0.5877854 0.8090174 0 0.5877848 0.8660255 0 0.4999999 0.9135456 0 0.4067364 0.9135454 0 0.4067368 0.9510567 0 0.3090167 0.9510565 0 0.309017 0.9781476 0 0.2079116 0.994522 0 0.1045284 0.994522 0 0.1045285 1 0 0 1 0 0 0.994522 0 -0.1045285 0.994522 0 -0.1045286 0.9781476 0 -0.2079116 0.9510568 0 -0.3090165 0.9510566 0 -0.3090168 0.9135455 0 -0.4067367 0.9135453 0 -0.406737 0.8660255 0 -0.4999999 0.8090168 0 -0.5877856 0.8090171 0 -0.5877852 0.7431441 0 -0.6691315 0.743145 0 -0.6691305 0.6691309 0 -0.7431447 0.5877851 0 -0.8090173 0.587785 0 -0.8090172 0.5000003 0 -0.8660253 0.500001 0 -0.8660249 0.4067365 0 -0.9135456 0.4067371 0 -0.9135454 0.3090177 0 -0.9510563 0.3090172 0 -0.9510565 0.2079125 0 -0.9781475 0.2079107 0 -0.9781479 0.1045292 0 -0.9945219 0.1045275 0 -0.994522 7.26703e-7 0 -1 -8.33572e-7 0 -1 -0.1045276 0 -0.994522 -0.1045291 0 -0.9945219 -0.2079113 0 -0.9781478 -0.2079124 0 -0.9781475 -0.3090169 0 -0.9510567 -0.3090172 0 -0.9510565 -0.406737 0 -0.9135453 -0.4067369 0 -0.9135453 -0.5000004 0 -0.8660253 -0.5000004 0 -0.8660252 -0.5877855 0 -0.809017 -0.6691302 0 -0.7431452 -0.6691304 0 -0.7431451 -0.7431442 0 -0.6691313 -0.7431448 0 -0.6691307 -0.809017 0 -0.5877854 -0.8090174 0 -0.5877848 -0.8660255 0 -0.4999999 -0.9135456 0 -0.4067364 -0.9135454 0 -0.4067368 -0.9510567 0 -0.3090167 -0.9510565 0 -0.309017 -0.9781476 0 -0.2079116 -0.994522 0 -0.1045284 -0.994522 0 -0.1045285 -1 0 0 -0.9888032 0.1070861 0.1039277 -0.9432546 0.3169261 0.0991398 -0.9716473 0.2132419 0.1021245 -0.972523 0.1070869 0.2067156 -0.95565 0.2132421 0.2031284 -0.909977 0.366784 0.1934204 -0.9277245 0.3169264 0.1971931 -0.9455878 0.1070852 0.3072403 -0.9291815 0.2132424 0.3019099 -0.8847752 0.3667814 0.2874791 -0.9019275 0.3169203 0.2934082 -0.9082925 0.1070865 0.4043975 -0.8923394 0.2132381 0.397819 -0.8498771 0.3667832 0.37839 -0.866452 0.3169268 0.3857699 -0.8461058 0.2132432 0.4885003 -0.8610453 0.1070875 0.4971251 -0.80567 0.3667825 0.4651523 -0.8211438 0.3169171 0.4746436 -0.7904093 0.2132421 0.5742657 -0.804407 0.1066076 0.584435 -0.7526352 0.3667834 0.5468182 -0.7673125 0.3169263 0.5574848 -0.7260518 0.2132428 0.6537402 -0.7389085 0.1066086 0.6653186 -0.6913533 0.3667817 0.6224965 -0.7045164 0.3169185 0.6349956 -0.6653071 0.1067519 0.7388982 -0.6534895 0.2132396 0.7262785 -0.6342812 0.3169194 0.7051592 -0.5844047 0.1070862 0.8043654 -0.5576102 0.3162869 0.7674853 -0.5739935 0.2132389 0.7906079 -0.6224973 0.3667824 0.6913522 -0.4971253 0.107087 0.8610453 -0.4743013 0.3164687 0.8215145 -0.4885014 0.213243 0.846105 -0.5468207 0.3667816 0.7526344 -0.4044191 0.1066066 0.9083393 -0.3858311 0.3164694 0.8665919 -0.3969438 0.2132382 0.8927291 -0.4651523 0.3667811 0.8056706 -0.3019408 0.212772 0.9292792 -0.3072507 0.1067517 0.9456222 -0.2931197 0.3166069 0.9021313 -0.3783905 0.3667822 0.8498773 -0.2067229 0.1067512 0.9725585 -0.197194 0.316926 0.9277244 -0.2028014 0.2132402 0.9557197 -0.287481 0.3667823 0.8847743 -0.1021244 0.2132428 0.9716472 -0.1039282 0.1070855 0.9888032 -0.09914004 0.3169262 0.9432545 -0.1934219 0.3667824 0.9099774 0 0.1070866 0.9942497 0 0.2132427 0.9769994 0 0.3667802 0.9303076 4.78713e-4 0.3169172 0.9484531 0.1039283 0.107086 0.9888032 0.09915137 0.3166063 0.9433608 0.1021245 0.2132433 0.9716471 0.206716 0.1070867 0.972523 0.2031301 0.2132436 0.9556492 0.1934224 0.3667832 0.9099769 0.1976653 0.3169191 0.9276264 0.3072392 0.1070861 0.9455881 0.3019091 0.2132424 0.9291817 0.2874804 0.3667817 0.8847748 0.2935447 0.316918 0.9018839 0.4043977 0.1070863 0.9082924 0.397821 0.2132371 0.8923388 0.3783911 0.3667828 0.8498769 0.3857695 0.316926 0.8664525 0.465153 0.3667816 0.8056699 -0.9985706 0.0534498 0 -0.9931005 0.05344605 0.1043788 0.5869446 0.05344814 0.807861 0.4992844 0.05344831 0.8647881 0.4992845 0.05344814 -0.8647881 0.4061541 0.05344778 -0.9122402 -0.9767494 0.05344849 0.2076149 0.668173 0.05344748 0.7420837 0.3085751 0.05344861 -0.9496971 -0.949697 0.05344587 0.3085763 0.7420831 0.05344802 0.6681737 0.2076134 0.0534479 -0.9767498 -0.9122384 0.05344951 0.4061581 0.8078604 0.05344843 0.5869454 0.1043789 0.05344742 -0.9931005 -0.8647868 0.05344748 0.4992867 0.8647867 0.0534476 0.4992868 0 0.05344891 -0.9985706 -0.8078615 0.05344897 0.5869439 0.9122389 0.05345112 0.4061568 -0.1043791 0.05344736 -0.9931005 -0.7420836 0.05344766 0.6681732 0.9496971 0.05344748 0.3085756 -0.2076135 0.05344796 -0.9767498 -0.6681756 0.05344796 0.7420813 0.9767495 0.05344802 0.2076146 -0.3085747 0.05344861 -0.9496973 -0.5869444 0.0534482 0.8078611 0.9931005 0.05344492 0.1043791 -0.4061541 0.05344778 -0.9122402 -0.4992845 0.05344814 0.8647881 0.9985706 0.0534498 0 -0.4992844 0.05344831 -0.8647881 -0.4061541 0.05344778 0.9122402 0.9931005 0.05344605 -0.1043788 -0.5869446 0.05344814 -0.807861 -0.3085751 0.05344861 0.9496971 0.9767494 0.05344849 -0.2076149 -0.668173 0.05344748 -0.7420837 -0.2076134 0.0534479 0.9767498 0.949697 0.05344587 -0.3085763 -0.7420831 0.05344802 -0.6681737 -0.1043789 0.05344742 0.9931005 0.9122384 0.05344951 -0.4061581 -0.8078604 0.05344843 -0.5869454 0 0.05344891 0.9985706 0.8647868 0.05344748 -0.4992867 -0.8647867 0.0534476 -0.4992868 0.1043791 0.05344736 0.9931005 0.8078615 0.05344897 -0.5869439 -0.9122389 0.05345112 -0.4061568 0.2076135 0.05344796 0.9767498 0.7420836 0.05344766 -0.6681732 -0.9496971 0.05344748 -0.3085756 0.3085747 0.05344861 0.9496973 0.6681756 0.05344796 -0.7420813 -0.9767495 0.05344802 -0.2076146 0.4061541 0.05344778 0.9122402 0.5869444 0.0534482 -0.8078611 -0.9931005 0.05344492 -0.1043791 0.9917283 0.07490062 -0.1042349 0.9888036 0.1492233 0 0.9971911 0.0749005 0 0.9671961 0.1492223 -0.2055836 0.9754 0.07490044 -0.207328 0.9404081 0.1492222 -0.3055575 0.9483849 0.07490098 -0.3081494 0.9033171 0.1492226 -0.4021827 0.9109794 0.07490122 -0.4055938 0.8635926 0.0749011 -0.4985957 0.7999588 0.1492224 -0.5812044 0.8067446 0.0749008 -0.5861341 0.7410575 0.07490098 -0.6672509 0.6672508 0.07490092 -0.7410575 0.7348241 0.1492227 -0.661639 0.5814071 0.1494402 -0.799771 0.5861346 0.07490092 -0.8067443 0.4985956 0.0749011 -0.8635928 0.4021825 0.1492225 -0.9033173 0.4055936 0.07490104 -0.9109796 0.308149 0.07490068 -0.948385 0.2055834 0.1492225 -0.9671961 0.2073283 0.07490044 -0.9753999 0.1042349 0.07490074 -0.9917283 4.19584e-7 0.1492227 -0.9888036 -1.11182e-6 0.07490092 -0.9971911 -0.1033578 0.1492226 -0.983387 -0.1042357 0.07490074 -0.9917282 -0.2053086 0.1494397 -0.9672209 -0.2073283 0.07490044 -0.9753999 -0.3055573 0.1492224 -0.9404082 -0.3081488 0.07490062 -0.9483851 -0.4019184 0.1494398 -0.9033988 -0.4055936 0.07490098 -0.9109796 -0.4985958 0.0749011 -0.8635927 -0.5812041 0.1492226 -0.7999591 -0.5861347 0.07490086 -0.8067441 -0.667251 0.07490104 -0.7410573 -0.7348244 0.1492224 -0.6616388 -0.7410576 0.07490128 -0.6672506 -0.7996901 0.1495336 -0.5814942 -0.8067448 0.07490104 -0.5861338 -0.8635926 0.07490134 -0.4985957 -0.9033171 0.1492226 -0.4021827 -0.9109795 0.07490134 -0.4055938 -0.9483849 0.0749011 -0.3081492 -0.9754 0.07490086 -0.2073279 -0.9404081 0.1492224 -0.3055574 -0.9917283 0.07490086 -0.1042348 -0.967196 0.1492227 -0.2055838 -0.9888036 0.1492233 0 -0.9971911 0.0749005 0 -0.9917283 0.07490062 0.1042349 -0.9671961 0.1492223 0.2055836 -0.9754 0.07490044 0.207328 -0.9404081 0.1492222 0.3055575 -0.9483849 0.07490098 0.3081494 -0.9033171 0.1492226 0.4021827 -0.9109794 0.07490122 0.4055938 -0.8635926 0.0749011 0.4985957 -0.7999588 0.1492224 0.5812044 -0.8067446 0.0749008 0.5861341 -0.7410575 0.07490098 0.6672509 -0.6672508 0.07490092 0.7410575 -0.7348241 0.1492227 0.661639 -0.5814071 0.1494402 0.799771 -0.5861346 0.07490092 0.8067443 -0.4985956 0.0749011 0.8635928 -0.4021825 0.1492225 0.9033173 -0.4055936 0.07490104 0.9109796 -0.308149 0.07490068 0.948385 -0.2055834 0.1492225 0.9671961 -0.2073283 0.07490044 0.9753999 -0.1042349 0.07490074 0.9917283 -4.19584e-7 0.1492227 0.9888036 1.11182e-6 0.07490092 0.9971911 0.1033578 0.1492226 0.983387 0.1042357 0.07490074 0.9917282 0.2053086 0.1494397 0.9672209 0.2073283 0.07490044 0.9753999 0.3055573 0.1492224 0.9404082 0.3081488 0.07490062 0.9483851 0.4019184 0.1494398 0.9033988 0.4055936 0.07490098 0.9109796 0.4985958 0.0749011 0.8635927 0.5812041 0.1492226 0.7999591 0.5861347 0.07490086 0.8067441 0.667251 0.07490104 0.7410573 0.7348244 0.1492224 0.6616388 0.7410576 0.07490128 0.6672506 0.7996901 0.1495336 0.5814942 0.8067448 0.07490104 0.5861338 0.8635926 0.07490134 0.4985957 0.9033171 0.1492226 0.4021827 0.9109795 0.07490134 0.4055938 0.9483849 0.0749011 0.3081492 0.9754 0.07490086 0.2073279 0.9404081 0.1492224 0.3055574 0.9917283 0.07490086 0.1042348 0.967196 0.1492227 0.2055838 0.9833869 0.1492226 -0.1033579 0.9551776 0.2960337 1.23564e-7 0.9251529 0.3669292 -0.09723752 0.9501283 0.2953189 -0.1002143 0.934514 0.2956671 -0.1981533 0.9099205 0.3669299 -0.1934093 0.908675 0.2956098 -0.2948302 0.8498245 0.3669299 -0.3783662 0.8724511 0.2953264 -0.389373 0.856329 0.1492227 -0.4944019 0.8056191 0.3669298 -0.4651242 0.8270239 0.2953252 -0.4783459 0.7731567 0.2957268 -0.5610475 0.7102758 0.2957268 -0.638791 0.7525869 0.36693 -0.5467865 0.6396138 0.2957283 -0.7095344 0.6616389 0.1492226 -0.7348243 0.6913093 0.3669295 -0.6224582 0.5467864 0.3669298 -0.7525869 0.5609611 0.2953253 -0.7733729 0.4781143 0.295726 -0.8270145 0.4944016 0.1492226 -0.8563292 0.4651247 0.3669298 -0.8056188 0.389082 0.2957561 -0.8724355 0.2958266 0.295816 -0.9082838 0.3055574 0.1492224 -0.9404082 0.3783671 0.3669299 -0.849824 0.1991896 0.2957561 -0.9342655 0.1934099 0.3669297 -0.9099205 0.1030796 0.149436 -0.9833837 0.09958136 0.2955158 -0.9501336 5.5417e-4 0.2957275 -0.9552722 -4.94949e-7 0.3669295 -0.9302487 -0.09723788 0.3669294 -0.9251527 -0.1003633 0.2953214 -0.9501119 -0.1980317 0.2957553 -0.9345118 -0.1934099 0.3669298 -0.9099205 -0.2946275 0.2957575 -0.9086925 -0.3783671 0.3669299 -0.849824 -0.389373 0.2953264 -0.8724512 -0.4944016 0.1492226 -0.8563292 -0.4651247 0.3669298 -0.8056188 -0.4782182 0.295323 -0.8270984 -0.5618948 0.29566 -0.7725667 -0.6388611 0.295669 -0.710237 -0.6616389 0.1492226 -0.7348242 -0.5467866 0.36693 -0.7525869 -0.7096013 0.2956686 -0.6395671 -0.6913093 0.3669297 -0.6224582 -0.7525866 0.36693 -0.5467868 -0.7733439 0.2953245 -0.5610017 -0.8269869 0.2957555 -0.4781437 -0.8565037 0.1492254 -0.4940986 -0.8056189 0.3669298 -0.4651244 -0.8724592 0.2957275 -0.3890502 -0.9083471 0.295727 -0.2957214 -0.8847189 0.3669303 -0.2874625 -0.9342311 0.2958153 -0.199263 -0.9099205 0.36693 -0.1934094 -0.9833869 0.1492227 -0.1033578 -0.9501338 0.2955157 -0.09958124 -0.955263 0.2957574 -5.93428e-4 -0.930249 0.3669288 3.16674e-7 -0.9833869 0.1492226 0.1033579 -0.9251529 0.3669292 0.09723752 -0.9501283 0.2953189 0.1002143 -0.934514 0.2956671 0.1981533 -0.9099205 0.3669299 0.1934093 -0.908675 0.2956098 0.2948302 -0.8498245 0.3669299 0.3783662 -0.8724511 0.2953264 0.389373 -0.856329 0.1492227 0.4944019 -0.8056191 0.3669298 0.4651242 -0.8270239 0.2953252 0.4783459 -0.7731567 0.2957268 0.5610475 -0.7102758 0.2957268 0.638791 -0.7525869 0.36693 0.5467865 -0.6396138 0.2957283 0.7095344 -0.6616389 0.1492226 0.7348243 -0.6913093 0.3669295 0.6224582 -0.5467864 0.3669298 0.7525869 -0.5609611 0.2953253 0.7733729 -0.4781143 0.295726 0.8270145 -0.4944016 0.1492226 0.8563292 -0.4651247 0.3669298 0.8056188 -0.389082 0.2957561 0.8724355 -0.2958266 0.295816 0.9082838 -0.3055574 0.1492224 0.9404082 -0.3783671 0.3669299 0.849824 -0.1991896 0.2957561 0.9342655 -0.1934099 0.3669297 0.9099205 -0.1030796 0.149436 0.9833837 -0.09958136 0.2955158 0.9501336 -5.5417e-4 0.2957275 0.9552722 4.94949e-7 0.3669295 0.9302487 0.09723788 0.3669294 0.9251527 0.1003633 0.2953214 0.9501119 0.1980317 0.2957553 0.9345118 0.1934099 0.3669298 0.9099205 0.2946275 0.2957575 0.9086925 0.3783671 0.3669299 0.849824 0.389373 0.2953264 0.8724512 0.4944016 0.1492226 0.8563292 0.4651247 0.3669298 0.8056188 0.4782182 0.295323 0.8270984 0.5618948 0.29566 0.7725667 0.6388611 0.295669 0.710237 0.6616389 0.1492226 0.7348242 0.5467866 0.36693 0.7525869 0.7096013 0.2956686 0.6395671 0.6913093 0.3669297 0.6224582 0.7525866 0.36693 0.5467868 0.7733439 0.2953245 0.5610017 0.8269869 0.2957555 0.4781437 0.8565037 0.1492254 0.4940986 0.8056189 0.3669298 0.4651244 0.8724592 0.2957275 0.3890502 0.9083471 0.295727 0.2957214 0.8847189 0.3669303 0.2874625 0.9342311 0.2958153 0.199263 0.9099205 0.36693 0.1934094 0.9833869 0.1492227 0.1033578 0.9501338 0.2955157 0.09958124 0.930249 0.3669288 -3.16674e-7 -0.9252108 0.366782 -0.09724277 0.9252106 0.3667823 -0.09724277 0.9252108 0.366782 0.09724277 -0.09724402 0.3667826 -0.9252103 0.09724402 0.3667826 -0.9252103 -0.9252106 0.3667823 0.09724277 -0.09724402 0.3667826 0.9252103 0.09724402 0.3667826 0.9252103 0.8847188 0.3669302 -0.2874628 0.6224574 0.3669295 -0.69131 0.2874628 0.3669303 -0.8847188 0.09723734 0.3669294 -0.9251528 -0.287463 0.3669305 -0.8847187 -0.6224579 0.3669298 -0.6913095 -0.8498247 0.3669297 -0.3783659 -0.9251531 0.3669289 -0.09723758 -0.8847188 0.3669302 0.2874628 -0.6224574 0.3669295 0.69131 -0.2874628 0.3669303 0.8847188 -0.09723734 0.3669294 0.9251528 0.287463 0.3669305 0.8847187 0.6224579 0.3669298 0.6913095 0.8498247 0.3669297 0.3783659 0.9251531 0.3669289 0.09723758</float_array>
          <technique_common>
            <accessor source="#Mesh_001-mesh-normals-array" count="888" stride="3">
              <param name="X" type="float"/>
              <param name="Y" type="float"/>
              <param name="Z" type="float"/>
            </accessor>
          </technique_common>
        </source>
        <source id="Mesh_001-mesh-map-0">
          <float_array id="Mesh_001-mesh-map-0-array" count="7200">0.15 0.9474021 0.1666666 0.9547955 0.15 0.9547955 0.01666665 0.8225416 0 0 0.01666665 0 0.4833333 0.9547955 0.5 0.9474021 0.5 0.9547955 0.15 0.9625028 0.1666666 0.9547955 0.1666666 0.9625028 0.0333333 0.8225416 0.01666665 0 0.0333333 0 0.4833333 0.9547955 0.5 0.9625028 0.4833333 0.9625028 0.15 0.9625028 0.1666666 0.970393 0.15 0.970393 0.04999995 0.8225416 0.0333333 0 0.04999995 0 0.4833333 0.9625028 0.5 0.970393 0.4833333 0.970393 0.1333333 0.9474021 0.15 0.9547955 0.1333333 0.9547955 0.06666666 0.8225416 0.04999995 0 0.06666666 0 0.4666666 0.9474021 0.4833333 0.9547955 0.4666666 0.9547955 0.1333333 0.9625028 0.15 0.9547955 0.15 0.9625028 0.08333331 0.8225416 0.06666666 0 0.08333331 0 0.4666666 0.9625028 0.4833333 0.9547955 0.4833333 0.9625028 0.1333333 0.9625028 0.15 0.970393 0.1333333 0.970393 0.1 0.8225416 0.08333331 0 0.1 0 0.4666666 0.970393 0.4833333 0.9625028 0.4833333 0.970393 0.1166666 0.9474021 0.1333333 0.9547955 0.1166666 0.9547955 0.1166666 0.8225416 0.1 0 0.1166666 0 0.45 0.9474021 0.4666666 0.9547955 0.45 0.9547955 0.1166666 0.9547955 0.1333333 0.9625028 0.1166666 0.9625028 0.1333333 0.8225416 0.1166666 0 0.1333333 0 0.45 0.9625028 0.4666666 0.9547955 0.4666666 0.9625028 0.1166666 0.9625028 0.1333333 0.970393 0.1166666 0.970393 0.15 0.8225416 0.1333333 0 0.15 0 0.45 0.9625028 0.4666666 0.970393 0.45 0.970393 0.1 0.9547955 0.1166666 0.9474021 0.1166666 0.9547955 0.1666666 0.8225416 0.15 0 0.1666666 0 0.4333333 0.9474021 0.45 0.9547955 0.4333333 0.9547955 0.1 0.9547955 0.1166666 0.9625028 0.1 0.9625028 0.1833333 0.8225416 0.1666666 0 0.1833333 0 0.4333333 0.9625028 0.45 0.9547955 0.45 0.9625028 0.1 0.970393 0.1166666 0.9625028 0.1166666 0.970393 0.2 0.8225416 0.1833333 0 0.2 0 0.4333333 0.970393 0.45 0.9625028 0.45 0.970393 0.08333331 0.9547955 0.1 0.9474021 0.1 0.9547955 0.2166666 0.8225416 0.2 0 0.2166666 0 0.4166666 0.9474021 0.4333333 0.9547955 0.4166666 0.9547955 0.08333331 0.9547955 0.1 0.9625028 0.08333331 0.9625028 0.2333333 0.8225416 0.2166666 0 0.2333333 0 0.4166666 0.9625028 0.4333333 0.9547955 0.4333333 0.9625028 0.08333331 0.970393 0.1 0.9625028 0.1 0.970393 0.25 0.8225416 0.2333333 0 0.25 0 0.4166666 0.9625028 0.4333333 0.970393 0.4166666 0.970393 0.06666666 0.9547955 0.08333331 0.9474021 0.08333331 0.9547955 0.2666667 0.8225416 0.25 0 0.2666667 0 0.4 0.9474021 0.4166666 0.9547955 0.4 0.9547955 0.06666666 0.9547955 0.08333331 0.9625028 0.06666666 0.9625028 0.2833333 0.8225416 0.2666667 0 0.2833333 0 0.4 0.9625028 0.4166666 0.9547955 0.4166666 0.9625028 0.06666666 0.970393 0.08333331 0.9625028 0.08333331 0.970393 0.3 0.8225416 0.2833333 0 0.3 0 0.4 0.9625028 0.4166666 0.970393 0.4 0.970393 0.04999995 0.9547955 0.06666666 0.9474021 0.06666666 0.9547955 0.3166667 0.8225416 0.3 0 0.3166667 0 0.3833333 0.9474021 0.4 0.9547955 0.3833333 0.9547955 0.04999995 0.9547955 0.06666666 0.9625028 0.04999995 0.9625028 0.3333333 0.8225416 0.3166667 0 0.3333333 0 0.3833333 0.9625028 0.4 0.9547955 0.4 0.9625028 0.04999995 0.9625028 0.06666666 0.970393 0.04999995 0.970393 0.35 0.8225416 0.3333333 0 0.35 0 0.3833333 0.9625028 0.4 0.970393 0.3833333 0.970393 0.0333333 0.9547955 0.04999995 0.9474021 0.04999995 0.9547955 0.3666667 0.8225416 0.35 0 0.3666667 0 0.3666667 0.9474021 0.3833333 0.9547955 0.3666667 0.9547955 0.0333333 0.9547955 0.04999995 0.9625028 0.0333333 0.9625028 0.3833333 0.8225416 0.3666667 0 0.3833333 0 0.3666667 0.9547955 0.3833333 0.9625028 0.3666667 0.9625028 0.0333333 0.9625028 0.04999995 0.970393 0.0333333 0.970393 0.4 0.8225416 0.3833333 0 0.4 0 0.3666667 0.9625028 0.3833333 0.970393 0.3666667 0.970393 0.01666665 0.9547955 0.0333333 0.9474021 0.0333333 0.9547955 0.4166666 0.8225416 0.4 0 0.4166666 0 0.35 0.9547955 0.3666667 0.9474021 0.3666667 0.9547955 0.01666665 0.9547955 0.0333333 0.9625028 0.01666665 0.9625028 0.4333333 0.8225416 0.4166666 0 0.4333333 0 0.35 0.9547955 0.3666667 0.9625028 0.35 0.9625028 0.01666665 0.9625028 0.0333333 0.970393 0.01666665 0.970393 0.45 0.8225416 0.4333333 0 0.45 0 0.35 0.970393 0.3666667 0.9625028 0.3666667 0.970393 0 0.9474021 0.01666665 0.9547955 0 0.9547955 0.4666666 0.8225416 0.45 0 0.4666666 0 0.3333333 0.9547955 0.35 0.9474021 0.35 0.9547955 0 0.9625028 0.01666665 0.9547955 0.01666665 0.9625028 0.4833333 0.8225416 0.4666666 0 0.4833333 0 0.3333333 0.9547955 0.35 0.9625028 0.3333333 0.9625028 0 0.9625028 0.01666665 0.970393 0 0.970393 0.5 0.8225416 0.4833333 0 0.5 0 0.3333333 0.970393 0.35 0.9625028 0.35 0.970393 0.9833334 0.9547955 1 0.9474021 1 0.9547955 0.5166667 0.8225416 0.5 0 0.5166667 0 0.3166667 0.9547955 0.3333333 0.9474021 0.3333333 0.9547955 0.9833334 0.9547955 1 0.9625028 0.9833334 0.9625028 0.5333334 0.8225416 0.5166667 0 0.5333334 0 0.3166667 0.9547955 0.3333333 0.9625028 0.3166667 0.9625028 0.9833334 0.9625028 1 0.970393 0.9833334 0.970393 0.55 0.8225416 0.5333334 0 0.55 0 0.3166667 0.970393 0.3333333 0.9625028 0.3333333 0.970393 0.9666666 0.9474021 0.9833334 0.9547955 0.9666666 0.9547955 0.5666667 0.8225416 0.55 0 0.5666667 0 0.3 0.9547955 0.3166667 0.9474021 0.3166667 0.9547955 0.9666666 0.9625028 0.9833334 0.9547955 0.9833334 0.9625028 0.5833333 0.8225416 0.5666667 0 0.5833333 0 0.3 0.9547955 0.3166667 0.9625028 0.3 0.9625028 0.9666666 0.970393 0.9833334 0.9625028 0.9833334 0.970393 0.6 0.8225416 0.5833333 0 0.6 0 0.3 0.9625028 0.3166667 0.970393 0.3 0.970393 0.95 0.9474021 0.9666666 0.9547955 0.95 0.9547955 0.6166667 0.8225416 0.6 0 0.6166667 0 0.2833333 0.9547955 0.3 0.9474021 0.3 0.9547955 0.95 0.9625028 0.9666666 0.9547955 0.9666666 0.9625028 0.6333333 0.8225416 0.6166667 0 0.6333333 0 0.2833333 0.9547955 0.3 0.9625028 0.2833333 0.9625028 0.95 0.9625028 0.9666666 0.970393 0.95 0.970393 0.65 0.8225416 0.6333333 0 0.65 0 0.2833333 0.9625028 0.3 0.970393 0.2833333 0.970393 0.9333333 0.9474021 0.95 0.9547955 0.9333333 0.9547955 0.6666667 0.8225416 0.65 0 0.6666667 0 0.2666667 0.9547955 0.2833333 0.9474021 0.2833333 0.9547955 0.9333333 0.9625028 0.95 0.9547955 0.95 0.9625028 0.6833333 0.8225416 0.6666667 0 0.6833333 0 0.2666667 0.9547955 0.2833333 0.9625028 0.2666667 0.9625028 0.9333333 0.970393 0.95 0.9625028 0.95 0.970393 0.7 0.8225416 0.6833333 0 0.7 0 0.2666667 0.9625028 0.2833333 0.970393 0.2666667 0.970393 0.9166667 0.9474021 0.9333333 0.9547955 0.9166667 0.9547955 0.7166666 0.8225416 0.7 0 0.7166666 0 0.25 0.9474021 0.2666667 0.9547955 0.25 0.9547955 0.9166667 0.9625028 0.9333333 0.9547955 0.9333333 0.9625028 0.7333334 0.8225416 0.7166666 0 0.7333334 0 0.25 0.9625028 0.2666667 0.9547955 0.2666667 0.9625028 0.9166667 0.9625028 0.9333333 0.970393 0.9166667 0.970393 0.75 0.8225416 0.7333334 0 0.75 0 0.25 0.9625028 0.2666667 0.970393 0.25 0.970393 0.9 0.9474021 0.9166667 0.9547955 0.9 0.9547955 0.7666667 0.8225416 0.75 0 0.7666667 0 0.2333333 0.9547955 0.25 0.9474021 0.25 0.9547955 0.9 0.9625028 0.9166667 0.9547955 0.9166667 0.9625028 0.7833334 0.8225416 0.7666667 0 0.7833334 0 0.2333333 0.9547955 0.25 0.9625028 0.2333333 0.9625028 0.9 0.9625028 0.9166667 0.970393 0.9 0.970393 0.8 0.8225416 0.7833334 0 0.8 0 0.2333333 0.9625028 0.25 0.970393 0.2333333 0.970393 0.8833333 0.9474021 0.9 0.9547955 0.8833333 0.9547955 0.8166667 0.8225416 0.8 0 0.8166667 0 0.2166666 0.9474021 0.2333333 0.9547955 0.2166666 0.9547955 0.8833333 0.9625028 0.9 0.9547955 0.9 0.9625028 0.8333333 0.8225416 0.8166667 0 0.8333333 0 0.2166666 0.9625028 0.2333333 0.9547955 0.2333333 0.9625028 0.8833333 0.9625028 0.9 0.970393 0.8833333 0.970393 0.85 0.8225416 0.8333333 0 0.85 0 0.2166666 0.970393 0.2333333 0.9625028 0.2333333 0.970393 0.8666667 0.9474021 0.8833333 0.9547955 0.8666667 0.9547955 0.8666667 0.8225416 0.85 0 0.8666667 0 0.2 0.9474021 0.2166666 0.9547955 0.2 0.9547955 0.8666667 0.9547955 0.8833333 0.9625028 0.8666667 0.9625028 0.8833333 0.8225416 0.8666667 0 0.8833333 0 0.2 0.9625028 0.2166666 0.9547955 0.2166666 0.9625028 0.8666667 0.9625028 0.8833333 0.970393 0.8666667 0.970393 0.9 0.8225416 0.8833333 0 0.9 0 0.2 0.9625028 0.2166666 0.970393 0.2 0.970393 0.85 0.9547955 0.8666667 0.9474021 0.8666667 0.9547955 0.9166667 0.8225416 0.9 0 0.9166667 0 0.1833333 0.9474021 0.2 0.9547955 0.1833333 0.9547955 0.85 0.9547955 0.8666667 0.9625028 0.85 0.9625028 0.9333333 0.8225416 0.9166667 0 0.9333333 0 0.1833333 0.9625028 0.2 0.9547955 0.2 0.9625028 0.85 0.970393 0.8666667 0.9625028 0.8666667 0.970393 0.95 0.8225416 0.9333333 0 0.95 0 0.1833333 0.970393 0.2 0.9625028 0.2 0.970393 0.8333333 0.9547955 0.85 0.9474021 0.85 0.9547955 0.9666666 0.8225416 0.95 0 0.9666666 0 0.1666666 0.9474021 0.1833333 0.9547955 0.1666666 0.9547955 0.8333333 0.9547955 0.85 0.9625028 0.8333333 0.9625028 0.9833334 0.8225416 0.9666666 0 0.9833334 0 0.1666666 0.9625028 0.1833333 0.9547955 0.1833333 0.9625028 0.8333333 0.970393 0.85 0.9625028 0.85 0.970393 1 0.8225416 0.9833334 0 1 0 0.1666666 0.9625028 0.1833333 0.970393 0.1666666 0.970393 0.5166667 0.8967549 0.5 0.9474021 0.5 0.8967549 0.5166667 0.8967549 0.5333334 0.9474021 0.5166667 0.9474021 0.55 0.8967549 0.5333334 0.9474021 0.5333334 0.8967549 0.5666667 0.8967549 0.55 0.9474021 0.55 0.8967549 0.5833333 0.8967549 0.5666667 0.9474021 0.5666667 0.8967549 0.6 0.8967549 0.5833333 0.9474021 0.5833333 0.8967549 0.6 0.8967549 0.6166667 0.9474021 0.6 0.9474021 0.6333333 0.8967549 0.6166667 0.9474021 0.6166667 0.8967549 0.65 0.8967549 0.6333333 0.9474021 0.6333333 0.8967549 0.65 0.8967549 0.6666667 0.9474021 0.65 0.9474021 0.6666667 0.8967549 0.6833333 0.9474021 0.6666667 0.9474021 0.7 0.8967549 0.6833333 0.9474021 0.6833333 0.8967549 0.7 0.8967549 0.7166666 0.9474021 0.7 0.9474021 0.7333334 0.8967549 0.7166666 0.9474021 0.7166666 0.8967549 0.7333334 0.8967549 0.75 0.9474021 0.7333334 0.9474021 0.7666667 0.8967549 0.75 0.9474021 0.75 0.8967549 0.7666667 0.8967549 0.7833334 0.9474021 0.7666667 0.9474021 0.8 0.8967549 0.7833334 0.9474021 0.7833334 0.8967549 0.8166667 0.8967549 0.8 0.9474021 0.8 0.8967549 0.8333333 0.8967549 0.8166667 0.9474021 0.8166667 0.8967549 0.85 0.8967549 0.8333333 0.9474021 0.8333333 0.8967549 0.8666667 0.8967549 0.85 0.9474021 0.85 0.8967549 0.8833333 0.8967549 0.8666667 0.9474021 0.8666667 0.8967549 0.9 0.8967549 0.8833333 0.9474021 0.8833333 0.8967549 0.9166667 0.8967549 0.9 0.9474021 0.9 0.8967549 0.9166667 0.8967549 0.9333333 0.9474021 0.9166667 0.9474021 0.95 0.8967549 0.9333333 0.9474021 0.9333333 0.8967549 0.95 0.8967549 0.9666666 0.9474021 0.95 0.9474021 0.9833334 0.8967549 0.9666666 0.9474021 0.9666666 0.8967549 0.9833334 0.8967549 1 0.9474021 0.9833334 0.9474021 0.01666665 0.8967549 0 0.9474021 0 0.8967549 0.01666665 0.8967549 0.0333333 0.9474021 0.01666665 0.9474021 0.04999995 0.8967549 0.0333333 0.9474021 0.0333333 0.8967549 0.06666666 0.8967549 0.04999995 0.9474021 0.04999995 0.8967549 0.08333331 0.8967549 0.06666666 0.9474021 0.06666666 0.8967549 0.1 0.8967549 0.08333331 0.9474021 0.08333331 0.8967549 0.1 0.8967549 0.1166666 0.9474021 0.1 0.9474021 0.1333333 0.8967549 0.1166666 0.9474021 0.1166666 0.8967549 0.15 0.8967549 0.1333333 0.9474021 0.1333333 0.8967549 0.15 0.8967549 0.1666666 0.9474021 0.15 0.9474021 0.1666666 0.8967549 0.1833333 0.9474021 0.1666666 0.9474021 0.2 0.8967549 0.1833333 0.9474021 0.1833333 0.8967549 0.2 0.8967549 0.2166666 0.9474021 0.2 0.9474021 0.2333333 0.8967549 0.2166666 0.9474021 0.2166666 0.8967549 0.2333333 0.8967549 0.25 0.9474021 0.2333333 0.9474021 0.2666667 0.8967549 0.25 0.9474021 0.25 0.8967549 0.2666667 0.8967549 0.2833333 0.9474021 0.2666667 0.9474021 0.3 0.8967549 0.2833333 0.9474021 0.2833333 0.8967549 0.3166667 0.8967549 0.3 0.9474021 0.3 0.8967549 0.3333333 0.8967549 0.3166667 0.9474021 0.3166667 0.8967549 0.35 0.8967549 0.3333333 0.9474021 0.3333333 0.8967549 0.3666667 0.8967549 0.35 0.9474021 0.35 0.8967549 0.3833333 0.8967549 0.3666667 0.9474021 0.3666667 0.8967549 0.4 0.8967549 0.3833333 0.9474021 0.3833333 0.8967549 0.4166666 0.8967549 0.4 0.9474021 0.4 0.8967549 0.4166666 0.8967549 0.4333333 0.9474021 0.4166666 0.9474021 0.45 0.8967549 0.4333333 0.9474021 0.4333333 0.8967549 0.45 0.8967549 0.4666666 0.9474021 0.45 0.9474021 0.4833333 0.8967549 0.4666666 0.9474021 0.4666666 0.8967549 0.4833333 0.8967549 0.5 0.9474021 0.4833333 0.9474021 0.5166667 1 0.5 0.978329 0.5166667 0.978329 0.5333334 1 0.5166667 0.978329 0.5333334 0.978329 0.55 1 0.5333334 0.978329 0.55 0.978329 0.5666667 1 0.55 0.978329 0.5666667 0.978329 0.5833333 1 0.5666667 0.978329 0.5833333 0.978329 0.6 1 0.5833333 0.978329 0.6 0.978329 0.6166667 1 0.6 0.978329 0.6166667 0.978329 0.6333333 1 0.6166667 0.978329 0.6333333 0.978329 0.65 1 0.6333333 0.978329 0.65 0.978329 0.6666667 1 0.65 0.978329 0.6666667 0.978329 0.6833333 1 0.6666667 0.978329 0.6833333 0.978329 0.7 1 0.6833333 0.978329 0.7 0.978329 0.7166666 1 0.7 0.978329 0.7166666 0.978329 0.7333334 1 0.7166666 0.978329 0.7333334 0.978329 0.75 1 0.7333334 0.978329 0.75 0.978329 0.7666667 1 0.75 0.978329 0.7666667 0.978329 0.7833334 1 0.7666667 0.978329 0.7833334 0.978329 0.8 1 0.7833334 0.978329 0.8 0.978329 0.8166667 1 0.8 0.978329 0.8166667 0.978329 0.8333333 1 0.8166667 0.978329 0.8333333 0.978329 0.85 1 0.8333333 0.978329 0.85 0.978329 0.8666667 1 0.85 0.978329 0.8666667 0.978329 0.8833333 1 0.8666667 0.978329 0.8833333 0.978329 0.9 1 0.8833333 0.978329 0.9 0.978329 0.9166667 1 0.9 0.978329 0.9166667 0.978329 0.9333333 1 0.9166667 0.978329 0.9333333 0.978329 0.95 1 0.9333333 0.978329 0.95 0.978329 0.9666666 1 0.95 0.978329 0.9666666 0.978329 0.9833334 1 0.9666666 0.978329 0.9833334 0.978329 1 1 0.9833334 0.978329 1 0.978329 0.01666665 1 0 0.978329 0.01666665 0.978329 0.0333333 1 0.01666665 0.978329 0.0333333 0.978329 0.04999995 1 0.0333333 0.978329 0.04999995 0.978329 0.06666666 1 0.04999995 0.978329 0.06666666 0.978329 0.08333331 1 0.06666666 0.978329 0.08333331 0.978329 0.1 1 0.08333331 0.978329 0.1 0.978329 0.1166666 1 0.1 0.978329 0.1166666 0.978329 0.1333333 1 0.1166666 0.978329 0.1333333 0.978329 0.15 1 0.1333333 0.978329 0.15 0.978329 0.1666666 1 0.15 0.978329 0.1666666 0.978329 0.1833333 1 0.1666666 0.978329 0.1833333 0.978329 0.2 1 0.1833333 0.978329 0.2 0.978329 0.2166666 1 0.2 0.978329 0.2166666 0.978329 0.2333333 1 0.2166666 0.978329 0.2333333 0.978329 0.25 1 0.2333333 0.978329 0.25 0.978329 0.2666667 1 0.25 0.978329 0.2666667 0.978329 0.2833333 1 0.2666667 0.978329 0.2833333 0.978329 0.3 1 0.2833333 0.978329 0.3 0.978329 0.3166667 1 0.3 0.978329 0.3166667 0.978329 0.3333333 1 0.3166667 0.978329 0.3333333 0.978329 0.35 1 0.3333333 0.978329 0.35 0.978329 0.3666667 1 0.35 0.978329 0.3666667 0.978329 0.3833333 1 0.3666667 0.978329 0.3833333 0.978329 0.4 1 0.3833333 0.978329 0.4 0.978329 0.4166666 1 0.4 0.978329 0.4166666 0.978329 0.4333333 1 0.4166666 0.978329 0.4333333 0.978329 0.45 1 0.4333333 0.978329 0.45 0.978329 0.4666666 1 0.45 0.978329 0.4666666 0.978329 0.4833333 1 0.4666666 0.978329 0.4833333 0.978329 0.5 1 0.4833333 0.978329 0.5 0.978329 0.5 0.9625028 0.5166667 0.970393 0.5 0.970393 0.5 0.9625028 0.5166667 0.9547955 0.5166667 0.9625028 0.5 0.9474021 0.5166667 0.9547955 0.5 0.9547955 0.5166667 0.9625028 0.5333334 0.970393 0.5166667 0.970393 0.5166667 0.9547955 0.5333334 0.9625028 0.5166667 0.9625028 0.5166667 0.9547955 0.5333334 0.9474021 0.5333334 0.9547955 0.5333334 0.9625028 0.55 0.970393 0.5333334 0.970393 0.5333334 0.9547955 0.55 0.9625028 0.5333334 0.9625028 0.5333334 0.9547955 0.55 0.9474021 0.55 0.9547955 0.55 0.9625028 0.5666667 0.970393 0.55 0.970393 0.55 0.9547955 0.5666667 0.9625028 0.55 0.9625028 0.55 0.9547955 0.5666667 0.9474021 0.5666667 0.9547955 0.5666667 0.970393 0.5833333 0.9625028 0.5833333 0.970393 0.5666667 0.9547955 0.5833333 0.9625028 0.5666667 0.9625028 0.5666667 0.9547955 0.5833333 0.9474021 0.5833333 0.9547955 0.5833333 0.970393 0.6 0.9625028 0.6 0.970393 0.5833333 0.9547955 0.6 0.9625028 0.5833333 0.9625028 0.5833333 0.9547955 0.6 0.9474021 0.6 0.9547955 0.6 0.970393 0.6166667 0.9625028 0.6166667 0.970393 0.6 0.9547955 0.6166667 0.9625028 0.6 0.9625028 0.6 0.9547955 0.6166667 0.9474021 0.6166667 0.9547955 0.6166667 0.9625028 0.6333333 0.970393 0.6166667 0.970393 0.6166667 0.9547955 0.6333333 0.9625028 0.6166667 0.9625028 0.6166667 0.9474021 0.6333333 0.9547955 0.6166667 0.9547955 0.6333333 0.9625028 0.65 0.970393 0.6333333 0.970393 0.6333333 0.9625028 0.65 0.9547955 0.65 0.9625028 0.6333333 0.9474021 0.65 0.9547955 0.6333333 0.9547955 0.65 0.9625028 0.6666667 0.970393 0.65 0.970393 0.65 0.9625028 0.6666667 0.9547955 0.6666667 0.9625028 0.65 0.9474021 0.6666667 0.9547955 0.65 0.9547955 0.6666667 0.9625028 0.6833333 0.970393 0.6666667 0.970393 0.6666667 0.9625028 0.6833333 0.9547955 0.6833333 0.9625028 0.6666667 0.9474021 0.6833333 0.9547955 0.6666667 0.9547955 0.6833333 0.970393 0.7 0.9625028 0.7 0.970393 0.6833333 0.9625028 0.7 0.9547955 0.7 0.9625028 0.6833333 0.9474021 0.7 0.9547955 0.6833333 0.9547955 0.7 0.9625028 0.7166666 0.970393 0.7 0.970393 0.7 0.9625028 0.7166666 0.9547955 0.7166666 0.9625028 0.7 0.9474021 0.7166666 0.9547955 0.7 0.9547955 0.7166666 0.970393 0.7333334 0.9625028 0.7333334 0.970393 0.7166666 0.9625028 0.7333334 0.9547955 0.7333334 0.9625028 0.7166666 0.9474021 0.7333334 0.9547955 0.7166666 0.9547955 0.7333334 0.9625028 0.75 0.970393 0.7333334 0.970393 0.7333334 0.9547955 0.75 0.9625028 0.7333334 0.9625028 0.7333334 0.9547955 0.75 0.9474021 0.75 0.9547955 0.75 0.9625028 0.7666667 0.970393 0.75 0.970393 0.75 0.9625028 0.7666667 0.9547955 0.7666667 0.9625028 0.75 0.9474021 0.7666667 0.9547955 0.75 0.9547955 0.7666667 0.9625028 0.7833334 0.970393 0.7666667 0.970393 0.7666667 0.9547955 0.7833334 0.9625028 0.7666667 0.9625028 0.7666667 0.9547955 0.7833334 0.9474021 0.7833334 0.9547955 0.7833334 0.9625028 0.8 0.970393 0.7833334 0.970393 0.7833334 0.9547955 0.8 0.9625028 0.7833334 0.9625028 0.7833334 0.9547955 0.8 0.9474021 0.8 0.9547955 0.8 0.9625028 0.8166667 0.970393 0.8 0.970393 0.8 0.9547955 0.8166667 0.9625028 0.8 0.9625028 0.8 0.9547955 0.8166667 0.9474021 0.8166667 0.9547955 0.8166667 0.970393 0.8333333 0.9625028 0.8333333 0.970393 0.8166667 0.9547955 0.8333333 0.9625028 0.8166667 0.9625028 0.8166667 0.9547955 0.8333333 0.9474021 0.8333333 0.9547955 0.5 0.978329 0.5166667 0.970393 0.5166667 0.978329 0.8333333 0.970393 0.85 0.978329 0.8333333 0.978329 0.1666666 0.978329 0.1833333 0.970393 0.1833333 0.978329 0.5166667 0.978329 0.5333334 0.970393 0.5333334 0.978329 0.85 0.970393 0.8666667 0.978329 0.85 0.978329 0.1833333 0.970393 0.2 0.978329 0.1833333 0.978329 0.5333334 0.978329 0.55 0.970393 0.55 0.978329 0.8666667 0.970393 0.8833333 0.978329 0.8666667 0.978329 0.2 0.970393 0.2166666 0.978329 0.2 0.978329 0.55 0.978329 0.5666667 0.970393 0.5666667 0.978329 0.8833333 0.978329 0.9 0.970393 0.9 0.978329 0.2166666 0.970393 0.2333333 0.978329 0.2166666 0.978329 0.5666667 0.970393 0.5833333 0.978329 0.5666667 0.978329 0.9 0.978329 0.9166667 0.970393 0.9166667 0.978329 0.2333333 0.970393 0.25 0.978329 0.2333333 0.978329 0.5833333 0.970393 0.6 0.978329 0.5833333 0.978329 0.9166667 0.978329 0.9333333 0.970393 0.9333333 0.978329 0.25 0.978329 0.2666667 0.970393 0.2666667 0.978329 0.6 0.970393 0.6166667 0.978329 0.6 0.978329 0.9333333 0.970393 0.95 0.978329 0.9333333 0.978329 0.2666667 0.978329 0.2833333 0.970393 0.2833333 0.978329 0.6166667 0.970393 0.6333333 0.978329 0.6166667 0.978329 0.95 0.970393 0.9666666 0.978329 0.95 0.978329 0.2833333 0.978329 0.3 0.970393 0.3 0.978329 0.6333333 0.978329 0.65 0.970393 0.65 0.978329 0.9666666 0.970393 0.9833334 0.978329 0.9666666 0.978329 0.3 0.978329 0.3166667 0.970393 0.3166667 0.978329 0.65 0.978329 0.6666667 0.970393 0.6666667 0.978329 0.9833334 0.970393 1 0.978329 0.9833334 0.978329 0.3166667 0.970393 0.3333333 0.978329 0.3166667 0.978329 0.6666667 0.978329 0.6833333 0.970393 0.6833333 0.978329 0 0.978329 0.01666665 0.970393 0.01666665 0.978329 0.3333333 0.970393 0.35 0.978329 0.3333333 0.978329 0.6833333 0.970393 0.7 0.978329 0.6833333 0.978329 0.01666665 0.978329 0.0333333 0.970393 0.0333333 0.978329 0.35 0.970393 0.3666667 0.978329 0.35 0.978329 0.7 0.970393 0.7166666 0.978329 0.7 0.978329 0.0333333 0.978329 0.04999995 0.970393 0.04999995 0.978329 0.3666667 0.970393 0.3833333 0.978329 0.3666667 0.978329 0.7166666 0.970393 0.7333334 0.978329 0.7166666 0.978329 0.04999995 0.978329 0.06666666 0.970393 0.06666666 0.978329 0.3833333 0.978329 0.4 0.970393 0.4 0.978329 0.7333334 0.970393 0.75 0.978329 0.7333334 0.978329 0.06666666 0.970393 0.08333331 0.978329 0.06666666 0.978329 0.4 0.978329 0.4166666 0.970393 0.4166666 0.978329 0.75 0.978329 0.7666667 0.970393 0.7666667 0.978329 0.08333331 0.970393 0.1 0.978329 0.08333331 0.978329 0.4166666 0.978329 0.4333333 0.970393 0.4333333 0.978329 0.7666667 0.978329 0.7833334 0.970393 0.7833334 0.978329 0.1 0.970393 0.1166666 0.978329 0.1 0.978329 0.4333333 0.970393 0.45 0.978329 0.4333333 0.978329 0.7833334 0.978329 0.8 0.970393 0.8 0.978329 0.1166666 0.970393 0.1333333 0.978329 0.1166666 0.978329 0.45 0.970393 0.4666666 0.978329 0.45 0.978329 0.8 0.978329 0.8166667 0.970393 0.8166667 0.978329 0.1333333 0.978329 0.15 0.970393 0.15 0.978329 0.4666666 0.970393 0.4833333 0.978329 0.4666666 0.978329 0.8166667 0.970393 0.8333333 0.978329 0.8166667 0.978329 0.15 0.978329 0.1666666 0.970393 0.1666666 0.978329 0.4833333 0.970393 0.5 0.978329 0.4833333 0.978329 0.01666665 0.8225416 0 0.8479931 0 0.8225416 0.0333333 0.8479931 0.01666665 0.8225416 0.0333333 0.8225416 0.04999995 0.8479931 0.0333333 0.8225416 0.04999995 0.8225416 0.06666666 0.8479931 0.04999995 0.8225416 0.06666666 0.8225416 0.08333331 0.8225416 0.06666666 0.8479931 0.06666666 0.8225416 0.1 0.8479931 0.08333331 0.8225416 0.1 0.8225416 0.1166666 0.8225416 0.1 0.8479931 0.1 0.8225416 0.1333333 0.8225416 0.1166666 0.8479931 0.1166666 0.8225416 0.15 0.8479931 0.1333333 0.8225416 0.15 0.8225416 0.1666666 0.8225416 0.15 0.8479931 0.15 0.8225416 0.1833333 0.8479931 0.1666666 0.8225416 0.1833333 0.8225416 0.2 0.8225416 0.1833333 0.8479931 0.1833333 0.8225416 0.2166666 0.8479931 0.2 0.8225416 0.2166666 0.8225416 0.2333333 0.8225416 0.2166666 0.8479931 0.2166666 0.8225416 0.25 0.8479931 0.2333333 0.8225416 0.25 0.8225416 0.2666667 0.8479931 0.25 0.8225416 0.2666667 0.8225416 0.2833333 0.8479931 0.2666667 0.8225416 0.2833333 0.8225416 0.3 0.8479931 0.2833333 0.8225416 0.3 0.8225416 0.3166667 0.8479931 0.3 0.8225416 0.3166667 0.8225416 0.3333333 0.8225416 0.3166667 0.8479931 0.3166667 0.8225416 0.35 0.8479931 0.3333333 0.8225416 0.35 0.8225416 0.3666667 0.8225416 0.35 0.8479931 0.35 0.8225416 0.3833333 0.8479931 0.3666667 0.8225416 0.3833333 0.8225416 0.4 0.8479931 0.3833333 0.8225416 0.4 0.8225416 0.4166666 0.8225416 0.4 0.8479931 0.4 0.8225416 0.4333333 0.8479931 0.4166666 0.8225416 0.4333333 0.8225416 0.45 0.8225416 0.4333333 0.8479931 0.4333333 0.8225416 0.4666666 0.8225416 0.45 0.8479931 0.45 0.8225416 0.4833333 0.8225416 0.4666666 0.8479931 0.4666666 0.8225416 0.5 0.8479931 0.4833333 0.8225416 0.5 0.8225416 0.5166667 0.8225416 0.5 0.8479931 0.5 0.8225416 0.5333334 0.8479931 0.5166667 0.8225416 0.5333334 0.8225416 0.55 0.8479931 0.5333334 0.8225416 0.55 0.8225416 0.5666667 0.8479931 0.55 0.8225416 0.5666667 0.8225416 0.5833333 0.8225416 0.5666667 0.8479931 0.5666667 0.8225416 0.6 0.8479931 0.5833333 0.8225416 0.6 0.8225416 0.6166667 0.8225416 0.6 0.8479931 0.6 0.8225416 0.6333333 0.8225416 0.6166667 0.8479931 0.6166667 0.8225416 0.65 0.8479931 0.6333333 0.8225416 0.65 0.8225416 0.6666667 0.8225416 0.65 0.8479931 0.65 0.8225416 0.6833333 0.8479931 0.6666667 0.8225416 0.6833333 0.8225416 0.7 0.8225416 0.6833333 0.8479931 0.6833333 0.8225416 0.7166666 0.8479931 0.7 0.8225416 0.7166666 0.8225416 0.7333334 0.8225416 0.7166666 0.8479931 0.7166666 0.8225416 0.75 0.8479931 0.7333334 0.8225416 0.75 0.8225416 0.7666667 0.8479931 0.75 0.8225416 0.7666667 0.8225416 0.7833334 0.8479931 0.7666667 0.8225416 0.7833334 0.8225416 0.8 0.8479931 0.7833334 0.8225416 0.8 0.8225416 0.8166667 0.8479931 0.8 0.8225416 0.8166667 0.8225416 0.8333333 0.8225416 0.8166667 0.8479931 0.8166667 0.8225416 0.85 0.8479931 0.8333333 0.8225416 0.85 0.8225416 0.8666667 0.8225416 0.85 0.8479931 0.85 0.8225416 0.8833333 0.8479931 0.8666667 0.8225416 0.8833333 0.8225416 0.9 0.8479931 0.8833333 0.8225416 0.9 0.8225416 0.9166667 0.8225416 0.9 0.8479931 0.9 0.8225416 0.9333333 0.8479931 0.9166667 0.8225416 0.9333333 0.8225416 0.95 0.8225416 0.9333333 0.8479931 0.9333333 0.8225416 0.9666666 0.8225416 0.95 0.8479931 0.95 0.8225416 0.9833334 0.8225416 0.9666666 0.8479931 0.9666666 0.8225416 1 0.8479931 0.9833334 0.8225416 1 0.8225416 0.01666665 0.8479931 0 0.873012 0 0.8479931 0.01666665 0.8967549 0 0.873012 0.01666665 0.873012 0.0333333 0.873012 0.01666665 0.8479931 0.0333333 0.8479931 0.0333333 0.8967549 0.01666665 0.873012 0.0333333 0.873012 0.04999995 0.873012 0.0333333 0.8479931 0.04999995 0.8479931 0.04999995 0.873012 0.0333333 0.8967549 0.0333333 0.873012 0.06666666 0.8479931 0.04999995 0.873012 0.04999995 0.8479931 0.06666666 0.8967549 0.04999995 0.873012 0.06666666 0.873012 0.08333331 0.8479931 0.06666666 0.873012 0.06666666 0.8479931 0.08333331 0.8967549 0.06666666 0.873012 0.08333331 0.873012 0.1 0.873012 0.08333331 0.8479931 0.1 0.8479931 0.1 0.873012 0.08333331 0.8967549 0.08333331 0.873012 0.1166666 0.873012 0.1 0.8479931 0.1166666 0.8479931 0.1166666 0.873012 0.1 0.8967549 0.1 0.873012 0.1333333 0.873012 0.1166666 0.8479931 0.1333333 0.8479931 0.1333333 0.873012 0.1166666 0.8967549 0.1166666 0.873012 0.15 0.8479931 0.1333333 0.873012 0.1333333 0.8479931 0.15 0.8967549 0.1333333 0.873012 0.15 0.873012 0.1666666 0.873012 0.15 0.8479931 0.1666666 0.8479931 0.1666666 0.8967549 0.15 0.873012 0.1666666 0.873012 0.1833333 0.873012 0.1666666 0.8479931 0.1833333 0.8479931 0.1833333 0.873012 0.1666666 0.8967549 0.1666666 0.873012 0.2 0.873012 0.1833333 0.8479931 0.2 0.8479931 0.2 0.873012 0.1833333 0.8967549 0.1833333 0.873012 0.2166666 0.873012 0.2 0.8479931 0.2166666 0.8479931 0.2166666 0.8967549 0.2 0.873012 0.2166666 0.873012 0.2333333 0.8479931 0.2166666 0.873012 0.2166666 0.8479931 0.2333333 0.873012 0.2166666 0.8967549 0.2166666 0.873012 0.25 0.873012 0.2333333 0.8479931 0.25 0.8479931 0.25 0.8967549 0.2333333 0.873012 0.25 0.873012 0.2666667 0.8479931 0.25 0.873012 0.25 0.8479931 0.2666667 0.8967549 0.25 0.873012 0.2666667 0.873012 0.2833333 0.873012 0.2666667 0.8479931 0.2833333 0.8479931 0.2833333 0.8967549 0.2666667 0.873012 0.2833333 0.873012 0.3 0.873012 0.2833333 0.8479931 0.3 0.8479931 0.3 0.873012 0.2833333 0.8967549 0.2833333 0.873012 0.3166667 0.8479931 0.3 0.873012 0.3 0.8479931 0.3166667 0.8967549 0.3 0.873012 0.3166667 0.873012 0.3333333 0.8479931 0.3166667 0.873012 0.3166667 0.8479931 0.3333333 0.8967549 0.3166667 0.873012 0.3333333 0.873012 0.35 0.8479931 0.3333333 0.873012 0.3333333 0.8479931 0.35 0.873012 0.3333333 0.8967549 0.3333333 0.873012 0.3666667 0.873012 0.35 0.8479931 0.3666667 0.8479931 0.3666667 0.873012 0.35 0.8967549 0.35 0.873012 0.3833333 0.873012 0.3666667 0.8479931 0.3833333 0.8479931 0.3833333 0.8967549 0.3666667 0.873012 0.3833333 0.873012 0.4 0.8479931 0.3833333 0.873012 0.3833333 0.8479931 0.4 0.8967549 0.3833333 0.873012 0.4 0.873012 0.4166666 0.873012 0.4 0.8479931 0.4166666 0.8479931 0.4166666 0.8967549 0.4 0.873012 0.4166666 0.873012 0.4333333 0.873012 0.4166666 0.8479931 0.4333333 0.8479931 0.4333333 0.873012 0.4166666 0.8967549 0.4166666 0.873012 0.45 0.873012 0.4333333 0.8479931 0.45 0.8479931 0.45 0.8967549 0.4333333 0.873012 0.45 0.873012 0.4666666 0.873012 0.45 0.8479931 0.4666666 0.8479931 0.4666666 0.8967549 0.45 0.873012 0.4666666 0.873012 0.4833333 0.8479931 0.4666666 0.873012 0.4666666 0.8479931 0.4833333 0.873012 0.4666666 0.8967549 0.4666666 0.873012 0.5 0.873012 0.4833333 0.8479931 0.5 0.8479931 0.5 0.8967549 0.4833333 0.873012 0.5 0.873012 0.5166667 0.8479931 0.5 0.873012 0.5 0.8479931 0.5166667 0.8967549 0.5 0.873012 0.5166667 0.873012 0.5333334 0.873012 0.5166667 0.8479931 0.5333334 0.8479931 0.5333334 0.8967549 0.5166667 0.873012 0.5333334 0.873012 0.55 0.873012 0.5333334 0.8479931 0.55 0.8479931 0.55 0.873012 0.5333334 0.8967549 0.5333334 0.873012 0.5666667 0.8479931 0.55 0.873012 0.55 0.8479931 0.5666667 0.8967549 0.55 0.873012 0.5666667 0.873012 0.5833333 0.8479931 0.5666667 0.873012 0.5666667 0.8479931 0.5833333 0.8967549 0.5666667 0.873012 0.5833333 0.873012 0.6 0.873012 0.5833333 0.8479931 0.6 0.8479931 0.6 0.873012 0.5833333 0.8967549 0.5833333 0.873012 0.6166667 0.873012 0.6 0.8479931 0.6166667 0.8479931 0.6166667 0.873012 0.6 0.8967549 0.6 0.873012 0.6333333 0.873012 0.6166667 0.8479931 0.6333333 0.8479931 0.6333333 0.873012 0.6166667 0.8967549 0.6166667 0.873012 0.65 0.8479931 0.6333333 0.873012 0.6333333 0.8479931 0.65 0.8967549 0.6333333 0.873012 0.65 0.873012 0.6666667 0.873012 0.65 0.8479931 0.6666667 0.8479931 0.6666667 0.8967549 0.65 0.873012 0.6666667 0.873012 0.6833333 0.873012 0.6666667 0.8479931 0.6833333 0.8479931 0.6833333 0.873012 0.6666667 0.8967549 0.6666667 0.873012 0.7 0.873012 0.6833333 0.8479931 0.7 0.8479931 0.7 0.873012 0.6833333 0.8967549 0.6833333 0.873012 0.7166666 0.873012 0.7 0.8479931 0.7166666 0.8479931 0.7166666 0.8967549 0.7 0.873012 0.7166666 0.873012 0.7333334 0.8479931 0.7166666 0.873012 0.7166666 0.8479931 0.7333334 0.873012 0.7166666 0.8967549 0.7166666 0.873012 0.75 0.873012 0.7333334 0.8479931 0.75 0.8479931 0.75 0.8967549 0.7333334 0.873012 0.75 0.873012 0.7666667 0.8479931 0.75 0.873012 0.75 0.8479931 0.7666667 0.8967549 0.75 0.873012 0.7666667 0.873012 0.7833334 0.873012 0.7666667 0.8479931 0.7833334 0.8479931 0.7833334 0.8967549 0.7666667 0.873012 0.7833334 0.873012 0.8 0.873012 0.7833334 0.8479931 0.8 0.8479931 0.8 0.873012 0.7833334 0.8967549 0.7833334 0.873012 0.8166667 0.8479931 0.8 0.873012 0.8 0.8479931 0.8166667 0.8967549 0.8 0.873012 0.8166667 0.873012 0.8333333 0.8479931 0.8166667 0.873012 0.8166667 0.8479931 0.8333333 0.8967549 0.8166667 0.873012 0.8333333 0.873012 0.85 0.8479931 0.8333333 0.873012 0.8333333 0.8479931 0.85 0.873012 0.8333333 0.8967549 0.8333333 0.873012 0.8666667 0.873012 0.85 0.8479931 0.8666667 0.8479931 0.8666667 0.873012 0.85 0.8967549 0.85 0.873012 0.8833333 0.873012 0.8666667 0.8479931 0.8833333 0.8479931 0.8833333 0.8967549 0.8666667 0.873012 0.8833333 0.873012 0.9 0.8479931 0.8833333 0.873012 0.8833333 0.8479931 0.9 0.8967549 0.8833333 0.873012 0.9 0.873012 0.9166667 0.873012 0.9 0.8479931 0.9166667 0.8479931 0.9166667 0.8967549 0.9 0.873012 0.9166667 0.873012 0.9333333 0.873012 0.9166667 0.8479931 0.9333333 0.8479931 0.9333333 0.873012 0.9166667 0.8967549 0.9166667 0.873012 0.95 0.873012 0.9333333 0.8479931 0.95 0.8479931 0.95 0.8967549 0.9333333 0.873012 0.95 0.873012 0.9666666 0.873012 0.95 0.8479931 0.9666666 0.8479931 0.9666666 0.8967549 0.95 0.873012 0.9666666 0.873012 0.9833334 0.8479931 0.9666666 0.873012 0.9666666 0.8479931 0.9833334 0.873012 0.9666666 0.8967549 0.9666666 0.873012 1 0.873012 0.9833334 0.8479931 1 0.8479931 1 0.8967549 0.9833334 0.873012 1 0.873012 0.15 0.9474021 0.1666666 0.9474021 0.1666666 0.9547955 0.01666665 0.8225416 0 0.8225416 0 0 0.4833333 0.9547955 0.4833333 0.9474021 0.5 0.9474021 0.15 0.9625028 0.15 0.9547955 0.1666666 0.9547955 0.0333333 0.8225416 0.01666665 0.8225416 0.01666665 0 0.4833333 0.9547955 0.5 0.9547955 0.5 0.9625028 0.15 0.9625028 0.1666666 0.9625028 0.1666666 0.970393 0.04999995 0.8225416 0.0333333 0.8225416 0.0333333 0 0.4833333 0.9625028 0.5 0.9625028 0.5 0.970393 0.1333333 0.9474021 0.15 0.9474021 0.15 0.9547955 0.06666666 0.8225416 0.04999995 0.8225416 0.04999995 0 0.4666666 0.9474021 0.4833333 0.9474021 0.4833333 0.9547955 0.1333333 0.9625028 0.1333333 0.9547955 0.15 0.9547955 0.08333331 0.8225416 0.06666666 0.8225416 0.06666666 0 0.4666666 0.9625028 0.4666666 0.9547955 0.4833333 0.9547955 0.1333333 0.9625028 0.15 0.9625028 0.15 0.970393 0.1 0.8225416 0.08333331 0.8225416 0.08333331 0 0.4666666 0.970393 0.4666666 0.9625028 0.4833333 0.9625028 0.1166666 0.9474021 0.1333333 0.9474021 0.1333333 0.9547955 0.1166666 0.8225416 0.1 0.8225416 0.1 0 0.45 0.9474021 0.4666666 0.9474021 0.4666666 0.9547955 0.1166666 0.9547955 0.1333333 0.9547955 0.1333333 0.9625028 0.1333333 0.8225416 0.1166666 0.8225416 0.1166666 0 0.45 0.9625028 0.45 0.9547955 0.4666666 0.9547955 0.1166666 0.9625028 0.1333333 0.9625028 0.1333333 0.970393 0.15 0.8225416 0.1333333 0.8225416 0.1333333 0 0.45 0.9625028 0.4666666 0.9625028 0.4666666 0.970393 0.1 0.9547955 0.1 0.9474021 0.1166666 0.9474021 0.1666666 0.8225416 0.15 0.8225416 0.15 0 0.4333333 0.9474021 0.45 0.9474021 0.45 0.9547955 0.1 0.9547955 0.1166666 0.9547955 0.1166666 0.9625028 0.1833333 0.8225416 0.1666666 0.8225416 0.1666666 0 0.4333333 0.9625028 0.4333333 0.9547955 0.45 0.9547955 0.1 0.970393 0.1 0.9625028 0.1166666 0.9625028 0.2 0.8225416 0.1833333 0.8225416 0.1833333 0 0.4333333 0.970393 0.4333333 0.9625028 0.45 0.9625028 0.08333331 0.9547955 0.08333331 0.9474021 0.1 0.9474021 0.2166666 0.8225416 0.2 0.8225416 0.2 0 0.4166666 0.9474021 0.4333333 0.9474021 0.4333333 0.9547955 0.08333331 0.9547955 0.1 0.9547955 0.1 0.9625028 0.2333333 0.8225416 0.2166666 0.8225416 0.2166666 0 0.4166666 0.9625028 0.4166666 0.9547955 0.4333333 0.9547955 0.08333331 0.970393 0.08333331 0.9625028 0.1 0.9625028 0.25 0.8225416 0.2333333 0.8225416 0.2333333 0 0.4166666 0.9625028 0.4333333 0.9625028 0.4333333 0.970393 0.06666666 0.9547955 0.06666666 0.9474021 0.08333331 0.9474021 0.2666667 0.8225416 0.25 0.8225416 0.25 0 0.4 0.9474021 0.4166666 0.9474021 0.4166666 0.9547955 0.06666666 0.9547955 0.08333331 0.9547955 0.08333331 0.9625028 0.2833333 0.8225416 0.2666667 0.8225416 0.2666667 0 0.4 0.9625028 0.4 0.9547955 0.4166666 0.9547955 0.06666666 0.970393 0.06666666 0.9625028 0.08333331 0.9625028 0.3 0.8225416 0.2833333 0.8225416 0.2833333 0 0.4 0.9625028 0.4166666 0.9625028 0.4166666 0.970393 0.04999995 0.9547955 0.04999995 0.9474021 0.06666666 0.9474021 0.3166667 0.8225416 0.3 0.8225416 0.3 0 0.3833333 0.9474021 0.4 0.9474021 0.4 0.9547955 0.04999995 0.9547955 0.06666666 0.9547955 0.06666666 0.9625028 0.3333333 0.8225416 0.3166667 0.8225416 0.3166667 0 0.3833333 0.9625028 0.3833333 0.9547955 0.4 0.9547955 0.04999995 0.9625028 0.06666666 0.9625028 0.06666666 0.970393 0.35 0.8225416 0.3333333 0.8225416 0.3333333 0 0.3833333 0.9625028 0.4 0.9625028 0.4 0.970393 0.0333333 0.9547955 0.0333333 0.9474021 0.04999995 0.9474021 0.3666667 0.8225416 0.35 0.8225416 0.35 0 0.3666667 0.9474021 0.3833333 0.9474021 0.3833333 0.9547955 0.0333333 0.9547955 0.04999995 0.9547955 0.04999995 0.9625028 0.3833333 0.8225416 0.3666667 0.8225416 0.3666667 0 0.3666667 0.9547955 0.3833333 0.9547955 0.3833333 0.9625028 0.0333333 0.9625028 0.04999995 0.9625028 0.04999995 0.970393 0.4 0.8225416 0.3833333 0.8225416 0.3833333 0 0.3666667 0.9625028 0.3833333 0.9625028 0.3833333 0.970393 0.01666665 0.9547955 0.01666665 0.9474021 0.0333333 0.9474021 0.4166666 0.8225416 0.4 0.8225416 0.4 0 0.35 0.9547955 0.35 0.9474021 0.3666667 0.9474021 0.01666665 0.9547955 0.0333333 0.9547955 0.0333333 0.9625028 0.4333333 0.8225416 0.4166666 0.8225416 0.4166666 0 0.35 0.9547955 0.3666667 0.9547955 0.3666667 0.9625028 0.01666665 0.9625028 0.0333333 0.9625028 0.0333333 0.970393 0.45 0.8225416 0.4333333 0.8225416 0.4333333 0 0.35 0.970393 0.35 0.9625028 0.3666667 0.9625028 0 0.9474021 0.01666665 0.9474021 0.01666665 0.9547955 0.4666666 0.8225416 0.45 0.8225416 0.45 0 0.3333333 0.9547955 0.3333333 0.9474021 0.35 0.9474021 0 0.9625028 0 0.9547955 0.01666665 0.9547955 0.4833333 0.8225416 0.4666666 0.8225416 0.4666666 0 0.3333333 0.9547955 0.35 0.9547955 0.35 0.9625028 0 0.9625028 0.01666665 0.9625028 0.01666665 0.970393 0.5 0.8225416 0.4833333 0.8225416 0.4833333 0 0.3333333 0.970393 0.3333333 0.9625028 0.35 0.9625028 0.9833334 0.9547955 0.9833334 0.9474021 1 0.9474021 0.5166667 0.8225416 0.5 0.8225416 0.5 0 0.3166667 0.9547955 0.3166667 0.9474021 0.3333333 0.9474021 0.9833334 0.9547955 1 0.9547955 1 0.9625028 0.5333334 0.8225416 0.5166667 0.8225416 0.5166667 0 0.3166667 0.9547955 0.3333333 0.9547955 0.3333333 0.9625028 0.9833334 0.9625028 1 0.9625028 1 0.970393 0.55 0.8225416 0.5333334 0.8225416 0.5333334 0 0.3166667 0.970393 0.3166667 0.9625028 0.3333333 0.9625028 0.9666666 0.9474021 0.9833334 0.9474021 0.9833334 0.9547955 0.5666667 0.8225416 0.55 0.8225416 0.55 0 0.3 0.9547955 0.3 0.9474021 0.3166667 0.9474021 0.9666666 0.9625028 0.9666666 0.9547955 0.9833334 0.9547955 0.5833333 0.8225416 0.5666667 0.8225416 0.5666667 0 0.3 0.9547955 0.3166667 0.9547955 0.3166667 0.9625028 0.9666666 0.970393 0.9666666 0.9625028 0.9833334 0.9625028 0.6 0.8225416 0.5833333 0.8225416 0.5833333 0 0.3 0.9625028 0.3166667 0.9625028 0.3166667 0.970393 0.95 0.9474021 0.9666666 0.9474021 0.9666666 0.9547955 0.6166667 0.8225416 0.6 0.8225416 0.6 0 0.2833333 0.9547955 0.2833333 0.9474021 0.3 0.9474021 0.95 0.9625028 0.95 0.9547955 0.9666666 0.9547955 0.6333333 0.8225416 0.6166667 0.8225416 0.6166667 0 0.2833333 0.9547955 0.3 0.9547955 0.3 0.9625028 0.95 0.9625028 0.9666666 0.9625028 0.9666666 0.970393 0.65 0.8225416 0.6333333 0.8225416 0.6333333 0 0.2833333 0.9625028 0.3 0.9625028 0.3 0.970393 0.9333333 0.9474021 0.95 0.9474021 0.95 0.9547955 0.6666667 0.8225416 0.65 0.8225416 0.65 0 0.2666667 0.9547955 0.2666667 0.9474021 0.2833333 0.9474021 0.9333333 0.9625028 0.9333333 0.9547955 0.95 0.9547955 0.6833333 0.8225416 0.6666667 0.8225416 0.6666667 0 0.2666667 0.9547955 0.2833333 0.9547955 0.2833333 0.9625028 0.9333333 0.970393 0.9333333 0.9625028 0.95 0.9625028 0.7 0.8225416 0.6833333 0.8225416 0.6833333 0 0.2666667 0.9625028 0.2833333 0.9625028 0.2833333 0.970393 0.9166667 0.9474021 0.9333333 0.9474021 0.9333333 0.9547955 0.7166666 0.8225416 0.7 0.8225416 0.7 0 0.25 0.9474021 0.2666667 0.9474021 0.2666667 0.9547955 0.9166667 0.9625028 0.9166667 0.9547955 0.9333333 0.9547955 0.7333334 0.8225416 0.7166666 0.8225416 0.7166666 0 0.25 0.9625028 0.25 0.9547955 0.2666667 0.9547955 0.9166667 0.9625028 0.9333333 0.9625028 0.9333333 0.970393 0.75 0.8225416 0.7333334 0.8225416 0.7333334 0 0.25 0.9625028 0.2666667 0.9625028 0.2666667 0.970393 0.9 0.9474021 0.9166667 0.9474021 0.9166667 0.9547955 0.7666667 0.8225416 0.75 0.8225416 0.75 0 0.2333333 0.9547955 0.2333333 0.9474021 0.25 0.9474021 0.9 0.9625028 0.9 0.9547955 0.9166667 0.9547955 0.7833334 0.8225416 0.7666667 0.8225416 0.7666667 0 0.2333333 0.9547955 0.25 0.9547955 0.25 0.9625028 0.9 0.9625028 0.9166667 0.9625028 0.9166667 0.970393 0.8 0.8225416 0.7833334 0.8225416 0.7833334 0 0.2333333 0.9625028 0.25 0.9625028 0.25 0.970393 0.8833333 0.9474021 0.9 0.9474021 0.9 0.9547955 0.8166667 0.8225416 0.8 0.8225416 0.8 0 0.2166666 0.9474021 0.2333333 0.9474021 0.2333333 0.9547955 0.8833333 0.9625028 0.8833333 0.9547955 0.9 0.9547955 0.8333333 0.8225416 0.8166667 0.8225416 0.8166667 0 0.2166666 0.9625028 0.2166666 0.9547955 0.2333333 0.9547955 0.8833333 0.9625028 0.9 0.9625028 0.9 0.970393 0.85 0.8225416 0.8333333 0.8225416 0.8333333 0 0.2166666 0.970393 0.2166666 0.9625028 0.2333333 0.9625028 0.8666667 0.9474021 0.8833333 0.9474021 0.8833333 0.9547955 0.8666667 0.8225416 0.85 0.8225416 0.85 0 0.2 0.9474021 0.2166666 0.9474021 0.2166666 0.9547955 0.8666667 0.9547955 0.8833333 0.9547955 0.8833333 0.9625028 0.8833333 0.8225416 0.8666667 0.8225416 0.8666667 0 0.2 0.9625028 0.2 0.9547955 0.2166666 0.9547955 0.8666667 0.9625028 0.8833333 0.9625028 0.8833333 0.970393 0.9 0.8225416 0.8833333 0.8225416 0.8833333 0 0.2 0.9625028 0.2166666 0.9625028 0.2166666 0.970393 0.85 0.9547955 0.85 0.9474021 0.8666667 0.9474021 0.9166667 0.8225416 0.9 0.8225416 0.9 0 0.1833333 0.9474021 0.2 0.9474021 0.2 0.9547955 0.85 0.9547955 0.8666667 0.9547955 0.8666667 0.9625028 0.9333333 0.8225416 0.9166667 0.8225416 0.9166667 0 0.1833333 0.9625028 0.1833333 0.9547955 0.2 0.9547955 0.85 0.970393 0.85 0.9625028 0.8666667 0.9625028 0.95 0.8225416 0.9333333 0.8225416 0.9333333 0 0.1833333 0.970393 0.1833333 0.9625028 0.2 0.9625028 0.8333333 0.9547955 0.8333333 0.9474021 0.85 0.9474021 0.9666666 0.8225416 0.95 0.8225416 0.95 0 0.1666666 0.9474021 0.1833333 0.9474021 0.1833333 0.9547955 0.8333333 0.9547955 0.85 0.9547955 0.85 0.9625028 0.9833334 0.8225416 0.9666666 0.8225416 0.9666666 0 0.1666666 0.9625028 0.1666666 0.9547955 0.1833333 0.9547955 0.8333333 0.970393 0.8333333 0.9625028 0.85 0.9625028 1 0.8225416 0.9833334 0.8225416 0.9833334 0 0.1666666 0.9625028 0.1833333 0.9625028 0.1833333 0.970393 0.5166667 0.8967549 0.5166667 0.9474021 0.5 0.9474021 0.5166667 0.8967549 0.5333334 0.8967549 0.5333334 0.9474021 0.55 0.8967549 0.55 0.9474021 0.5333334 0.9474021 0.5666667 0.8967549 0.5666667 0.9474021 0.55 0.9474021 0.5833333 0.8967549 0.5833333 0.9474021 0.5666667 0.9474021 0.6 0.8967549 0.6 0.9474021 0.5833333 0.9474021 0.6 0.8967549 0.6166667 0.8967549 0.6166667 0.9474021 0.6333333 0.8967549 0.6333333 0.9474021 0.6166667 0.9474021 0.65 0.8967549 0.65 0.9474021 0.6333333 0.9474021 0.65 0.8967549 0.6666667 0.8967549 0.6666667 0.9474021 0.6666667 0.8967549 0.6833333 0.8967549 0.6833333 0.9474021 0.7 0.8967549 0.7 0.9474021 0.6833333 0.9474021 0.7 0.8967549 0.7166666 0.8967549 0.7166666 0.9474021 0.7333334 0.8967549 0.7333334 0.9474021 0.7166666 0.9474021 0.7333334 0.8967549 0.75 0.8967549 0.75 0.9474021 0.7666667 0.8967549 0.7666667 0.9474021 0.75 0.9474021 0.7666667 0.8967549 0.7833334 0.8967549 0.7833334 0.9474021 0.8 0.8967549 0.8 0.9474021 0.7833334 0.9474021 0.8166667 0.8967549 0.8166667 0.9474021 0.8 0.9474021 0.8333333 0.8967549 0.8333333 0.9474021 0.8166667 0.9474021 0.85 0.8967549 0.85 0.9474021 0.8333333 0.9474021 0.8666667 0.8967549 0.8666667 0.9474021 0.85 0.9474021 0.8833333 0.8967549 0.8833333 0.9474021 0.8666667 0.9474021 0.9 0.8967549 0.9 0.9474021 0.8833333 0.9474021 0.9166667 0.8967549 0.9166667 0.9474021 0.9 0.9474021 0.9166667 0.8967549 0.9333333 0.8967549 0.9333333 0.9474021 0.95 0.8967549 0.95 0.9474021 0.9333333 0.9474021 0.95 0.8967549 0.9666666 0.8967549 0.9666666 0.9474021 0.9833334 0.8967549 0.9833334 0.9474021 0.9666666 0.9474021 0.9833334 0.8967549 1 0.8967549 1 0.9474021 0.01666665 0.8967549 0.01666665 0.9474021 0 0.9474021 0.01666665 0.8967549 0.0333333 0.8967549 0.0333333 0.9474021 0.04999995 0.8967549 0.04999995 0.9474021 0.0333333 0.9474021 0.06666666 0.8967549 0.06666666 0.9474021 0.04999995 0.9474021 0.08333331 0.8967549 0.08333331 0.9474021 0.06666666 0.9474021 0.1 0.8967549 0.1 0.9474021 0.08333331 0.9474021 0.1 0.8967549 0.1166666 0.8967549 0.1166666 0.9474021 0.1333333 0.8967549 0.1333333 0.9474021 0.1166666 0.9474021 0.15 0.8967549 0.15 0.9474021 0.1333333 0.9474021 0.15 0.8967549 0.1666666 0.8967549 0.1666666 0.9474021 0.1666666 0.8967549 0.1833333 0.8967549 0.1833333 0.9474021 0.2 0.8967549 0.2 0.9474021 0.1833333 0.9474021 0.2 0.8967549 0.2166666 0.8967549 0.2166666 0.9474021 0.2333333 0.8967549 0.2333333 0.9474021 0.2166666 0.9474021 0.2333333 0.8967549 0.25 0.8967549 0.25 0.9474021 0.2666667 0.8967549 0.2666667 0.9474021 0.25 0.9474021 0.2666667 0.8967549 0.2833333 0.8967549 0.2833333 0.9474021 0.3 0.8967549 0.3 0.9474021 0.2833333 0.9474021 0.3166667 0.8967549 0.3166667 0.9474021 0.3 0.9474021 0.3333333 0.8967549 0.3333333 0.9474021 0.3166667 0.9474021 0.35 0.8967549 0.35 0.9474021 0.3333333 0.9474021 0.3666667 0.8967549 0.3666667 0.9474021 0.35 0.9474021 0.3833333 0.8967549 0.3833333 0.9474021 0.3666667 0.9474021 0.4 0.8967549 0.4 0.9474021 0.3833333 0.9474021 0.4166666 0.8967549 0.4166666 0.9474021 0.4 0.9474021 0.4166666 0.8967549 0.4333333 0.8967549 0.4333333 0.9474021 0.45 0.8967549 0.45 0.9474021 0.4333333 0.9474021 0.45 0.8967549 0.4666666 0.8967549 0.4666666 0.9474021 0.4833333 0.8967549 0.4833333 0.9474021 0.4666666 0.9474021 0.4833333 0.8967549 0.5 0.8967549 0.5 0.9474021 0.5166667 1 0.5 1 0.5 0.978329 0.5333334 1 0.5166667 1 0.5166667 0.978329 0.55 1 0.5333334 1 0.5333334 0.978329 0.5666667 1 0.55 1 0.55 0.978329 0.5833333 1 0.5666667 1 0.5666667 0.978329 0.6 1 0.5833333 1 0.5833333 0.978329 0.6166667 1 0.6 1 0.6 0.978329 0.6333333 1 0.6166667 1 0.6166667 0.978329 0.65 1 0.6333333 1 0.6333333 0.978329 0.6666667 1 0.65 1 0.65 0.978329 0.6833333 1 0.6666667 1 0.6666667 0.978329 0.7 1 0.6833333 1 0.6833333 0.978329 0.7166666 1 0.7 1 0.7 0.978329 0.7333334 1 0.7166666 1 0.7166666 0.978329 0.75 1 0.7333334 1 0.7333334 0.978329 0.7666667 1 0.75 1 0.75 0.978329 0.7833334 1 0.7666667 1 0.7666667 0.978329 0.8 1 0.7833334 1 0.7833334 0.978329 0.8166667 1 0.8 1 0.8 0.978329 0.8333333 1 0.8166667 1 0.8166667 0.978329 0.85 1 0.8333333 1 0.8333333 0.978329 0.8666667 1 0.85 1 0.85 0.978329 0.8833333 1 0.8666667 1 0.8666667 0.978329 0.9 1 0.8833333 1 0.8833333 0.978329 0.9166667 1 0.9 1 0.9 0.978329 0.9333333 1 0.9166667 1 0.9166667 0.978329 0.95 1 0.9333333 1 0.9333333 0.978329 0.9666666 1 0.95 1 0.95 0.978329 0.9833334 1 0.9666666 1 0.9666666 0.978329 1 1 0.9833334 1 0.9833334 0.978329 0.01666665 1 0 1 0 0.978329 0.0333333 1 0.01666665 1 0.01666665 0.978329 0.04999995 1 0.0333333 1 0.0333333 0.978329 0.06666666 1 0.04999995 1 0.04999995 0.978329 0.08333331 1 0.06666666 1 0.06666666 0.978329 0.1 1 0.08333331 1 0.08333331 0.978329 0.1166666 1 0.1 1 0.1 0.978329 0.1333333 1 0.1166666 1 0.1166666 0.978329 0.15 1 0.1333333 1 0.1333333 0.978329 0.1666666 1 0.15 1 0.15 0.978329 0.1833333 1 0.1666666 1 0.1666666 0.978329 0.2 1 0.1833333 1 0.1833333 0.978329 0.2166666 1 0.2 1 0.2 0.978329 0.2333333 1 0.2166666 1 0.2166666 0.978329 0.25 1 0.2333333 1 0.2333333 0.978329 0.2666667 1 0.25 1 0.25 0.978329 0.2833333 1 0.2666667 1 0.2666667 0.978329 0.3 1 0.2833333 1 0.2833333 0.978329 0.3166667 1 0.3 1 0.3 0.978329 0.3333333 1 0.3166667 1 0.3166667 0.978329 0.35 1 0.3333333 1 0.3333333 0.978329 0.3666667 1 0.35 1 0.35 0.978329 0.3833333 1 0.3666667 1 0.3666667 0.978329 0.4 1 0.3833333 1 0.3833333 0.978329 0.4166666 1 0.4 1 0.4 0.978329 0.4333333 1 0.4166666 1 0.4166666 0.978329 0.45 1 0.4333333 1 0.4333333 0.978329 0.4666666 1 0.45 1 0.45 0.978329 0.4833333 1 0.4666666 1 0.4666666 0.978329 0.5 1 0.4833333 1 0.4833333 0.978329 0.5 0.9625028 0.5166667 0.9625028 0.5166667 0.970393 0.5 0.9625028 0.5 0.9547955 0.5166667 0.9547955 0.5 0.9474021 0.5166667 0.9474021 0.5166667 0.9547955 0.5166667 0.9625028 0.5333334 0.9625028 0.5333334 0.970393 0.5166667 0.9547955 0.5333334 0.9547955 0.5333334 0.9625028 0.5166667 0.9547955 0.5166667 0.9474021 0.5333334 0.9474021 0.5333334 0.9625028 0.55 0.9625028 0.55 0.970393 0.5333334 0.9547955 0.55 0.9547955 0.55 0.9625028 0.5333334 0.9547955 0.5333334 0.9474021 0.55 0.9474021 0.55 0.9625028 0.5666667 0.9625028 0.5666667 0.970393 0.55 0.9547955 0.5666667 0.9547955 0.5666667 0.9625028 0.55 0.9547955 0.55 0.9474021 0.5666667 0.9474021 0.5666667 0.970393 0.5666667 0.9625028 0.5833333 0.9625028 0.5666667 0.9547955 0.5833333 0.9547955 0.5833333 0.9625028 0.5666667 0.9547955 0.5666667 0.9474021 0.5833333 0.9474021 0.5833333 0.970393 0.5833333 0.9625028 0.6 0.9625028 0.5833333 0.9547955 0.6 0.9547955 0.6 0.9625028 0.5833333 0.9547955 0.5833333 0.9474021 0.6 0.9474021 0.6 0.970393 0.6 0.9625028 0.6166667 0.9625028 0.6 0.9547955 0.6166667 0.9547955 0.6166667 0.9625028 0.6 0.9547955 0.6 0.9474021 0.6166667 0.9474021 0.6166667 0.9625028 0.6333333 0.9625028 0.6333333 0.970393 0.6166667 0.9547955 0.6333333 0.9547955 0.6333333 0.9625028 0.6166667 0.9474021 0.6333333 0.9474021 0.6333333 0.9547955 0.6333333 0.9625028 0.65 0.9625028 0.65 0.970393 0.6333333 0.9625028 0.6333333 0.9547955 0.65 0.9547955 0.6333333 0.9474021 0.65 0.9474021 0.65 0.9547955 0.65 0.9625028 0.6666667 0.9625028 0.6666667 0.970393 0.65 0.9625028 0.65 0.9547955 0.6666667 0.9547955 0.65 0.9474021 0.6666667 0.9474021 0.6666667 0.9547955 0.6666667 0.9625028 0.6833333 0.9625028 0.6833333 0.970393 0.6666667 0.9625028 0.6666667 0.9547955 0.6833333 0.9547955 0.6666667 0.9474021 0.6833333 0.9474021 0.6833333 0.9547955 0.6833333 0.970393 0.6833333 0.9625028 0.7 0.9625028 0.6833333 0.9625028 0.6833333 0.9547955 0.7 0.9547955 0.6833333 0.9474021 0.7 0.9474021 0.7 0.9547955 0.7 0.9625028 0.7166666 0.9625028 0.7166666 0.970393 0.7 0.9625028 0.7 0.9547955 0.7166666 0.9547955 0.7 0.9474021 0.7166666 0.9474021 0.7166666 0.9547955 0.7166666 0.970393 0.7166666 0.9625028 0.7333334 0.9625028 0.7166666 0.9625028 0.7166666 0.9547955 0.7333334 0.9547955 0.7166666 0.9474021 0.7333334 0.9474021 0.7333334 0.9547955 0.7333334 0.9625028 0.75 0.9625028 0.75 0.970393 0.7333334 0.9547955 0.75 0.9547955 0.75 0.9625028 0.7333334 0.9547955 0.7333334 0.9474021 0.75 0.9474021 0.75 0.9625028 0.7666667 0.9625028 0.7666667 0.970393 0.75 0.9625028 0.75 0.9547955 0.7666667 0.9547955 0.75 0.9474021 0.7666667 0.9474021 0.7666667 0.9547955 0.7666667 0.9625028 0.7833334 0.9625028 0.7833334 0.970393 0.7666667 0.9547955 0.7833334 0.9547955 0.7833334 0.9625028 0.7666667 0.9547955 0.7666667 0.9474021 0.7833334 0.9474021 0.7833334 0.9625028 0.8 0.9625028 0.8 0.970393 0.7833334 0.9547955 0.8 0.9547955 0.8 0.9625028 0.7833334 0.9547955 0.7833334 0.9474021 0.8 0.9474021 0.8 0.9625028 0.8166667 0.9625028 0.8166667 0.970393 0.8 0.9547955 0.8166667 0.9547955 0.8166667 0.9625028 0.8 0.9547955 0.8 0.9474021 0.8166667 0.9474021 0.8166667 0.970393 0.8166667 0.9625028 0.8333333 0.9625028 0.8166667 0.9547955 0.8333333 0.9547955 0.8333333 0.9625028 0.8166667 0.9547955 0.8166667 0.9474021 0.8333333 0.9474021 0.5 0.978329 0.5 0.970393 0.5166667 0.970393 0.8333333 0.970393 0.85 0.970393 0.85 0.978329 0.1666666 0.978329 0.1666666 0.970393 0.1833333 0.970393 0.5166667 0.978329 0.5166667 0.970393 0.5333334 0.970393 0.85 0.970393 0.8666667 0.970393 0.8666667 0.978329 0.1833333 0.970393 0.2 0.970393 0.2 0.978329 0.5333334 0.978329 0.5333334 0.970393 0.55 0.970393 0.8666667 0.970393 0.8833333 0.970393 0.8833333 0.978329 0.2 0.970393 0.2166666 0.970393 0.2166666 0.978329 0.55 0.978329 0.55 0.970393 0.5666667 0.970393 0.8833333 0.978329 0.8833333 0.970393 0.9 0.970393 0.2166666 0.970393 0.2333333 0.970393 0.2333333 0.978329 0.5666667 0.970393 0.5833333 0.970393 0.5833333 0.978329 0.9 0.978329 0.9 0.970393 0.9166667 0.970393 0.2333333 0.970393 0.25 0.970393 0.25 0.978329 0.5833333 0.970393 0.6 0.970393 0.6 0.978329 0.9166667 0.978329 0.9166667 0.970393 0.9333333 0.970393 0.25 0.978329 0.25 0.970393 0.2666667 0.970393 0.6 0.970393 0.6166667 0.970393 0.6166667 0.978329 0.9333333 0.970393 0.95 0.970393 0.95 0.978329 0.2666667 0.978329 0.2666667 0.970393 0.2833333 0.970393 0.6166667 0.970393 0.6333333 0.970393 0.6333333 0.978329 0.95 0.970393 0.9666666 0.970393 0.9666666 0.978329 0.2833333 0.978329 0.2833333 0.970393 0.3 0.970393 0.6333333 0.978329 0.6333333 0.970393 0.65 0.970393 0.9666666 0.970393 0.9833334 0.970393 0.9833334 0.978329 0.3 0.978329 0.3 0.970393 0.3166667 0.970393 0.65 0.978329 0.65 0.970393 0.6666667 0.970393 0.9833334 0.970393 1 0.970393 1 0.978329 0.3166667 0.970393 0.3333333 0.970393 0.3333333 0.978329 0.6666667 0.978329 0.6666667 0.970393 0.6833333 0.970393 0 0.978329 0 0.970393 0.01666665 0.970393 0.3333333 0.970393 0.35 0.970393 0.35 0.978329 0.6833333 0.970393 0.7 0.970393 0.7 0.978329 0.01666665 0.978329 0.01666665 0.970393 0.0333333 0.970393 0.35 0.970393 0.3666667 0.970393 0.3666667 0.978329 0.7 0.970393 0.7166666 0.970393 0.7166666 0.978329 0.0333333 0.978329 0.0333333 0.970393 0.04999995 0.970393 0.3666667 0.970393 0.3833333 0.970393 0.3833333 0.978329 0.7166666 0.970393 0.7333334 0.970393 0.7333334 0.978329 0.04999995 0.978329 0.04999995 0.970393 0.06666666 0.970393 0.3833333 0.978329 0.3833333 0.970393 0.4 0.970393 0.7333334 0.970393 0.75 0.970393 0.75 0.978329 0.06666666 0.970393 0.08333331 0.970393 0.08333331 0.978329 0.4 0.978329 0.4 0.970393 0.4166666 0.970393 0.75 0.978329 0.75 0.970393 0.7666667 0.970393 0.08333331 0.970393 0.1 0.970393 0.1 0.978329 0.4166666 0.978329 0.4166666 0.970393 0.4333333 0.970393 0.7666667 0.978329 0.7666667 0.970393 0.7833334 0.970393 0.1 0.970393 0.1166666 0.970393 0.1166666 0.978329 0.4333333 0.970393 0.45 0.970393 0.45 0.978329 0.7833334 0.978329 0.7833334 0.970393 0.8 0.970393 0.1166666 0.970393 0.1333333 0.970393 0.1333333 0.978329 0.45 0.970393 0.4666666 0.970393 0.4666666 0.978329 0.8 0.978329 0.8 0.970393 0.8166667 0.970393 0.1333333 0.978329 0.1333333 0.970393 0.15 0.970393 0.4666666 0.970393 0.4833333 0.970393 0.4833333 0.978329 0.8166667 0.970393 0.8333333 0.970393 0.8333333 0.978329 0.15 0.978329 0.15 0.970393 0.1666666 0.970393 0.4833333 0.970393 0.5 0.970393 0.5 0.978329 0.01666665 0.8225416 0.01666665 0.8479931 0 0.8479931 0.0333333 0.8479931 0.01666665 0.8479931 0.01666665 0.8225416 0.04999995 0.8479931 0.0333333 0.8479931 0.0333333 0.8225416 0.06666666 0.8479931 0.04999995 0.8479931 0.04999995 0.8225416 0.08333331 0.8225416 0.08333331 0.8479931 0.06666666 0.8479931 0.1 0.8479931 0.08333331 0.8479931 0.08333331 0.8225416 0.1166666 0.8225416 0.1166666 0.8479931 0.1 0.8479931 0.1333333 0.8225416 0.1333333 0.8479931 0.1166666 0.8479931 0.15 0.8479931 0.1333333 0.8479931 0.1333333 0.8225416 0.1666666 0.8225416 0.1666666 0.8479931 0.15 0.8479931 0.1833333 0.8479931 0.1666666 0.8479931 0.1666666 0.8225416 0.2 0.8225416 0.2 0.8479931 0.1833333 0.8479931 0.2166666 0.8479931 0.2 0.8479931 0.2 0.8225416 0.2333333 0.8225416 0.2333333 0.8479931 0.2166666 0.8479931 0.25 0.8479931 0.2333333 0.8479931 0.2333333 0.8225416 0.2666667 0.8479931 0.25 0.8479931 0.25 0.8225416 0.2833333 0.8479931 0.2666667 0.8479931 0.2666667 0.8225416 0.3 0.8479931 0.2833333 0.8479931 0.2833333 0.8225416 0.3166667 0.8479931 0.3 0.8479931 0.3 0.8225416 0.3333333 0.8225416 0.3333333 0.8479931 0.3166667 0.8479931 0.35 0.8479931 0.3333333 0.8479931 0.3333333 0.8225416 0.3666667 0.8225416 0.3666667 0.8479931 0.35 0.8479931 0.3833333 0.8479931 0.3666667 0.8479931 0.3666667 0.8225416 0.4 0.8479931 0.3833333 0.8479931 0.3833333 0.8225416 0.4166666 0.8225416 0.4166666 0.8479931 0.4 0.8479931 0.4333333 0.8479931 0.4166666 0.8479931 0.4166666 0.8225416 0.45 0.8225416 0.45 0.8479931 0.4333333 0.8479931 0.4666666 0.8225416 0.4666666 0.8479931 0.45 0.8479931 0.4833333 0.8225416 0.4833333 0.8479931 0.4666666 0.8479931 0.5 0.8479931 0.4833333 0.8479931 0.4833333 0.8225416 0.5166667 0.8225416 0.5166667 0.8479931 0.5 0.8479931 0.5333334 0.8479931 0.5166667 0.8479931 0.5166667 0.8225416 0.55 0.8479931 0.5333334 0.8479931 0.5333334 0.8225416 0.5666667 0.8479931 0.55 0.8479931 0.55 0.8225416 0.5833333 0.8225416 0.5833333 0.8479931 0.5666667 0.8479931 0.6 0.8479931 0.5833333 0.8479931 0.5833333 0.8225416 0.6166667 0.8225416 0.6166667 0.8479931 0.6 0.8479931 0.6333333 0.8225416 0.6333333 0.8479931 0.6166667 0.8479931 0.65 0.8479931 0.6333333 0.8479931 0.6333333 0.8225416 0.6666667 0.8225416 0.6666667 0.8479931 0.65 0.8479931 0.6833333 0.8479931 0.6666667 0.8479931 0.6666667 0.8225416 0.7 0.8225416 0.7 0.8479931 0.6833333 0.8479931 0.7166666 0.8479931 0.7 0.8479931 0.7 0.8225416 0.7333334 0.8225416 0.7333334 0.8479931 0.7166666 0.8479931 0.75 0.8479931 0.7333334 0.8479931 0.7333334 0.8225416 0.7666667 0.8479931 0.75 0.8479931 0.75 0.8225416 0.7833334 0.8479931 0.7666667 0.8479931 0.7666667 0.8225416 0.8 0.8479931 0.7833334 0.8479931 0.7833334 0.8225416 0.8166667 0.8479931 0.8 0.8479931 0.8 0.8225416 0.8333333 0.8225416 0.8333333 0.8479931 0.8166667 0.8479931 0.85 0.8479931 0.8333333 0.8479931 0.8333333 0.8225416 0.8666667 0.8225416 0.8666667 0.8479931 0.85 0.8479931 0.8833333 0.8479931 0.8666667 0.8479931 0.8666667 0.8225416 0.9 0.8479931 0.8833333 0.8479931 0.8833333 0.8225416 0.9166667 0.8225416 0.9166667 0.8479931 0.9 0.8479931 0.9333333 0.8479931 0.9166667 0.8479931 0.9166667 0.8225416 0.95 0.8225416 0.95 0.8479931 0.9333333 0.8479931 0.9666666 0.8225416 0.9666666 0.8479931 0.95 0.8479931 0.9833334 0.8225416 0.9833334 0.8479931 0.9666666 0.8479931 1 0.8479931 0.9833334 0.8479931 0.9833334 0.8225416 0.01666665 0.8479931 0.01666665 0.873012 0 0.873012 0.01666665 0.8967549 0 0.8967549 0 0.873012 0.0333333 0.873012 0.01666665 0.873012 0.01666665 0.8479931 0.0333333 0.8967549 0.01666665 0.8967549 0.01666665 0.873012 0.04999995 0.873012 0.0333333 0.873012 0.0333333 0.8479931 0.04999995 0.873012 0.04999995 0.8967549 0.0333333 0.8967549 0.06666666 0.8479931 0.06666666 0.873012 0.04999995 0.873012 0.06666666 0.8967549 0.04999995 0.8967549 0.04999995 0.873012 0.08333331 0.8479931 0.08333331 0.873012 0.06666666 0.873012 0.08333331 0.8967549 0.06666666 0.8967549 0.06666666 0.873012 0.1 0.873012 0.08333331 0.873012 0.08333331 0.8479931 0.1 0.873012 0.1 0.8967549 0.08333331 0.8967549 0.1166666 0.873012 0.1 0.873012 0.1 0.8479931 0.1166666 0.873012 0.1166666 0.8967549 0.1 0.8967549 0.1333333 0.873012 0.1166666 0.873012 0.1166666 0.8479931 0.1333333 0.873012 0.1333333 0.8967549 0.1166666 0.8967549 0.15 0.8479931 0.15 0.873012 0.1333333 0.873012 0.15 0.8967549 0.1333333 0.8967549 0.1333333 0.873012 0.1666666 0.873012 0.15 0.873012 0.15 0.8479931 0.1666666 0.8967549 0.15 0.8967549 0.15 0.873012 0.1833333 0.873012 0.1666666 0.873012 0.1666666 0.8479931 0.1833333 0.873012 0.1833333 0.8967549 0.1666666 0.8967549 0.2 0.873012 0.1833333 0.873012 0.1833333 0.8479931 0.2 0.873012 0.2 0.8967549 0.1833333 0.8967549 0.2166666 0.873012 0.2 0.873012 0.2 0.8479931 0.2166666 0.8967549 0.2 0.8967549 0.2 0.873012 0.2333333 0.8479931 0.2333333 0.873012 0.2166666 0.873012 0.2333333 0.873012 0.2333333 0.8967549 0.2166666 0.8967549 0.25 0.873012 0.2333333 0.873012 0.2333333 0.8479931 0.25 0.8967549 0.2333333 0.8967549 0.2333333 0.873012 0.2666667 0.8479931 0.2666667 0.873012 0.25 0.873012 0.2666667 0.8967549 0.25 0.8967549 0.25 0.873012 0.2833333 0.873012 0.2666667 0.873012 0.2666667 0.8479931 0.2833333 0.8967549 0.2666667 0.8967549 0.2666667 0.873012 0.3 0.873012 0.2833333 0.873012 0.2833333 0.8479931 0.3 0.873012 0.3 0.8967549 0.2833333 0.8967549 0.3166667 0.8479931 0.3166667 0.873012 0.3 0.873012 0.3166667 0.8967549 0.3 0.8967549 0.3 0.873012 0.3333333 0.8479931 0.3333333 0.873012 0.3166667 0.873012 0.3333333 0.8967549 0.3166667 0.8967549 0.3166667 0.873012 0.35 0.8479931 0.35 0.873012 0.3333333 0.873012 0.35 0.873012 0.35 0.8967549 0.3333333 0.8967549 0.3666667 0.873012 0.35 0.873012 0.35 0.8479931 0.3666667 0.873012 0.3666667 0.8967549 0.35 0.8967549 0.3833333 0.873012 0.3666667 0.873012 0.3666667 0.8479931 0.3833333 0.8967549 0.3666667 0.8967549 0.3666667 0.873012 0.4 0.8479931 0.4 0.873012 0.3833333 0.873012 0.4 0.8967549 0.3833333 0.8967549 0.3833333 0.873012 0.4166666 0.873012 0.4 0.873012 0.4 0.8479931 0.4166666 0.8967549 0.4 0.8967549 0.4 0.873012 0.4333333 0.873012 0.4166666 0.873012 0.4166666 0.8479931 0.4333333 0.873012 0.4333333 0.8967549 0.4166666 0.8967549 0.45 0.873012 0.4333333 0.873012 0.4333333 0.8479931 0.45 0.8967549 0.4333333 0.8967549 0.4333333 0.873012 0.4666666 0.873012 0.45 0.873012 0.45 0.8479931 0.4666666 0.8967549 0.45 0.8967549 0.45 0.873012 0.4833333 0.8479931 0.4833333 0.873012 0.4666666 0.873012 0.4833333 0.873012 0.4833333 0.8967549 0.4666666 0.8967549 0.5 0.873012 0.4833333 0.873012 0.4833333 0.8479931 0.5 0.8967549 0.4833333 0.8967549 0.4833333 0.873012 0.5166667 0.8479931 0.5166667 0.873012 0.5 0.873012 0.5166667 0.8967549 0.5 0.8967549 0.5 0.873012 0.5333334 0.873012 0.5166667 0.873012 0.5166667 0.8479931 0.5333334 0.8967549 0.5166667 0.8967549 0.5166667 0.873012 0.55 0.873012 0.5333334 0.873012 0.5333334 0.8479931 0.55 0.873012 0.55 0.8967549 0.5333334 0.8967549 0.5666667 0.8479931 0.5666667 0.873012 0.55 0.873012 0.5666667 0.8967549 0.55 0.8967549 0.55 0.873012 0.5833333 0.8479931 0.5833333 0.873012 0.5666667 0.873012 0.5833333 0.8967549 0.5666667 0.8967549 0.5666667 0.873012 0.6 0.873012 0.5833333 0.873012 0.5833333 0.8479931 0.6 0.873012 0.6 0.8967549 0.5833333 0.8967549 0.6166667 0.873012 0.6 0.873012 0.6 0.8479931 0.6166667 0.873012 0.6166667 0.8967549 0.6 0.8967549 0.6333333 0.873012 0.6166667 0.873012 0.6166667 0.8479931 0.6333333 0.873012 0.6333333 0.8967549 0.6166667 0.8967549 0.65 0.8479931 0.65 0.873012 0.6333333 0.873012 0.65 0.8967549 0.6333333 0.8967549 0.6333333 0.873012 0.6666667 0.873012 0.65 0.873012 0.65 0.8479931 0.6666667 0.8967549 0.65 0.8967549 0.65 0.873012 0.6833333 0.873012 0.6666667 0.873012 0.6666667 0.8479931 0.6833333 0.873012 0.6833333 0.8967549 0.6666667 0.8967549 0.7 0.873012 0.6833333 0.873012 0.6833333 0.8479931 0.7 0.873012 0.7 0.8967549 0.6833333 0.8967549 0.7166666 0.873012 0.7 0.873012 0.7 0.8479931 0.7166666 0.8967549 0.7 0.8967549 0.7 0.873012 0.7333334 0.8479931 0.7333334 0.873012 0.7166666 0.873012 0.7333334 0.873012 0.7333334 0.8967549 0.7166666 0.8967549 0.75 0.873012 0.7333334 0.873012 0.7333334 0.8479931 0.75 0.8967549 0.7333334 0.8967549 0.7333334 0.873012 0.7666667 0.8479931 0.7666667 0.873012 0.75 0.873012 0.7666667 0.8967549 0.75 0.8967549 0.75 0.873012 0.7833334 0.873012 0.7666667 0.873012 0.7666667 0.8479931 0.7833334 0.8967549 0.7666667 0.8967549 0.7666667 0.873012 0.8 0.873012 0.7833334 0.873012 0.7833334 0.8479931 0.8 0.873012 0.8 0.8967549 0.7833334 0.8967549 0.8166667 0.8479931 0.8166667 0.873012 0.8 0.873012 0.8166667 0.8967549 0.8 0.8967549 0.8 0.873012 0.8333333 0.8479931 0.8333333 0.873012 0.8166667 0.873012 0.8333333 0.8967549 0.8166667 0.8967549 0.8166667 0.873012 0.85 0.8479931 0.85 0.873012 0.8333333 0.873012 0.85 0.873012 0.85 0.8967549 0.8333333 0.8967549 0.8666667 0.873012 0.85 0.873012 0.85 0.8479931 0.8666667 0.873012 0.8666667 0.8967549 0.85 0.8967549 0.8833333 0.873012 0.8666667 0.873012 0.8666667 0.8479931 0.8833333 0.8967549 0.8666667 0.8967549 0.8666667 0.873012 0.9 0.8479931 0.9 0.873012 0.8833333 0.873012 0.9 0.8967549 0.8833333 0.8967549 0.8833333 0.873012 0.9166667 0.873012 0.9 0.873012 0.9 0.8479931 0.9166667 0.8967549 0.9 0.8967549 0.9 0.873012 0.9333333 0.873012 0.9166667 0.873012 0.9166667 0.8479931 0.9333333 0.873012 0.9333333 0.8967549 0.9166667 0.8967549 0.95 0.873012 0.9333333 0.873012 0.9333333 0.8479931 0.95 0.8967549 0.9333333 0.8967549 0.9333333 0.873012 0.9666666 0.873012 0.95 0.873012 0.95 0.8479931 0.9666666 0.8967549 0.95 0.8967549 0.95 0.873012 0.9833334 0.8479931 0.9833334 0.873012 0.9666666 0.873012 0.9833334 0.873012 0.9833334 0.8967549 0.9666666 0.8967549 1 0.873012 0.9833334 0.873012 0.9833334 0.8479931 1 0.8967549 0.9833334 0.8967549 0.9833334 0.873012</float_array>
          <technique_common>
            <accessor source="#Mesh_001-mesh-map-0-array" count="3600" stride="2">
              <param name="S" type="float"/>
              <param name="T" type="float"/>
            </accessor>
          </technique_common>
        </source>
        <vertices id="Mesh_001-mesh-vertices">
          <input semantic="POSITION" source="#Mesh_001-mesh-positions"/>
        </vertices>
        <triangles material="Material_002-material" count="1200">
          <input semantic="VERTEX" source="#Mesh_001-mesh-vertices" offset="0"/>
          <input semantic="NORMAL" source="#Mesh_001-mesh-normals" offset="1"/>
          <input semantic="TEXCOORD" source="#Mesh_001-mesh-map-0" offset="2" set="0"/>
          <p>414 0 0 273 1 1 276 2 2 420 3 3 3 4 4 7 5 5 217 6 6 331 7 7 241 8 8 275 9 9 273 1 10 272 10 11 423 11 12 7 5 13 11 12 14 217 6 15 0 13 16 221 14 17 275 9 18 271 15 19 274 16 20 425 17 21 11 12 22 15 18 23 221 14 24 2 19 25 225 20 26 408 21 27 276 2 28 279 22 29 426 23 30 15 18 31 19 24 32 417 25 33 217 6 34 1 26 35 278 27 36 276 2 37 275 9 38 429 28 39 19 24 40 23 29 41 5 30 42 217 6 43 221 14 44 278 27 45 274 16 46 277 31 47 430 32 48 23 29 49 27 33 50 9 34 51 221 14 52 225 20 53 402 35 54 279 22 55 258 36 56 431 37 57 27 33 58 31 38 59 405 39 60 1 26 61 13 40 62 258 36 63 278 27 64 257 41 65 434 42 66 31 38 67 35 43 68 17 44 69 1 26 70 5 30 71 257 41 72 277 31 73 256 45 74 435 46 75 35 43 76 39 47 77 17 44 78 9 34 79 21 48 80 261 49 81 402 35 82 258 36 83 438 50 84 39 47 85 43 51 86 393 52 87 13 40 88 25 53 89 261 49 90 257 41 91 260 54 92 439 55 93 43 51 94 47 56 95 29 57 96 13 40 97 17 44 98 259 58 99 257 41 100 256 45 101 441 59 102 47 56 103 51 60 104 33 61 105 17 44 106 21 48 107 264 62 108 316 63 109 261 49 110 507 64 111 51 60 112 55 65 113 381 66 114 25 53 115 37 67 116 264 62 117 260 54 118 263 68 119 509 69 120 55 65 121 59 70 122 41 71 123 25 53 124 29 57 125 262 72 126 260 54 127 259 58 128 511 73 129 59 70 130 63 74 131 41 71 132 33 61 133 45 75 134 267 76 135 313 77 136 264 62 137 513 78 138 63 74 139 67 79 140 369 80 141 37 67 142 49 81 143 267 76 144 263 68 145 266 82 146 515 83 147 67 79 148 71 84 149 53 85 150 37 67 151 41 71 152 265 86 153 263 68 154 262 72 155 517 87 156 71 84 157 75 88 158 53 85 159 45 75 160 57 89 161 246 90 162 310 91 163 267 76 164 519 92 165 75 88 166 79 93 167 357 94 168 49 81 169 61 95 170 246 90 171 266 82 172 245 96 173 521 97 174 79 93 175 83 98 176 65 99 177 49 81 178 53 85 179 245 96 180 265 86 181 244 100 182 523 101 183 83 98 184 87 102 185 65 99 186 57 89 187 69 103 188 249 104 189 307 105 190 246 90 191 525 106 192 87 102 193 91 107 194 345 108 195 61 95 196 73 109 197 249 104 198 245 96 199 248 110 200 527 111 201 91 107 202 95 112 203 73 109 204 65 99 205 77 113 206 248 110 207 244 100 208 247 114 209 529 115 210 95 112 211 99 116 212 77 113 213 69 103 214 81 117 215 252 118 216 328 119 217 249 104 218 531 120 219 99 116 220 103 121 221 85 122 222 345 108 223 73 109 224 252 118 225 248 110 226 251 123 227 533 124 228 103 121 229 107 125 230 85 122 231 77 113 232 89 126 233 251 123 234 247 114 235 250 127 236 535 128 237 107 125 238 111 129 239 93 130 240 77 113 241 81 117 242 322 131 243 252 118 244 255 132 245 537 133 246 111 129 247 115 134 248 97 135 249 333 136 250 85 122 251 254 137 252 252 118 253 251 123 254 539 138 255 115 134 256 119 139 257 97 135 258 89 126 259 101 140 260 254 137 261 250 127 262 253 141 263 488 142 264 119 139 265 123 143 266 105 144 267 89 126 268 93 130 269 174 145 270 322 131 271 255 132 272 490 146 273 123 143 274 127 147 275 109 148 276 321 149 277 97 135 278 174 145 279 254 137 280 178 150 281 485 151 282 127 147 283 131 152 284 109 148 285 101 140 286 113 153 287 178 150 288 253 141 289 182 154 290 496 155 291 131 152 292 135 156 293 117 157 294 101 140 295 105 144 296 312 158 297 174 145 298 186 159 299 495 160 300 135 156 301 139 161 302 121 162 303 309 163 304 109 148 305 190 164 306 174 145 307 178 150 308 494 165 309 139 161 310 143 166 311 121 162 312 113 153 313 125 167 314 194 168 315 178 150 316 182 154 317 498 169 318 143 166 319 147 170 320 125 167 321 117 157 322 129 171 323 315 172 324 186 159 325 150 173 326 497 174 327 147 170 328 151 175 329 133 176 330 419 177 331 121 162 332 154 178 333 186 159 334 190 164 335 501 179 336 151 175 337 155 180 338 133 176 339 125 167 340 137 181 341 154 178 342 194 168 343 158 182 344 500 183 345 155 180 346 159 184 347 137 181 348 129 171 349 141 185 350 302 186 351 150 173 352 162 187 353 499 188 354 159 184 355 163 189 356 145 190 357 413 191 358 133 176 359 166 192 360 150 173 361 154 178 362 503 193 363 163 189 364 167 194 365 145 190 366 137 181 367 149 195 368 170 196 369 154 178 370 158 182 371 505 197 372 167 194 373 171 198 374 149 195 375 141 185 376 153 199 377 306 200 378 162 187 379 222 201 380 502 202 381 171 198 382 175 203 383 401 204 384 145 190 385 157 205 386 226 206 387 162 187 388 166 192 389 427 207 390 175 203 391 179 208 392 161 209 393 145 190 394 149 195 395 226 206 396 170 196 397 230 210 398 428 211 399 179 208 400 183 212 401 161 209 402 153 199 403 165 213 404 336 214 405 222 201 406 234 215 407 421 216 408 183 212 409 187 217 410 169 218 411 401 204 412 157 205 413 238 219 414 222 201 415 226 206 416 422 220 417 187 217 418 191 221 419 169 218 420 161 209 421 173 222 422 238 219 423 230 210 424 301 223 425 424 224 426 191 221 427 195 225 428 173 222 429 165 213 430 177 226 431 342 227 432 234 215 433 198 228 434 436 229 435 195 225 436 199 230 437 391 231 438 169 218 439 181 232 440 202 233 441 234 215 442 238 219 443 437 234 444 199 230 445 203 235 446 185 236 447 169 218 448 173 222 449 202 233 450 301 223 451 206 237 452 440 238 453 203 235 454 207 239 455 189 240 456 173 222 457 177 226 458 324 241 459 198 228 460 210 242 461 432 243 462 207 239 463 211 244 464 385 245 465 181 232 466 193 246 467 210 242 468 202 233 469 214 247 470 433 248 471 211 244 472 215 249 473 197 250 474 181 232 475 185 236 476 214 247 477 206 237 478 218 251 479 446 252 480 215 249 481 219 253 482 197 250 483 189 240 484 201 254 485 294 255 486 324 241 487 210 242 488 445 256 489 219 253 490 223 257 491 396 258 492 193 246 493 270 259 494 294 255 495 214 247 496 293 260 497 447 261 498 223 257 499 227 262 500 269 263 501 193 246 502 197 250 503 292 264 504 214 247 505 218 251 506 442 265 507 227 262 508 231 266 509 268 267 510 197 250 511 201 254 512 291 268 513 330 269 514 294 255 515 444 270 516 231 266 517 235 271 518 304 272 519 270 259 520 273 1 521 291 268 522 293 260 523 290 273 524 443 274 525 235 271 526 239 275 527 272 10 528 270 259 529 269 263 530 289 276 531 293 260 532 292 264 533 455 277 534 239 275 535 3 4 536 272 10 537 268 267 538 271 15 539 459 278 540 331 279 541 458 280 542 459 278 543 418 281 544 415 282 545 457 283 546 418 281 547 456 284 548 450 285 549 409 286 550 457 283 551 451 287 552 412 288 553 450 285 554 448 289 555 388 290 556 451 287 557 448 289 558 380 291 559 389 292 560 453 293 561 380 291 562 449 294 563 454 295 564 383 296 565 453 293 566 454 295 567 403 297 568 400 298 569 452 299 570 394 300 571 403 297 572 473 301 573 394 300 574 504 302 575 473 301 576 378 303 577 397 304 578 475 305 579 378 303 580 472 306 581 475 305 582 390 307 583 372 308 584 469 309 585 390 307 586 474 310 587 469 309 588 354 311 589 384 312 590 471 313 591 354 311 592 468 314 593 470 315 594 348 316 595 471 313 596 465 317 597 366 318 598 470 315 599 464 319 600 360 320 601 465 317 602 467 321 603 330 322 604 464 319 605 466 323 606 324 324 607 467 321 608 461 325 609 342 326 610 466 323 611 460 327 612 336 328 613 461 325 614 460 327 615 302 329 616 306 330 617 462 331 618 302 329 619 463 332 620 462 331 621 312 333 622 315 334 623 489 335 624 312 333 625 487 336 626 489 335 627 322 337 628 319 338 629 492 339 630 322 337 631 491 340 632 492 339 633 328 341 634 325 342 635 483 343 636 328 341 637 482 344 638 484 345 639 307 346 640 483 343 641 486 347 642 310 348 643 484 345 644 478 349 645 313 350 646 486 347 647 478 349 648 402 351 649 316 352 650 480 353 651 402 351 652 479 354 653 481 355 654 408 356 655 480 353 656 481 355 657 304 357 658 414 358 659 476 359 660 396 360 661 304 357 662 506 361 663 396 360 664 477 362 665 506 361 666 391 363 667 385 364 668 510 365 669 391 363 670 508 366 671 510 365 672 401 367 673 395 368 674 514 369 675 401 367 676 512 370 677 514 369 678 413 371 679 407 372 680 518 373 681 413 371 682 516 374 683 520 375 684 419 376 685 518 373 686 522 377 687 309 378 688 520 375 689 524 379 690 321 380 691 522 377 692 526 381 693 333 382 694 524 379 695 528 383 696 345 384 697 526 381 698 530 385 699 357 386 700 528 383 701 532 387 702 369 388 703 530 385 704 532 387 705 393 389 706 381 390 707 536 391 708 393 389 709 534 392 710 536 391 711 417 393 712 405 394 713 493 395 714 417 393 715 538 396 716 493 395 717 331 279 718 243 397 719 128 398 720 376 399 721 379 400 722 132 401 723 379 400 724 370 401 725 136 402 726 370 401 727 373 403 728 140 404 729 373 403 730 364 405 731 144 406 732 364 405 733 367 406 734 148 407 735 367 406 736 358 408 737 152 409 738 358 408 739 361 410 740 156 179 741 361 410 742 352 411 743 160 412 744 352 411 745 355 413 746 164 414 747 355 413 748 346 415 749 168 416 750 346 415 751 349 417 752 172 418 753 349 417 754 340 419 755 176 420 756 340 419 757 343 421 758 180 422 759 343 421 760 334 423 761 184 424 762 334 423 763 337 425 764 188 426 765 337 425 766 338 427 767 192 428 768 338 427 769 341 429 770 196 430 771 341 429 772 332 431 773 200 432 774 332 431 775 335 433 776 204 434 777 335 433 778 350 435 779 208 436 780 350 435 781 353 436 782 212 437 783 353 436 784 344 438 785 216 439 786 344 438 787 347 440 788 220 441 789 347 440 790 362 442 791 224 443 792 362 442 793 365 443 794 228 444 795 365 443 796 356 445 797 232 446 798 356 445 799 359 447 800 236 448 801 359 447 802 374 448 803 240 449 804 374 448 805 377 450 806 4 451 807 377 450 808 368 452 809 8 453 810 368 452 811 371 454 812 12 455 813 371 454 814 314 455 815 16 456 816 314 455 817 311 457 818 20 458 819 311 457 820 308 459 821 24 460 822 308 459 823 305 460 824 28 461 825 305 460 826 326 462 827 32 463 828 326 462 829 323 464 830 36 42 831 323 464 832 320 465 833 40 466 834 320 465 835 317 467 836 44 468 837 317 467 838 329 469 839 48 470 840 329 469 841 382 471 842 52 472 843 382 471 844 386 473 845 56 474 846 386 473 847 392 475 848 60 476 849 392 475 850 398 477 851 64 478 852 398 477 853 404 479 854 68 480 855 404 479 856 410 481 857 72 482 858 410 481 859 416 483 860 76 484 861 416 483 862 303 485 863 80 486 864 303 485 865 318 487 866 84 488 867 318 487 868 327 489 869 88 490 870 327 489 871 339 490 872 92 491 873 339 490 874 351 492 875 96 493 876 351 492 877 363 494 878 100 495 879 363 494 880 375 496 881 104 497 882 375 496 883 387 497 884 108 498 885 387 497 886 399 499 887 112 500 888 399 499 889 411 501 890 116 502 891 411 501 892 242 502 893 120 503 894 242 502 895 406 504 896 124 505 897 406 504 898 376 399 899 0 13 900 229 506 901 2 19 902 0 13 903 237 507 904 233 508 905 331 7 906 237 507 907 241 8 908 233 508 909 18 509 910 229 506 911 237 507 912 22 510 913 233 508 914 237 507 915 418 511 916 26 512 917 22 510 918 6 513 919 18 509 920 26 512 921 10 514 922 22 510 923 26 512 924 409 515 925 14 516 926 10 514 927 42 517 928 6 513 929 14 516 930 46 518 931 10 514 932 14 516 933 412 519 934 50 520 935 42 517 936 34 521 937 30 522 938 50 520 939 34 521 940 46 518 941 50 520 942 388 523 943 38 524 944 30 522 945 70 525 946 66 526 947 38 524 948 70 525 949 34 521 950 38 524 951 389 527 952 74 528 953 66 526 954 58 529 955 54 530 956 74 528 957 58 529 958 70 525 959 74 528 960 380 531 961 62 532 962 58 529 963 90 533 964 54 530 965 62 532 966 94 534 967 58 529 968 380 531 969 98 535 970 62 532 971 94 534 972 78 536 973 90 533 974 94 534 975 86 537 976 82 538 977 383 539 978 86 537 979 98 535 980 82 538 981 114 540 982 78 536 983 82 538 984 122 541 985 118 542 986 400 543 987 122 541 988 86 537 989 118 542 990 102 544 991 114 540 992 118 542 993 110 545 994 106 546 995 403 547 996 110 545 997 122 541 998 102 544 999 142 548 1000 138 549 1001 106 546 1002 146 550 1003 142 548 1004 394 551 1005 146 550 1006 110 545 1007 142 548 1008 126 552 1009 138 549 1010 142 548 1011 134 553 1012 130 554 1013 397 555 1014 134 553 1015 146 550 1016 126 552 1017 287 556 1018 288 557 1019 130 554 1020 286 558 1021 287 556 1022 378 559 1023 286 558 1024 134 553 1025 287 556 1026 205 560 1027 288 557 1028 286 558 1029 209 561 1030 287 556 1031 286 558 1032 390 562 1033 213 563 1034 209 561 1035 280 564 1036 205 560 1037 209 561 1038 282 565 1039 281 566 1040 390 562 1041 282 565 1042 213 563 1043 281 566 1044 283 567 1045 280 564 1046 282 565 1047 284 568 1048 281 566 1049 282 565 1050 354 569 1051 285 570 1052 284 568 1053 295 571 1054 283 567 1055 285 570 1056 296 572 1057 284 568 1058 285 570 1059 348 573 1060 297 574 1061 296 572 1062 298 575 1063 295 571 1064 297 574 1065 299 576 1066 296 572 1067 297 574 1068 366 577 1069 300 578 1070 298 575 1071 290 273 1072 289 276 1073 300 578 1074 290 273 1075 299 576 1076 300 578 1077 360 579 1078 291 268 1079 376 580 1080 229 506 1081 379 581 1082 289 276 1083 353 582 1084 350 583 1085 329 584 1086 268 267 1087 382 585 1088 379 581 1089 18 509 1090 370 586 1091 292 264 1092 344 587 1093 353 582 1094 268 267 1095 386 588 1096 382 585 1097 370 586 1098 6 513 1099 373 589 1100 218 251 1101 347 590 1102 344 587 1103 201 254 1104 392 591 1105 386 588 1106 373 589 1107 42 517 1108 364 592 1109 347 590 1110 301 223 1111 362 593 1112 189 240 1113 398 594 1114 392 591 1115 42 517 1116 367 595 1117 364 592 1118 362 593 1119 230 210 1120 365 596 1121 177 226 1122 404 597 1123 398 594 1124 30 522 1125 358 598 1126 367 595 1127 365 596 1128 170 196 1129 356 599 1130 404 597 1131 153 199 1132 410 600 1133 66 526 1134 361 601 1135 358 598 1136 170 196 1137 359 602 1138 356 599 1139 410 600 1140 141 185 1141 416 603 1142 54 530 1143 352 604 1144 361 601 1145 158 182 1146 374 605 1147 359 602 1148 416 603 1149 129 171 1150 303 606 1151 352 604 1152 78 536 1153 355 607 1154 194 168 1155 377 608 1156 374 605 1157 303 606 1158 117 157 1159 318 609 1160 355 607 1161 114 540 1162 346 610 1163 182 154 1164 368 611 1165 377 608 1166 117 157 1167 327 612 1168 318 609 1169 346 610 1170 102 544 1171 349 613 1172 368 611 1173 250 127 1174 371 614 1175 105 144 1176 339 615 1177 327 612 1178 102 544 1179 340 616 1180 349 613 1181 371 614 1182 247 114 1183 314 617 1184 93 130 1185 351 618 1186 339 615 1187 138 549 1188 343 619 1189 340 616 1190 314 617 1191 244 100 1192 311 620 1193 81 117 1194 363 621 1195 351 618 1196 126 552 1197 334 622 1198 343 619 1199 311 620 1200 265 86 1201 308 623 1202 363 621 1203 57 89 1204 375 624 1205 288 557 1206 337 625 1207 334 622 1208 265 86 1209 305 626 1210 308 623 1211 375 624 1212 45 75 1213 387 627 1214 337 625 1215 280 564 1216 338 628 1217 262 72 1218 326 629 1219 305 626 1220 387 627 1221 33 61 1222 399 630 1223 338 628 1224 283 567 1225 341 631 1226 259 58 1227 323 632 1228 326 629 1229 33 61 1230 411 633 1231 399 630 1232 341 631 1233 295 571 1234 332 634 1235 256 45 1236 320 635 1237 323 632 1238 21 48 1239 242 636 1240 411 633 1241 332 634 1242 298 575 1243 335 637 1244 320 635 1245 274 16 1246 317 638 1247 9 34 1248 406 639 1249 242 636 1250 298 575 1251 350 583 1252 335 637 1253 317 638 1254 271 15 1255 329 584 1256 225 20 1257 376 580 1258 406 639 1259 420 640 1260 540 641 1261 455 642 1262 626 643 1263 420 640 1264 423 644 1265 620 645 1266 423 644 1267 425 646 1268 614 647 1269 425 646 1270 426 648 1271 429 649 1272 614 647 1273 426 648 1274 602 650 1275 429 649 1276 430 651 1277 431 652 1278 602 650 1279 430 651 1280 434 653 1281 606 654 1282 431 652 1283 552 655 1284 434 653 1285 435 656 1286 438 657 1287 552 655 1288 435 656 1289 568 658 1290 438 657 1291 439 659 1292 441 660 1293 568 658 1294 439 659 1295 637 661 1296 441 660 1297 507 662 1298 509 663 1299 637 661 1300 507 662 1301 641 664 1302 509 663 1303 511 665 1304 643 666 1305 511 665 1306 513 667 1307 645 668 1308 513 667 1309 515 669 1310 647 670 1311 515 669 1312 517 671 1313 649 672 1314 517 671 1315 519 673 1316 521 674 1317 649 672 1318 519 673 1319 653 675 1320 521 674 1321 523 676 1322 525 677 1323 653 675 1324 523 676 1325 657 678 1326 525 677 1327 527 679 1328 659 680 1329 527 679 1330 529 681 1331 531 682 1332 659 680 1333 529 681 1334 617 683 1335 531 682 1336 533 684 1337 535 685 1338 617 683 1339 533 684 1340 537 686 1341 599 687 1342 535 685 1343 539 688 1344 605 689 1345 537 686 1346 583 690 1347 539 688 1348 488 691 1349 490 692 1350 583 690 1351 488 691 1352 581 693 1353 490 692 1354 485 694 1355 589 695 1356 485 694 1357 496 696 1358 591 697 1359 496 696 1360 495 698 1361 494 699 1362 591 697 1363 495 698 1364 593 700 1365 494 699 1366 498 701 1367 497 702 1368 593 700 1369 498 701 1370 501 703 1371 595 704 1372 497 702 1373 567 705 1374 501 703 1375 500 706 1376 499 707 1377 567 705 1378 500 706 1379 551 708 1380 499 707 1381 503 709 1382 505 710 1383 551 708 1384 503 709 1385 560 711 1386 505 710 1387 502 712 1388 427 713 1389 560 711 1390 502 712 1391 608 714 1392 427 713 1393 428 715 1394 632 716 1395 428 715 1396 421 717 1397 624 718 1398 421 717 1399 422 719 1400 622 720 1401 422 719 1402 424 721 1403 542 722 1404 424 721 1405 436 723 1406 437 724 1407 542 722 1408 436 723 1409 556 725 1410 437 724 1411 440 726 1412 432 727 1413 556 725 1414 440 726 1415 600 728 1416 432 727 1417 433 729 1418 572 730 1419 433 729 1420 446 731 1421 445 732 1422 572 730 1423 446 731 1424 578 733 1425 445 732 1426 447 734 1427 442 735 1428 578 733 1429 447 734 1430 444 736 1431 558 737 1432 442 735 1433 443 738 1434 576 739 1435 444 736 1436 540 641 1437 443 738 1438 455 642 1439 628 740 1440 541 741 1441 540 641 1442 492 742 1443 541 741 1444 629 743 1445 627 744 1446 628 740 1447 626 643 1448 482 745 1449 629 743 1450 627 744 1451 621 746 1452 626 643 1453 620 645 1454 621 746 1455 482 745 1456 627 744 1457 614 647 1458 621 746 1459 620 645 1460 484 747 1461 621 746 1462 615 748 1463 612 749 1464 615 748 1465 614 647 1466 486 750 1467 615 748 1468 613 751 1469 603 752 1470 612 749 1471 602 650 1472 603 752 1473 486 750 1474 613 751 1475 607 753 1476 602 650 1477 606 654 1478 607 753 1479 478 754 1480 603 752 1481 549 755 1482 606 654 1483 548 756 1484 549 755 1485 479 757 1486 607 753 1487 552 655 1488 549 755 1489 548 756 1490 481 758 1491 549 755 1492 553 759 1493 565 760 1494 552 655 1495 564 761 1496 476 762 1497 553 759 1498 565 760 1499 569 763 1500 564 761 1501 568 658 1502 569 763 1503 476 762 1504 565 760 1505 545 764 1506 568 658 1507 544 765 1508 545 764 1509 477 766 1510 569 763 1511 636 767 1512 544 765 1513 637 661 1514 508 768 1515 545 764 1516 636 767 1517 639 769 1518 636 767 1519 637 661 1520 638 770 1521 508 768 1522 636 767 1523 640 771 1524 639 769 1525 641 664 1526 512 772 1527 638 770 1528 640 771 1529 643 666 1530 640 771 1531 641 664 1532 514 773 1533 640 771 1534 642 774 1535 644 775 1536 643 666 1537 645 668 1538 516 776 1539 642 774 1540 644 775 1541 646 777 1542 645 668 1543 647 670 1544 646 777 1545 516 776 1546 644 775 1547 649 672 1548 646 777 1549 647 670 1550 520 778 1551 646 777 1552 648 779 1553 651 780 1554 648 779 1555 649 672 1556 522 781 1557 648 779 1558 650 782 1559 653 675 1560 650 782 1561 651 780 1562 652 783 1563 522 781 1564 650 782 1565 654 784 1566 653 675 1567 655 785 1568 654 784 1569 524 786 1570 652 783 1571 656 787 1572 655 785 1573 657 678 1574 528 788 1575 654 784 1576 656 787 1577 659 680 1578 656 787 1579 657 678 1580 530 789 1581 656 787 1582 658 790 1583 610 791 1584 659 680 1585 611 792 1586 532 793 1587 658 790 1588 610 791 1589 616 794 1590 611 792 1591 617 683 1592 616 794 1593 532 793 1594 610 791 1595 598 795 1596 617 683 1597 599 687 1598 536 796 1599 616 794 1600 598 795 1601 604 797 1602 599 687 1603 605 689 1604 538 798 1605 598 795 1606 604 797 1607 630 799 1608 604 797 1609 605 689 1610 631 800 1611 538 798 1612 604 797 1613 582 801 1614 630 799 1615 583 690 1616 458 802 1617 631 800 1618 582 801 1619 585 803 1620 582 801 1621 583 690 1622 459 804 1623 582 801 1624 584 805 1625 580 806 1626 585 803 1627 581 693 1628 456 807 1629 584 805 1630 580 806 1631 588 808 1632 581 693 1633 589 695 1634 588 808 1635 456 807 1636 580 806 1637 591 697 1638 588 808 1639 589 695 1640 450 809 1641 588 808 1642 590 810 1643 587 811 1644 590 810 1645 591 697 1646 451 812 1647 590 810 1648 586 813 1649 592 814 1650 587 811 1651 593 700 1652 592 814 1653 451 812 1654 586 813 1655 594 815 1656 593 700 1657 595 704 1658 594 815 1659 448 816 1660 592 814 1661 554 817 1662 595 704 1663 555 818 1664 554 817 1665 449 819 1666 594 815 1667 567 705 1668 554 817 1669 555 818 1670 454 820 1671 554 817 1672 566 821 1673 562 822 1674 567 705 1675 563 823 1676 452 824 1677 566 821 1678 562 822 1679 550 825 1680 563 823 1681 551 708 1682 550 825 1683 452 824 1684 562 822 1685 634 826 1686 551 708 1687 635 827 1688 634 826 1689 504 828 1690 550 825 1691 561 829 1692 635 827 1693 560 711 1694 472 830 1695 634 826 1696 561 829 1697 618 831 1698 561 829 1699 560 711 1700 619 832 1701 472 830 1702 561 829 1703 609 833 1704 618 831 1705 608 714 1706 474 834 1707 619 832 1708 609 833 1709 632 716 1710 609 833 1711 608 714 1712 469 835 1713 609 833 1714 633 836 1715 625 837 1716 632 716 1717 624 718 1718 468 838 1719 633 836 1720 625 837 1721 623 839 1722 624 718 1723 622 720 1724 623 839 1725 468 838 1726 625 837 1727 542 722 1728 623 839 1729 622 720 1730 470 840 1731 623 839 1732 543 841 1733 546 842 1734 543 841 1735 542 722 1736 465 843 1737 543 841 1738 547 844 1739 556 725 1740 547 844 1741 546 842 1742 557 845 1743 465 843 1744 547 844 1745 597 846 1746 556 725 1747 596 847 1748 597 846 1749 464 848 1750 557 845 1751 601 849 1752 596 847 1753 600 728 1754 466 850 1755 597 846 1756 601 849 1757 572 730 1758 601 849 1759 600 728 1760 461 851 1761 601 849 1762 573 852 1763 571 853 1764 572 730 1765 570 854 1766 460 855 1767 573 852 1768 571 853 1769 579 856 1770 570 854 1771 578 733 1772 579 856 1773 460 855 1774 571 853 1775 559 857 1776 578 733 1777 558 737 1778 462 858 1779 579 856 1780 559 857 1781 577 859 1782 558 737 1783 576 739 1784 487 860 1785 559 857 1786 577 859 1787 574 861 1788 577 859 1789 576 739 1790 575 862 1791 487 860 1792 577 859 1793 541 741 1794 574 861 1795 540 641 1796 491 863 1797 575 862 1798 541 741 1799 414 0 1800 304 272 1801 273 1 1802 420 3 1803 455 277 1804 3 4 1805 217 6 1806 243 864 1807 331 7 1808 275 9 1809 276 2 1810 273 1 1811 423 11 1812 420 3 1813 7 5 1814 217 6 1815 241 8 1816 0 13 1817 275 9 1818 272 10 1819 271 15 1820 425 17 1821 423 11 1822 11 12 1823 221 14 1824 0 13 1825 2 19 1826 408 21 1827 414 0 1828 276 2 1829 426 23 1830 425 17 1831 15 18 1832 417 25 1833 243 864 1834 217 6 1835 278 27 1836 279 22 1837 276 2 1838 429 28 1839 426 23 1840 19 24 1841 5 30 1842 1 26 1843 217 6 1844 278 27 1845 275 9 1846 274 16 1847 430 32 1848 429 28 1849 23 29 1850 9 34 1851 5 30 1852 221 14 1853 402 35 1854 408 21 1855 279 22 1856 431 37 1857 430 32 1858 27 33 1859 405 39 1860 417 25 1861 1 26 1862 258 36 1863 279 22 1864 278 27 1865 434 42 1866 431 37 1867 31 38 1868 17 44 1869 13 40 1870 1 26 1871 257 41 1872 278 27 1873 277 31 1874 435 46 1875 434 42 1876 35 43 1877 17 44 1878 5 30 1879 9 34 1880 261 49 1881 316 63 1882 402 35 1883 438 50 1884 435 46 1885 39 47 1886 393 52 1887 405 39 1888 13 40 1889 261 49 1890 258 36 1891 257 41 1892 439 55 1893 438 50 1894 43 51 1895 29 57 1896 25 53 1897 13 40 1898 259 58 1899 260 54 1900 257 41 1901 441 59 1902 439 55 1903 47 56 1904 33 61 1905 29 57 1906 17 44 1907 264 62 1908 313 77 1909 316 63 1910 507 64 1911 441 59 1912 51 60 1913 381 66 1914 393 52 1915 25 53 1916 264 62 1917 261 49 1918 260 54 1919 509 69 1920 507 64 1921 55 65 1922 41 71 1923 37 67 1924 25 53 1925 262 72 1926 263 68 1927 260 54 1928 511 73 1929 509 69 1930 59 70 1931 41 71 1932 29 57 1933 33 61 1934 267 76 1935 310 91 1936 313 77 1937 513 78 1938 511 73 1939 63 74 1940 369 80 1941 381 66 1942 37 67 1943 267 76 1944 264 62 1945 263 68 1946 515 83 1947 513 78 1948 67 79 1949 53 85 1950 49 81 1951 37 67 1952 265 86 1953 266 82 1954 263 68 1955 517 87 1956 515 83 1957 71 84 1958 53 85 1959 41 71 1960 45 75 1961 246 90 1962 307 105 1963 310 91 1964 519 92 1965 517 87 1966 75 88 1967 357 94 1968 369 80 1969 49 81 1970 246 90 1971 267 76 1972 266 82 1973 521 97 1974 519 92 1975 79 93 1976 65 99 1977 61 95 1978 49 81 1979 245 96 1980 266 82 1981 265 86 1982 523 101 1983 521 97 1984 83 98 1985 65 99 1986 53 85 1987 57 89 1988 249 104 1989 328 119 1990 307 105 1991 525 106 1992 523 101 1993 87 102 1994 345 108 1995 357 94 1996 61 95 1997 249 104 1998 246 90 1999 245 96 2000 527 111 2001 525 106 2002 91 107 2003 73 109 2004 61 95 2005 65 99 2006 248 110 2007 245 96 2008 244 100 2009 529 115 2010 527 111 2011 95 112 2012 77 113 2013 65 99 2014 69 103 2015 252 118 2016 325 865 2017 328 119 2018 531 120 2019 529 115 2020 99 116 2021 85 122 2022 333 136 2023 345 108 2024 252 118 2025 249 104 2026 248 110 2027 533 124 2028 531 120 2029 103 121 2030 85 122 2031 73 109 2032 77 113 2033 251 123 2034 248 110 2035 247 114 2036 535 128 2037 533 124 2038 107 125 2039 93 130 2040 89 126 2041 77 113 2042 322 131 2043 325 865 2044 252 118 2045 537 133 2046 535 128 2047 111 129 2048 97 135 2049 321 149 2050 333 136 2051 254 137 2052 255 132 2053 252 118 2054 539 138 2055 537 133 2056 115 134 2057 97 135 2058 85 122 2059 89 126 2060 254 137 2061 251 123 2062 250 127 2063 488 142 2064 539 138 2065 119 139 2066 105 144 2067 101 140 2068 89 126 2069 174 145 2070 319 866 2071 322 131 2072 490 146 2073 488 142 2074 123 143 2075 109 148 2076 309 163 2077 321 149 2078 174 145 2079 255 132 2080 254 137 2081 485 151 2082 490 146 2083 127 147 2084 109 148 2085 97 135 2086 101 140 2087 178 150 2088 254 137 2089 253 141 2090 496 155 2091 485 151 2092 131 152 2093 117 157 2094 113 153 2095 101 140 2096 312 158 2097 319 866 2098 174 145 2099 495 160 2100 496 155 2101 135 156 2102 121 162 2103 419 177 2104 309 163 2105 190 164 2106 186 159 2107 174 145 2108 494 165 2109 495 160 2110 139 161 2111 121 162 2112 109 148 2113 113 153 2114 194 168 2115 190 164 2116 178 150 2117 498 169 2118 494 165 2119 143 166 2120 125 167 2121 113 153 2122 117 157 2123 315 172 2124 312 158 2125 186 159 2126 497 174 2127 498 169 2128 147 170 2129 133 176 2130 413 191 2131 419 177 2132 154 178 2133 150 173 2134 186 159 2135 501 179 2136 497 174 2137 151 175 2138 133 176 2139 121 162 2140 125 167 2141 154 178 2142 190 164 2143 194 168 2144 500 183 2145 501 179 2146 155 180 2147 137 181 2148 125 167 2149 129 171 2150 302 186 2151 315 172 2152 150 173 2153 499 188 2154 500 183 2155 159 184 2156 145 190 2157 407 867 2158 413 191 2159 166 192 2160 162 187 2161 150 173 2162 503 193 2163 499 188 2164 163 189 2165 145 190 2166 133 176 2167 137 181 2168 170 196 2169 166 192 2170 154 178 2171 505 197 2172 503 193 2173 167 194 2174 149 195 2175 137 181 2176 141 185 2177 306 200 2178 302 186 2179 162 187 2180 502 202 2181 505 197 2182 171 198 2183 401 204 2184 407 867 2185 145 190 2186 226 206 2187 222 201 2188 162 187 2189 427 207 2190 502 202 2191 175 203 2192 161 209 2193 157 205 2194 145 190 2195 226 206 2196 166 192 2197 170 196 2198 428 211 2199 427 207 2200 179 208 2201 161 209 2202 149 195 2203 153 199 2204 336 214 2205 306 200 2206 222 201 2207 421 216 2208 428 211 2209 183 212 2210 169 218 2211 395 868 2212 401 204 2213 238 219 2214 234 215 2215 222 201 2216 422 220 2217 421 216 2218 187 217 2219 169 218 2220 157 205 2221 161 209 2222 238 219 2223 226 206 2224 230 210 2225 424 224 2226 422 220 2227 191 221 2228 173 222 2229 161 209 2230 165 213 2231 342 227 2232 336 214 2233 234 215 2234 436 229 2235 424 224 2236 195 225 2237 391 231 2238 395 868 2239 169 218 2240 202 233 2241 198 228 2242 234 215 2243 437 234 2244 436 229 2245 199 230 2246 185 236 2247 181 232 2248 169 218 2249 202 233 2250 238 219 2251 301 223 2252 440 238 2253 437 234 2254 203 235 2255 189 240 2256 185 236 2257 173 222 2258 324 241 2259 342 227 2260 198 228 2261 432 243 2262 440 238 2263 207 239 2264 385 245 2265 391 231 2266 181 232 2267 210 242 2268 198 228 2269 202 233 2270 433 248 2271 432 243 2272 211 244 2273 197 250 2274 193 246 2275 181 232 2276 214 247 2277 202 233 2278 206 237 2279 446 252 2280 433 248 2281 215 249 2282 197 250 2283 185 236 2284 189 240 2285 294 255 2286 330 269 2287 324 241 2288 445 256 2289 446 252 2290 219 253 2291 396 258 2292 385 245 2293 193 246 2294 294 255 2295 210 242 2296 214 247 2297 447 261 2298 445 256 2299 223 257 2300 269 263 2301 270 259 2302 193 246 2303 292 264 2304 293 260 2305 214 247 2306 442 265 2307 447 261 2308 227 262 2309 268 267 2310 269 263 2311 197 250 2312 291 268 2313 360 579 2314 330 269 2315 444 270 2316 442 265 2317 231 266 2318 304 272 2319 396 258 2320 270 259 2321 291 268 2322 294 255 2323 293 260 2324 443 274 2325 444 270 2326 235 271 2327 272 10 2328 273 1 2329 270 259 2330 289 276 2331 290 273 2332 293 260 2333 455 277 2334 443 274 2335 239 275 2336 272 10 2337 269 263 2338 268 267 2339 459 278 2340 415 282 2341 331 279 2342 459 278 2343 456 284 2344 418 281 2345 457 283 2346 409 286 2347 418 281 2348 450 285 2349 412 288 2350 409 286 2351 451 287 2352 388 290 2353 412 288 2354 448 289 2355 389 292 2356 388 290 2357 448 289 2358 449 294 2359 380 291 2360 453 293 2361 383 296 2362 380 291 2363 454 295 2364 400 298 2365 383 296 2366 454 295 2367 452 299 2368 403 297 2369 452 299 2370 504 302 2371 394 300 2372 473 301 2373 397 304 2374 394 300 2375 473 301 2376 472 306 2377 378 303 2378 475 305 2379 372 308 2380 378 303 2381 475 305 2382 474 310 2383 390 307 2384 469 309 2385 384 312 2386 390 307 2387 469 309 2388 468 314 2389 354 311 2390 471 313 2391 348 316 2392 354 311 2393 470 315 2394 366 318 2395 348 316 2396 465 317 2397 360 320 2398 366 318 2399 464 319 2400 330 322 2401 360 320 2402 467 321 2403 324 324 2404 330 322 2405 466 323 2406 342 326 2407 324 324 2408 461 325 2409 336 328 2410 342 326 2411 460 327 2412 306 330 2413 336 328 2414 460 327 2415 463 332 2416 302 329 2417 462 331 2418 315 334 2419 302 329 2420 462 331 2421 487 336 2422 312 333 2423 489 335 2424 319 338 2425 312 333 2426 489 335 2427 491 340 2428 322 337 2429 492 339 2430 325 342 2431 322 337 2432 492 339 2433 482 344 2434 328 341 2435 483 343 2436 307 346 2437 328 341 2438 484 345 2439 310 348 2440 307 346 2441 486 347 2442 313 350 2443 310 348 2444 478 349 2445 316 352 2446 313 350 2447 478 349 2448 479 354 2449 402 351 2450 480 353 2451 408 356 2452 402 351 2453 481 355 2454 414 358 2455 408 356 2456 481 355 2457 476 359 2458 304 357 2459 476 359 2460 477 362 2461 396 360 2462 506 361 2463 385 364 2464 396 360 2465 506 361 2466 508 366 2467 391 363 2468 510 365 2469 395 368 2470 391 363 2471 510 365 2472 512 370 2473 401 367 2474 514 369 2475 407 372 2476 401 367 2477 514 369 2478 516 374 2479 413 371 2480 518 373 2481 419 376 2482 413 371 2483 520 375 2484 309 378 2485 419 376 2486 522 377 2487 321 380 2488 309 378 2489 524 379 2490 333 382 2491 321 380 2492 526 381 2493 345 384 2494 333 382 2495 528 383 2496 357 386 2497 345 384 2498 530 385 2499 369 388 2500 357 386 2501 532 387 2502 381 390 2503 369 388 2504 532 387 2505 534 392 2506 393 389 2507 536 391 2508 405 394 2509 393 389 2510 536 391 2511 538 396 2512 417 393 2513 493 395 2514 243 397 2515 417 393 2516 493 395 2517 458 280 2518 331 279 2519 128 398 2520 124 505 2521 376 399 2522 132 401 2523 128 398 2524 379 400 2525 136 402 2526 132 401 2527 370 401 2528 140 404 2529 136 402 2530 373 403 2531 144 406 2532 140 404 2533 364 405 2534 148 407 2535 144 406 2536 367 406 2537 152 409 2538 148 407 2539 358 408 2540 156 179 2541 152 409 2542 361 410 2543 160 412 2544 156 179 2545 352 411 2546 164 414 2547 160 412 2548 355 413 2549 168 416 2550 164 414 2551 346 415 2552 172 418 2553 168 416 2554 349 417 2555 176 420 2556 172 418 2557 340 419 2558 180 422 2559 176 420 2560 343 421 2561 184 424 2562 180 422 2563 334 423 2564 188 426 2565 184 424 2566 337 425 2567 192 428 2568 188 426 2569 338 427 2570 196 430 2571 192 428 2572 341 429 2573 200 432 2574 196 430 2575 332 431 2576 204 434 2577 200 432 2578 335 433 2579 208 436 2580 204 434 2581 350 435 2582 212 437 2583 208 436 2584 353 436 2585 216 439 2586 212 437 2587 344 438 2588 220 441 2589 216 439 2590 347 440 2591 224 443 2592 220 441 2593 362 442 2594 228 444 2595 224 443 2596 365 443 2597 232 446 2598 228 444 2599 356 445 2600 236 448 2601 232 446 2602 359 447 2603 240 449 2604 236 448 2605 374 448 2606 4 451 2607 240 449 2608 377 450 2609 8 453 2610 4 451 2611 368 452 2612 12 455 2613 8 453 2614 371 454 2615 16 456 2616 12 455 2617 314 455 2618 20 458 2619 16 456 2620 311 457 2621 24 460 2622 20 458 2623 308 459 2624 28 461 2625 24 460 2626 305 460 2627 32 463 2628 28 461 2629 326 462 2630 36 42 2631 32 463 2632 323 464 2633 40 466 2634 36 42 2635 320 465 2636 44 468 2637 40 466 2638 317 467 2639 48 470 2640 44 468 2641 329 469 2642 52 472 2643 48 470 2644 382 471 2645 56 474 2646 52 472 2647 386 473 2648 60 476 2649 56 474 2650 392 475 2651 64 478 2652 60 476 2653 398 477 2654 68 480 2655 64 478 2656 404 479 2657 72 482 2658 68 480 2659 410 481 2660 76 484 2661 72 482 2662 416 483 2663 80 486 2664 76 484 2665 303 485 2666 84 488 2667 80 486 2668 318 487 2669 88 490 2670 84 488 2671 327 489 2672 92 491 2673 88 490 2674 339 490 2675 96 493 2676 92 491 2677 351 492 2678 100 495 2679 96 493 2680 363 494 2681 104 497 2682 100 495 2683 375 496 2684 108 498 2685 104 497 2686 387 497 2687 112 500 2688 108 498 2689 399 499 2690 116 502 2691 112 500 2692 411 501 2693 120 503 2694 116 502 2695 242 502 2696 124 505 2697 120 503 2698 406 504 2699 0 13 2700 233 508 2701 229 506 2702 0 13 2703 241 8 2704 237 507 2705 331 7 2706 415 869 2707 237 507 2708 233 508 2709 22 510 2710 18 509 2711 237 507 2712 26 512 2713 22 510 2714 237 507 2715 415 869 2716 418 511 2717 22 510 2718 10 514 2719 6 513 2720 26 512 2721 14 516 2722 10 514 2723 26 512 2724 418 511 2725 409 515 2726 10 514 2727 46 518 2728 42 517 2729 14 516 2730 50 520 2731 46 518 2732 14 516 2733 409 515 2734 412 519 2735 42 517 2736 46 518 2737 34 521 2738 50 520 2739 38 524 2740 34 521 2741 50 520 2742 412 519 2743 388 523 2744 30 522 2745 34 521 2746 70 525 2747 38 524 2748 74 528 2749 70 525 2750 38 524 2751 388 523 2752 389 527 2753 66 526 2754 70 525 2755 58 529 2756 74 528 2757 62 532 2758 58 529 2759 74 528 2760 389 527 2761 380 531 2762 58 529 2763 94 534 2764 90 533 2765 62 532 2766 98 535 2767 94 534 2768 380 531 2769 383 539 2770 98 535 2771 94 534 2772 82 538 2773 78 536 2774 94 534 2775 98 535 2776 86 537 2777 383 539 2778 400 543 2779 86 537 2780 82 538 2781 118 542 2782 114 540 2783 82 538 2784 86 537 2785 122 541 2786 400 543 2787 403 547 2788 122 541 2789 118 542 2790 106 546 2791 102 544 2792 118 542 2793 122 541 2794 110 545 2795 403 547 2796 394 551 2797 110 545 2798 102 544 2799 106 546 2800 142 548 2801 106 546 2802 110 545 2803 146 550 2804 394 551 2805 397 555 2806 146 550 2807 142 548 2808 130 554 2809 126 552 2810 142 548 2811 146 550 2812 134 553 2813 397 555 2814 378 559 2815 134 553 2816 126 552 2817 130 554 2818 287 556 2819 130 554 2820 134 553 2821 286 558 2822 378 559 2823 372 870 2824 286 558 2825 287 556 2826 209 561 2827 205 560 2828 286 558 2829 213 563 2830 209 561 2831 286 558 2832 372 870 2833 390 562 2834 209 561 2835 281 566 2836 280 564 2837 209 561 2838 213 563 2839 282 565 2840 390 562 2841 384 871 2842 282 565 2843 281 566 2844 284 568 2845 283 567 2846 282 565 2847 285 570 2848 284 568 2849 282 565 2850 384 871 2851 354 569 2852 284 568 2853 296 572 2854 295 571 2855 285 570 2856 297 574 2857 296 572 2858 285 570 2859 354 569 2860 348 573 2861 296 572 2862 299 576 2863 298 575 2864 297 574 2865 300 578 2866 299 576 2867 297 574 2868 348 573 2869 366 577 2870 298 575 2871 299 576 2872 290 273 2873 300 578 2874 291 268 2875 290 273 2876 300 578 2877 366 577 2878 360 579 2879 376 580 2880 2 19 2881 229 506 2882 289 276 2883 292 264 2884 353 582 2885 329 584 2886 271 15 2887 268 267 2888 379 581 2889 229 506 2890 18 509 2891 292 264 2892 218 251 2893 344 587 2894 268 267 2895 201 254 2896 386 588 2897 370 586 2898 18 509 2899 6 513 2900 218 251 2901 206 237 2902 347 590 2903 201 254 2904 189 240 2905 392 591 2906 373 589 2907 6 513 2908 42 517 2909 347 590 2910 206 237 2911 301 223 2912 189 240 2913 177 226 2914 398 594 2915 42 517 2916 30 522 2917 367 595 2918 362 593 2919 301 223 2920 230 210 2921 177 226 2922 165 213 2923 404 597 2924 30 522 2925 66 526 2926 358 598 2927 365 596 2928 230 210 2929 170 196 2930 404 597 2931 165 213 2932 153 199 2933 66 526 2934 54 530 2935 361 601 2936 170 196 2937 158 182 2938 359 602 2939 410 600 2940 153 199 2941 141 185 2942 54 530 2943 90 533 2944 352 604 2945 158 182 2946 194 168 2947 374 605 2948 416 603 2949 141 185 2950 129 171 2951 352 604 2952 90 533 2953 78 536 2954 194 168 2955 182 154 2956 377 608 2957 303 606 2958 129 171 2959 117 157 2960 355 607 2961 78 536 2962 114 540 2963 182 154 2964 253 141 2965 368 611 2966 117 157 2967 105 144 2968 327 612 2969 346 610 2970 114 540 2971 102 544 2972 368 611 2973 253 141 2974 250 127 2975 105 144 2976 93 130 2977 339 615 2978 102 544 2979 138 549 2980 340 616 2981 371 614 2982 250 127 2983 247 114 2984 93 130 2985 81 117 2986 351 618 2987 138 549 2988 126 552 2989 343 619 2990 314 617 2991 247 114 2992 244 100 2993 81 117 2994 69 103 2995 363 621 2996 126 552 2997 288 557 2998 334 622 2999 311 620 3000 244 100 3001 265 86 3002 363 621 3003 69 103 3004 57 89 3005 288 557 3006 205 560 3007 337 625 3008 265 86 3009 262 72 3010 305 626 3011 375 624 3012 57 89 3013 45 75 3014 337 625 3015 205 560 3016 280 564 3017 262 72 3018 259 58 3019 326 629 3020 387 627 3021 45 75 3022 33 61 3023 338 628 3024 280 564 3025 283 567 3026 259 58 3027 256 45 3028 323 632 3029 33 61 3030 21 48 3031 411 633 3032 341 631 3033 283 567 3034 295 571 3035 256 45 3036 277 31 3037 320 635 3038 21 48 3039 9 34 3040 242 636 3041 332 634 3042 295 571 3043 298 575 3044 320 635 3045 277 31 3046 274 16 3047 9 34 3048 225 20 3049 406 639 3050 298 575 3051 289 276 3052 350 583 3053 317 638 3054 274 16 3055 271 15 3056 225 20 3057 2 19 3058 376 580 3059 420 640 3060 628 740 3061 540 641 3062 626 643 3063 628 740 3064 420 640 3065 620 645 3066 626 643 3067 423 644 3068 614 647 3069 620 645 3070 425 646 3071 429 649 3072 612 749 3073 614 647 3074 602 650 3075 612 749 3076 429 649 3077 431 652 3078 606 654 3079 602 650 3080 434 653 3081 548 756 3082 606 654 3083 552 655 3084 548 756 3085 434 653 3086 438 657 3087 564 761 3088 552 655 3089 568 658 3090 564 761 3091 438 657 3092 441 660 3093 544 765 3094 568 658 3095 637 661 3096 544 765 3097 441 660 3098 509 663 3099 639 769 3100 637 661 3101 641 664 3102 639 769 3103 509 663 3104 643 666 3105 641 664 3106 511 665 3107 645 668 3108 643 666 3109 513 667 3110 647 670 3111 645 668 3112 515 669 3113 649 672 3114 647 670 3115 517 671 3116 521 674 3117 651 780 3118 649 672 3119 653 675 3120 651 780 3121 521 674 3122 525 677 3123 655 785 3124 653 675 3125 657 678 3126 655 785 3127 525 677 3128 659 680 3129 657 678 3130 527 679 3131 531 682 3132 611 792 3133 659 680 3134 617 683 3135 611 792 3136 531 682 3137 535 685 3138 599 687 3139 617 683 3140 537 686 3141 605 689 3142 599 687 3143 539 688 3144 630 799 3145 605 689 3146 583 690 3147 630 799 3148 539 688 3149 490 692 3150 585 803 3151 583 690 3152 581 693 3153 585 803 3154 490 692 3155 589 695 3156 581 693 3157 485 694 3158 591 697 3159 589 695 3160 496 696 3161 494 699 3162 587 811 3163 591 697 3164 593 700 3165 587 811 3166 494 699 3167 497 702 3168 595 704 3169 593 700 3170 501 703 3171 555 818 3172 595 704 3173 567 705 3174 555 818 3175 501 703 3176 499 707 3177 563 823 3178 567 705 3179 551 708 3180 563 823 3181 499 707 3182 505 710 3183 635 827 3184 551 708 3185 560 711 3186 635 827 3187 505 710 3188 427 713 3189 618 831 3190 560 711 3191 608 714 3192 618 831 3193 427 713 3194 632 716 3195 608 714 3196 428 715 3197 624 718 3198 632 716 3199 421 717 3200 622 720 3201 624 718 3202 422 719 3203 542 722 3204 622 720 3205 424 721 3206 437 724 3207 546 842 3208 542 722 3209 556 725 3210 546 842 3211 437 724 3212 432 727 3213 596 847 3214 556 725 3215 600 728 3216 596 847 3217 432 727 3218 572 730 3219 600 728 3220 433 729 3221 445 732 3222 570 854 3223 572 730 3224 578 733 3225 570 854 3226 445 732 3227 442 735 3228 558 737 3229 578 733 3230 444 736 3231 576 739 3232 558 737 3233 443 738 3234 574 861 3235 576 739 3236 540 641 3237 574 861 3238 443 738 3239 628 740 3240 629 743 3241 541 741 3242 492 742 3243 491 863 3244 541 741 3245 627 744 3246 629 743 3247 628 740 3248 482 745 3249 492 742 3250 629 743 3251 621 746 3252 627 744 3253 626 643 3254 621 746 3255 483 872 3256 482 745 3257 614 647 3258 615 748 3259 621 746 3260 484 747 3261 483 872 3262 621 746 3263 612 749 3264 613 751 3265 615 748 3266 486 750 3267 484 747 3268 615 748 3269 603 752 3270 613 751 3271 612 749 3272 603 752 3273 478 754 3274 486 750 3275 607 753 3276 603 752 3277 602 650 3278 607 753 3279 479 757 3280 478 754 3281 549 755 3282 607 753 3283 606 654 3284 549 755 3285 480 873 3286 479 757 3287 552 655 3288 553 759 3289 549 755 3290 481 758 3291 480 873 3292 549 755 3293 565 760 3294 553 759 3295 552 655 3296 476 762 3297 481 758 3298 553 759 3299 569 763 3300 565 760 3301 564 761 3302 569 763 3303 477 766 3304 476 762 3305 545 764 3306 569 763 3307 568 658 3308 545 764 3309 506 874 3310 477 766 3311 636 767 3312 545 764 3313 544 765 3314 508 768 3315 506 874 3316 545 764 3317 639 769 3318 638 770 3319 636 767 3320 638 770 3321 510 875 3322 508 768 3323 640 771 3324 638 770 3325 639 769 3326 512 772 3327 510 875 3328 638 770 3329 643 666 3330 642 774 3331 640 771 3332 514 773 3333 512 772 3334 640 771 3335 644 775 3336 642 774 3337 643 666 3338 516 776 3339 514 773 3340 642 774 3341 646 777 3342 644 775 3343 645 668 3344 646 777 3345 518 876 3346 516 776 3347 649 672 3348 648 779 3349 646 777 3350 520 778 3351 518 876 3352 646 777 3353 651 780 3354 650 782 3355 648 779 3356 522 781 3357 520 778 3358 648 779 3359 653 675 3360 652 783 3361 650 782 3362 652 783 3363 524 786 3364 522 781 3365 654 784 3366 652 783 3367 653 675 3368 654 784 3369 526 877 3370 524 786 3371 656 787 3372 654 784 3373 655 785 3374 528 788 3375 526 877 3376 654 784 3377 659 680 3378 658 790 3379 656 787 3380 530 789 3381 528 788 3382 656 787 3383 610 791 3384 658 790 3385 659 680 3386 532 793 3387 530 789 3388 658 790 3389 616 794 3390 610 791 3391 611 792 3392 616 794 3393 534 878 3394 532 793 3395 598 795 3396 616 794 3397 617 683 3398 536 796 3399 534 878 3400 616 794 3401 604 797 3402 598 795 3403 599 687 3404 538 798 3405 536 796 3406 598 795 3407 630 799 3408 631 800 3409 604 797 3410 631 800 3411 493 879 3412 538 798 3413 582 801 3414 631 800 3415 630 799 3416 458 802 3417 493 879 3418 631 800 3419 585 803 3420 584 805 3421 582 801 3422 459 804 3423 458 802 3424 582 801 3425 580 806 3426 584 805 3427 585 803 3428 456 807 3429 459 804 3430 584 805 3431 588 808 3432 580 806 3433 581 693 3434 588 808 3435 457 880 3436 456 807 3437 591 697 3438 590 810 3439 588 808 3440 450 809 3441 457 880 3442 588 808 3443 587 811 3444 586 813 3445 590 810 3446 451 812 3447 450 809 3448 590 810 3449 592 814 3450 586 813 3451 587 811 3452 592 814 3453 448 816 3454 451 812 3455 594 815 3456 592 814 3457 593 700 3458 594 815 3459 449 819 3460 448 816 3461 554 817 3462 594 815 3463 595 704 3464 554 817 3465 453 881 3466 449 819 3467 567 705 3468 566 821 3469 554 817 3470 454 820 3471 453 881 3472 554 817 3473 562 822 3474 566 821 3475 567 705 3476 452 824 3477 454 820 3478 566 821 3479 550 825 3480 562 822 3481 563 823 3482 550 825 3483 504 828 3484 452 824 3485 634 826 3486 550 825 3487 551 708 3488 634 826 3489 473 882 3490 504 828 3491 561 829 3492 634 826 3493 635 827 3494 472 830 3495 473 882 3496 634 826 3497 618 831 3498 619 832 3499 561 829 3500 619 832 3501 475 883 3502 472 830 3503 609 833 3504 619 832 3505 618 831 3506 474 834 3507 475 883 3508 619 832 3509 632 716 3510 633 836 3511 609 833 3512 469 835 3513 474 834 3514 609 833 3515 625 837 3516 633 836 3517 632 716 3518 468 838 3519 469 835 3520 633 836 3521 623 839 3522 625 837 3523 624 718 3524 623 839 3525 471 884 3526 468 838 3527 542 722 3528 543 841 3529 623 839 3530 470 840 3531 471 884 3532 623 839 3533 546 842 3534 547 844 3535 543 841 3536 465 843 3537 470 840 3538 543 841 3539 556 725 3540 557 845 3541 547 844 3542 557 845 3543 464 848 3544 465 843 3545 597 846 3546 557 845 3547 556 725 3548 597 846 3549 467 885 3550 464 848 3551 601 849 3552 597 846 3553 596 847 3554 466 850 3555 467 885 3556 597 846 3557 572 730 3558 573 852 3559 601 849 3560 461 851 3561 466 850 3562 601 849 3563 571 853 3564 573 852 3565 572 730 3566 460 855 3567 461 851 3568 573 852 3569 579 856 3570 571 853 3571 570 854 3572 579 856 3573 463 886 3574 460 855 3575 559 857 3576 579 856 3577 578 733 3578 462 858 3579 463 886 3580 579 856 3581 577 859 3582 559 857 3583 558 737 3584 487 860 3585 462 858 3586 559 857 3587 574 861 3588 575 862 3589 577 859 3590 575 862 3591 489 887 3592 487 860 3593 541 741 3594 575 862 3595 574 861 3596 491 863 3597 489 887 3598 575 862 3599</p>
        </triangles>
      </mesh>
    </geometry>
    <geometry id="Mesh-mesh" name="Mesh">
      <mesh>
        <source id="Mesh-mesh-positions">
          <float_array id="Mesh-mesh-positions-array" count="6429">0 0.08529305 0.08463424 1.024481 0.08529305 -1.02526 1.018869 0.08529305 -1.111102 1.002094 0.08529305 -1.196003 0.9743394 0.08529305 -1.279033 0.9359101 0.08529305 -1.359284 0.8872267 0.08529305 -1.435874 0.8288226 0.08529305 -1.507966 0.7613378 0.08529305 -1.574769 0.6855117 0.08529305 -1.635551 0.6021749 0.08529305 -1.689647 0.5122405 0.08529305 -1.736464 0.416694 0.08529305 -1.775489 0.316582 0.08529305 -1.806294 0.2130016 0.08529305 -1.828542 0.1070874 0.08529305 -1.841989 0 0.08529305 -1.846488 -0.1070874 0.08529305 -1.841989 -0.2130016 0.08529305 -1.828542 -0.316582 0.08529305 -1.806294 -0.416694 0.08529305 -1.775489 -0.5122405 0.08529305 -1.736464 -0.6021749 0.08529305 -1.689647 -0.6855117 0.08529305 -1.635551 -0.7613378 0.08529305 -1.574769 -0.8288226 0.08529305 -1.507966 -0.8872267 0.08529305 -1.435874 -0.9359101 0.08529305 -1.359284 -0.9743394 0.08529305 -1.279033 -1.002094 0.08529305 -1.196003 -1.018869 0.08529305 -1.111102 -1.024481 0.08529305 -1.02526 -1.018869 0.08529305 -0.9394184 -0.5845127 0.08529305 1.455829 -0.5604405 0.08529305 1.605761 -0.5381748 0.08529305 1.724759 -0.5136244 0.08529305 1.792711 -0.4756232 0.08529305 1.836944 -0.4368968 0.08529305 1.852343 -0.3933836 0.08529305 1.866353 -0.3455605 0.08529305 1.878822 -0.2939513 0.08529305 1.889613 -0.2391215 0.08529305 1.898609 -0.1816719 0.08529305 1.905709 -0.1222318 0.08529305 1.910837 -0.0614525 0.08529305 1.913937 0 0.08529305 1.914974 0.0614525 0.08529305 1.913937 0.1222318 0.08529305 1.910837 0.1816719 0.08529305 1.905709 0.2391215 0.08529305 1.898609 0.2939513 0.08529305 1.889613 0.3455605 0.08529305 1.878822 0.3933836 0.08529305 1.866353 0.4368968 0.08529305 1.852343 0.4756232 0.08529305 1.836944 0.5136244 0.08529305 1.792711 0.5381748 0.08529305 1.724759 0.5604405 0.08529305 1.605761 0.5845127 0.08529305 1.455829 1.018869 0.08529305 -0.9394184 1.018869 0.1023729 -0.9394184 1.002094 0.1023729 -1.196003 0.9743394 0.1023729 -1.279033 0.9359101 0.1023729 -1.359284 0.8872267 0.1023729 -1.435874 0.7613378 0.1023729 -1.574769 0.6855117 0.1023729 -1.635551 0.2130016 0.1023729 -1.828542 0 0.1023729 -1.846488 -0.1070874 0.1023729 -1.841989 -0.6855117 0.1023729 -1.635551 -0.9359101 0.1023729 -1.359284 -0.9743394 0.1023729 -1.279033 -1.002094 0.1023729 -1.196003 -1.018869 0.1023729 -0.9394184 -0.5845127 0.1023729 1.455829 -0.5604405 0.1023729 1.605761 -0.5136244 0.1023729 1.792711 -0.2939513 0.1023729 1.889613 0 0.1023729 1.914974 0.0614525 0.1023729 1.913937 0.2391215 0.1023729 1.898609 0.2939513 0.1023729 1.889613 0.4368968 0.1023729 1.852343 0.5381748 0.1023729 1.724759 0.5604405 0.1023729 1.605761 -0.1009092 0.08529305 -1.730837 0.6970508 0.08529305 -0.7334187 -0.04127001 0.08529305 -0.6578607 0.3911058 0.08529305 -1.653909 0.7351855 0.08529305 -1.32804 0.767293 0.08529305 -0.8158544 -0.3000124 0.08529305 -0.6682005 0.623746 0.08529305 -0.7124891 0.297051 0.08529305 -1.689636 0.6871001 0.08529305 -1.412961 -0.6871001 0.08529305 -1.412961 0.771072 0.08529305 -0.900766 -0.297051 0.08529305 -1.689636 0.5602681 0.08529305 -0.6995068 0.2003761 0.08529305 -1.715141 0.7755227 0.08529305 -1.000773 -0.7351855 0.08529305 -1.32804 0.7822116 0.08529305 -1.119312 0.1009092 0.08529305 -1.730837 0.5020559 0.08529305 -0.6899353 0.5556612 0.08529305 -1.552597 0.2544562 0.08529305 -0.6651096 0.3000124 0.08529305 -0.6682005 0 0.08529305 -1.736612 0.4761726 0.08529305 -1.608237 0.7682615 0.08529305 -1.231994 0.4476212 0.08529305 -0.6824885 -0.5556612 0.08529305 -1.552597 0.3471658 0.08529305 -0.6720442 -0.2102261 0.08529305 -0.6627538 0.1245731 0.08529305 -0.6594342 -0.5020559 0.08529305 -0.6899353 -0.771072 0.08529305 -0.900766 -0.1245731 0.08529305 -0.6594342 0.04127001 0.08529305 -0.6578607 -0.3911058 0.08529305 -0.6760014 -0.4761726 0.08529305 -1.608237 -0.7682615 0.08529305 -1.231994 0.2102261 0.08529305 -0.6627538 -0.6970508 0.08529305 -0.7334187 -0.2544562 0.08529305 -0.6651096 -0.4476212 0.08529305 -0.6824885 -0.2003761 0.08529305 -1.715141 -0.7755227 0.08529305 -1.000773 -0.767293 0.08529305 -0.8158544 -0.5602681 0.08529305 -0.6995068 -0.3471658 0.08529305 -0.6720442 -0.623746 0.08529305 -0.7124891 0.5812965 0.08529305 -1.532366 0.7651184 0.08529305 -1.247655 0.7145859 0.08529305 -0.7395015 0.5234017 0.08529305 -0.6929906 0.3911058 0.08529305 -0.6760014 0.7439274 0.08529305 -0.753012 0.7779265 0.08529305 -1.054786 0.5812965 0.08529305 -0.7032236 0.6328225 0.08529305 -0.7144702 0.6774151 0.08529305 -0.7266072 0.1626309 0.08505761 -0.6631914 0.7439274 0.08529305 -1.310068 0.1626309 0.08529305 -1.723122 0.7651184 0.08529305 -0.7669906 0.7779265 0.08529305 -1.183837 0.08176332 0.08529305 -1.73323 0.7145859 0.08529305 -1.37039 0.4597724 0.08529305 -0.6838833 0.2417166 0.08232736 -0.6657555 0.4597724 0.08529305 -1.618718 0.6774151 0.08529305 -1.427962 0.5234017 0.08529305 -1.578055 -0.3911058 0.08529305 -1.653909 0.3181541 0.078547 -0.6693059 -0.08176332 0.08529305 -1.73323 0.6328225 0.08529305 -1.482151 0.3181541 0.08529305 -1.683243 -0.1626309 0.08529305 -1.723122 -0.08176332 0.08670783 -0.6616415 -0.2417166 0.08232736 -0.6657555 0.2417166 0.08529305 -1.706399 -0.3181541 0.078547 -0.6693059 -0.3181541 0.08529305 -1.683243 -0.6328225 0.08529305 -1.482151 -0.2417166 0.08529305 -1.706399 -0.7439274 0.08529305 -1.310068 -0.4597724 0.08529305 -1.618718 -0.7651184 0.08529305 -1.247655 -0.5234017 0.08529305 -1.578055 -0.7779265 0.08529305 -1.183837 -0.4597724 0.08529305 -0.6838833 -0.7822116 0.08529305 -1.119312 -0.5812965 0.08529305 -1.532366 -0.7779265 0.08529305 -1.054786 -0.5234017 0.08529305 -0.6929906 -0.6774151 0.08529305 -1.427962 -0.5812965 0.08529305 -0.7032236 -0.7145859 0.08529305 -1.37039 -0.6774151 0.08529305 -0.7266072 -0.6328225 0.08529305 -0.7144702 -0.7651184 0.08529305 -0.7669906 -0.7145859 0.08529305 -0.7395015 -0.7439274 0.08529305 -0.753012 2.497292 0.1801705 0 2.497292 0.3228729 0 2.483611 0.1801705 -0.2610381 2.483611 0.3228729 -0.2610381 2.44272 0.1801705 -0.5192161 2.44272 0.3228729 -0.5192161 2.375065 0.1801705 -0.7717055 2.375065 0.3228729 -0.7717055 2.281389 0.1801705 -1.01574 2.281389 0.3228729 -1.01574 2.162718 0.1801705 -1.248646 2.162718 0.3228729 -1.248646 2.020351 0.1801705 -1.467871 2.020351 0.3228729 -1.467871 1.855849 0.1801705 -1.671014 1.855849 0.3228729 -1.671014 1.671014 0.1801705 -1.855849 1.671014 0.3228729 -1.855849 1.467871 0.1801705 -2.020351 1.467871 0.3228729 -2.020351 1.248646 0.1801705 -2.162718 1.248646 0.3228729 -2.162718 1.01574 0.1801705 -2.281389 1.01574 0.3228729 -2.281389 0.7717055 0.1801705 -2.375065 0.7717055 0.3228729 -2.375065 0.5192161 0.1801705 -2.44272 0.5192161 0.3228729 -2.44272 0.2610381 0.1801705 -2.483611 0.2610381 0.3228729 -2.483611 0 0.1801705 -2.497292 0 0.3228729 -2.497292 -0.2610381 0.1801705 -2.483611 -0.2610381 0.3228729 -2.483611 -0.5192161 0.1801705 -2.44272 -0.5192161 0.3228729 -2.44272 -0.7717055 0.1801705 -2.375065 -0.7717055 0.3228729 -2.375065 -1.01574 0.1801705 -2.281389 -1.01574 0.3228729 -2.281389 -1.248646 0.1801705 -2.162718 -1.248646 0.3228729 -2.162718 -1.467871 0.1801705 -2.020351 -1.467871 0.3228729 -2.020351 -1.671014 0.1801705 -1.855849 -1.671014 0.3228729 -1.855849 -1.855849 0.1801705 -1.671014 -1.855849 0.3228729 -1.671014 -2.020351 0.1801705 -1.467871 -2.020351 0.3228729 -1.467871 -2.162718 0.1801705 -1.248646 -2.162718 0.3228729 -1.248646 -2.281389 0.1801705 -1.01574 -2.281389 0.3228729 -1.01574 -2.375065 0.1801705 -0.7717055 -2.375065 0.3228729 -0.7717055 -2.44272 0.1801705 -0.5192161 -2.44272 0.3228729 -0.5192161 -2.483611 0.1801705 -0.2610381 -2.483611 0.3228729 -0.2610381 -2.497292 0.1801705 0 -2.497292 0.3228729 0 -2.483611 0.1801705 0.2610381 -2.483611 0.3228729 0.2610381 -2.44272 0.1801705 0.5192161 -2.44272 0.3228729 0.5192161 -2.375065 0.1801705 0.7717055 -2.375065 0.3228729 0.7717055 -2.281389 0.1801705 1.01574 -2.281389 0.3228729 1.01574 -2.162718 0.1801705 1.248646 -2.162718 0.3228729 1.248646 -2.020351 0.1801705 1.467871 -2.020351 0.3228729 1.467871 -1.855849 0.1801705 1.671014 -1.855849 0.3228729 1.671014 -1.671014 0.1801705 1.855849 -1.671014 0.3228729 1.855849 -1.467871 0.1801705 2.020351 -1.467871 0.3228729 2.020351 -1.248646 0.1801705 2.162718 -1.248646 0.3228729 2.162718 -1.01574 0.1801705 2.281389 -1.01574 0.3228729 2.281389 -0.7717055 0.1801705 2.375065 -0.7717055 0.3228729 2.375065 -0.5192161 0.1801705 2.44272 -0.5192161 0.3228729 2.44272 -0.2610381 0.1801705 2.483611 -0.2610381 0.3228729 2.483611 0 0.1801705 2.497292 0 0.3228729 2.497292 0.2610381 0.1801705 2.483611 0.2610381 0.3228729 2.483611 0.5192161 0.1801705 2.44272 0.5192161 0.3228729 2.44272 0.7717055 0.1801705 2.375065 0.7717055 0.3228729 2.375065 1.01574 0.1801705 2.281389 1.01574 0.3228729 2.281389 1.248646 0.1801705 2.162718 1.248646 0.3228729 2.162718 1.467871 0.1801705 2.020351 1.467871 0.3228729 2.020351 1.671014 0.1801705 1.855849 1.671014 0.3228729 1.855849 1.855849 0.1801705 1.671014 1.855849 0.3228729 1.671014 2.020351 0.1801705 1.467871 2.020351 0.3228729 1.467871 2.162718 0.1801705 1.248646 2.162718 0.3228729 1.248646 2.281389 0.1801705 1.01574 2.281389 0.3228729 1.01574 2.375065 0.1801705 0.7717055 2.375065 0.3228729 0.7717055 2.44272 0.1801705 0.5192161 2.44272 0.3228729 0.5192161 2.483611 0.1801705 0.2610381 2.483611 0.3228729 0.2610381 2.46725 0.3228729 0 2.453735 0.3228729 -0.2578979 2.413335 0.3228729 -0.5129702 2.346495 0.3228729 -0.7624223 2.253945 0.3228729 -1.003521 2.136702 0.3228729 -1.233625 1.996047 0.3228729 -1.450213 1.833524 0.3228729 -1.650913 1.650913 0.3228729 -1.833524 1.450213 0.3228729 -1.996047 1.233625 0.3228729 -2.136702 1.003521 0.3228729 -2.253945 0.7624223 0.3228729 -2.346495 0.5129702 0.3228729 -2.413335 0.2578979 0.3228729 -2.453735 0 0.3228729 -2.46725 -0.2578979 0.3228729 -2.453735 -0.5129702 0.3228729 -2.413335 -0.7624223 0.3228729 -2.346495 -1.003521 0.3228729 -2.253945 -1.233625 0.3228729 -2.136702 -1.450213 0.3228729 -1.996047 -1.650913 0.3228729 -1.833524 -1.833524 0.3228729 -1.650913 -1.996047 0.3228729 -1.450213 -2.136702 0.3228729 -1.233625 -2.253945 0.3228729 -1.003521 -2.346495 0.3228729 -0.7624223 -2.413335 0.3228729 -0.5129702 -2.453735 0.3228729 -0.2578979 -2.46725 0.3228729 0 -2.453735 0.3228729 0.2578979 -2.413335 0.3228729 0.5129702 -2.346495 0.3228729 0.7624223 -2.253945 0.3228729 1.003521 -2.136702 0.3228729 1.233625 -1.996047 0.3228729 1.450213 -1.833524 0.3228729 1.650913 -1.650913 0.3228729 1.833524 -1.450213 0.3228729 1.996047 -1.233625 0.3228729 2.136702 -1.003521 0.3228729 2.253945 -0.7624223 0.3228729 2.346495 -0.5129702 0.3228729 2.413335 -0.2578979 0.3228729 2.453735 0 0.3228729 2.46725 0.2578979 0.3228729 2.453735 0.5129702 0.3228729 2.413335 0.7624223 0.3228729 2.346495 1.003521 0.3228729 2.253945 1.233625 0.3228729 2.136702 1.450213 0.3228729 1.996047 1.650913 0.3228729 1.833524 1.833524 0.3228729 1.650913 1.996047 0.3228729 1.450213 2.136702 0.3228729 1.233625 2.253945 0.3228729 1.003521 2.346495 0.3228729 0.7624223 2.413335 0.3228729 0.5129702 2.453735 0.3228729 0.2578979 2.46725 0.2803319 0 2.453735 0.2803319 -0.2578979 2.413335 0.2803319 -0.5129702 2.346495 0.2803319 -0.7624223 2.253945 0.2803319 -1.003521 2.136702 0.2803319 -1.233625 1.996047 0.2803319 -1.450213 1.833524 0.2803319 -1.650913 1.650913 0.2803319 -1.833524 1.450213 0.2803319 -1.996047 1.233625 0.2803319 -2.136702 1.003521 0.2803319 -2.253945 0.7624223 0.2803319 -2.346495 0.5129702 0.2803319 -2.413335 0.2578979 0.2803319 -2.453735 0 0.2803319 -2.46725 -0.2578979 0.2803319 -2.453735 -0.5129702 0.2803319 -2.413335 -0.7624223 0.2803319 -2.346495 -1.003521 0.2803319 -2.253945 -1.233625 0.2803319 -2.136702 -1.450213 0.2803319 -1.996047 -1.650913 0.2803319 -1.833524 -1.833524 0.2803319 -1.650913 -1.996047 0.2803319 -1.450213 -2.136702 0.2803319 -1.233625 -2.253945 0.2803319 -1.003521 -2.346495 0.2803319 -0.7624223 -2.413335 0.2803319 -0.5129702 -2.453735 0.2803319 -0.2578979 -2.46725 0.2803319 0 -2.453735 0.2803319 0.2578979 -2.413335 0.2803319 0.5129702 -2.346495 0.2803319 0.7624223 -2.253945 0.2803319 1.003521 -2.136702 0.2803319 1.233625 -1.996047 0.2803319 1.450213 -1.833524 0.2803319 1.650913 -1.650913 0.2803319 1.833524 -1.450213 0.2803319 1.996047 -1.233625 0.2803319 2.136702 -1.003521 0.2803319 2.253945 -0.7624223 0.2803319 2.346495 -0.5129702 0.2803319 2.413335 -0.2578979 0.2803319 2.453735 0 0.2803319 2.46725 0.2578979 0.2803319 2.453735 0.5129702 0.2803319 2.413335 0.7624223 0.2803319 2.346495 1.003521 0.2803319 2.253945 1.233625 0.2803319 2.136702 1.450213 0.2803319 1.996047 1.650913 0.2803319 1.833524 1.833524 0.2803319 1.650913 1.996047 0.2803319 1.450213 2.136702 0.2803319 1.233625 2.253945 0.2803319 1.003521 2.346495 0.2803319 0.7624223 2.413335 0.2803319 0.5129702 2.453735 0.2803319 0.2578979 2.294393 0.05137407 0.2411504 2.256617 0.05137407 0.4796587 2.194117 0.05137407 0.7129117 2.107578 0.05137407 0.938354 1.997947 0.05137407 1.153515 1.866427 0.05137407 1.356039 1.714458 0.05137407 1.543705 1.543705 0.05137407 1.714458 1.356039 0.05137407 1.866427 1.153515 0.05137407 1.997947 0.938354 0.05137407 2.107578 0.7129117 0.05137407 2.194117 0.4796587 0.05137407 2.256617 0.2411504 0.05137407 2.294393 0 0.05137407 2.307031 -0.2411504 0.05137407 2.294393 -0.4796587 0.05137407 2.256617 -0.7129117 0.05137407 2.194117 -0.938354 0.05137407 2.107578 -1.153515 0.05137407 1.997947 -1.356039 0.05137407 1.866427 -1.543705 0.05137407 1.714458 -1.714458 0.05137407 1.543705 -1.866427 0.05137407 1.356039 -1.997947 0.05137407 1.153515 -2.107578 0.05137407 0.938354 -2.194117 0.05137407 0.7129117 -2.256617 0.05137407 0.4796587 -2.294393 0.05137407 0.2411504 -2.307031 0.05137407 0 -2.294393 0.05137407 -0.2411504 -2.256617 0.05137407 -0.4796587 -2.194117 0.05137407 -0.7129117 -2.107578 0.05137407 -0.938354 -1.997947 0.05137407 -1.153515 -1.866427 0.05137407 -1.356039 -1.714458 0.05137407 -1.543705 -1.543705 0.05137407 -1.714458 -1.356039 0.05137407 -1.866427 -1.153515 0.05137407 -1.997947 -0.938354 0.05137407 -2.107578 -0.7129117 0.05137407 -2.194117 -0.4796587 0.05137407 -2.256617 -0.2411504 0.05137407 -2.294393 0 0.05137407 -2.307031 0.2411504 0.05137407 -2.294393 0.4796587 0.05137407 -2.256617 0.7129117 0.05137407 -2.194117 0.938354 0.05137407 -2.107578 1.153515 0.05137407 -1.997947 1.356039 0.05137407 -1.866427 1.543705 0.05137407 -1.714458 1.714458 0.05137407 -1.543705 1.866427 0.05137407 -1.356039 1.997947 0.05137407 -1.153515 2.107578 0.05137407 -0.938354 2.194117 0.05137407 -0.7129117 2.256617 0.05137407 -0.4796587 2.294393 0.05137407 -0.2411504 2.307031 0.05137407 0 2.274475 -5.57702e-4 0.2390569 2.237027 -5.57702e-4 0.4754948 2.17507 -5.57702e-4 0.7067229 2.089282 -5.57702e-4 0.9302081 1.980603 -5.57702e-4 1.143502 1.850225 -5.57702e-4 1.344267 1.699575 -5.57702e-4 1.530304 1.530304 -5.57702e-4 1.699575 1.344267 -5.57702e-4 1.850225 1.143502 -5.57702e-4 1.980603 0.9302081 -5.57702e-4 2.089282 0.7067229 -5.57702e-4 2.17507 0.4754948 -5.57702e-4 2.237027 0.2390569 -5.57702e-4 2.274475 0 -5.57702e-4 2.287003 -0.2390569 -5.57702e-4 2.274475 -0.4754948 -5.57702e-4 2.237027 -0.7067229 -5.57702e-4 2.17507 -0.9302081 -5.57702e-4 2.089282 -1.143502 -5.57702e-4 1.980603 -1.344267 -5.57702e-4 1.850225 -1.530304 -5.57702e-4 1.699575 -1.699575 -5.57702e-4 1.530304 -1.850225 -5.57702e-4 1.344267 -1.980603 -5.57702e-4 1.143502 -2.089282 -5.57702e-4 0.9302081 -2.17507 -5.57702e-4 0.7067229 -2.237027 -5.57702e-4 0.4754948 -2.274475 -5.57702e-4 0.2390569 -2.287003 -5.57702e-4 0 -2.274475 -5.57702e-4 -0.2390569 -2.237027 -5.57702e-4 -0.4754948 -2.17507 -5.57702e-4 -0.7067229 -2.089282 -5.57702e-4 -0.9302081 -1.980603 -5.57702e-4 -1.143502 -1.850225 -5.57702e-4 -1.344267 -1.699575 -5.57702e-4 -1.530304 -1.530304 -5.57702e-4 -1.699575 -1.344267 -5.57702e-4 -1.850225 -1.143502 -5.57702e-4 -1.980603 -0.9302081 -5.57702e-4 -2.089282 -0.7067229 -5.57702e-4 -2.17507 -0.4754948 -5.57702e-4 -2.237027 -0.2390569 -5.57702e-4 -2.274475 0 -5.57702e-4 -2.287003 0.2390569 -5.57702e-4 -2.274475 0.4754948 -5.57702e-4 -2.237027 0.7067229 -5.57702e-4 -2.17507 0.9302081 -5.57702e-4 -2.089282 1.143502 -5.57702e-4 -1.980603 1.344267 -5.57702e-4 -1.850225 1.530304 -5.57702e-4 -1.699575 1.699575 -5.57702e-4 -1.530304 1.850225 -5.57702e-4 -1.344267 1.980603 -5.57702e-4 -1.143502 2.089282 -5.57702e-4 -0.9302081 2.17507 -5.57702e-4 -0.7067229 2.237027 -5.57702e-4 -0.4754948 2.274475 -5.57702e-4 -0.2390569 2.287003 -5.57702e-4 0 2.244598 -5.57702e-4 0.2359167 2.207642 -5.57702e-4 0.4692488 2.146499 -5.57702e-4 0.6974397 2.061838 -5.57702e-4 0.9179893 1.954587 -5.57702e-4 1.128481 1.825921 -5.57702e-4 1.326609 1.67725 -5.57702e-4 1.510203 1.510203 -5.57702e-4 1.67725 1.326609 -5.57702e-4 1.825921 1.128481 -5.57702e-4 1.954587 0.9179893 -5.57702e-4 2.061838 0.6974397 -5.57702e-4 2.146499 0.4692488 -5.57702e-4 2.207642 0.2359167 -5.57702e-4 2.244598 0 -5.57702e-4 2.256962 -0.2359167 -5.57702e-4 2.244598 -0.4692488 -5.57702e-4 2.207642 -0.6974397 -5.57702e-4 2.146499 -0.9179893 -5.57702e-4 2.061838 -1.128481 -5.57702e-4 1.954587 -1.326609 -5.57702e-4 1.825921 -1.510203 -5.57702e-4 1.67725 -1.67725 -5.57702e-4 1.510203 -1.825921 -5.57702e-4 1.326609 -1.954587 -5.57702e-4 1.128481 -2.061838 -5.57702e-4 0.9179893 -2.146499 -5.57702e-4 0.6974397 -2.207642 -5.57702e-4 0.4692488 -2.244598 -5.57702e-4 0.2359167 -2.256962 -5.57702e-4 0 -2.244598 -5.57702e-4 -0.2359167 -2.207642 -5.57702e-4 -0.4692488 -2.146499 -5.57702e-4 -0.6974397 -2.061838 -5.57702e-4 -0.9179893 -1.954587 -5.57702e-4 -1.128481 -1.825921 -5.57702e-4 -1.326609 -1.67725 -5.57702e-4 -1.510203 -1.510203 -5.57702e-4 -1.67725 -1.326609 -5.57702e-4 -1.825921 -1.128481 -5.57702e-4 -1.954587 -0.9179893 -5.57702e-4 -2.061838 -0.6974397 -5.57702e-4 -2.146499 -0.4692488 -5.57702e-4 -2.207642 -0.2359167 -5.57702e-4 -2.244598 0 -5.57702e-4 -2.256962 0.2359167 -5.57702e-4 -2.244598 0.4692488 -5.57702e-4 -2.207642 0.6974397 -5.57702e-4 -2.146499 0.9179893 -5.57702e-4 -2.061838 1.128481 -5.57702e-4 -1.954587 1.326609 -5.57702e-4 -1.825921 1.510203 -5.57702e-4 -1.67725 1.67725 -5.57702e-4 -1.510203 1.825921 -5.57702e-4 -1.326609 1.954587 -5.57702e-4 -1.128481 2.061838 -5.57702e-4 -0.9179893 2.146499 -5.57702e-4 -0.6974397 2.207642 -5.57702e-4 -0.4692488 2.244598 -5.57702e-4 -0.2359167 2.256962 -5.57702e-4 0 0.9153037 0.0589323 -2.055806 0.6969296 0.05114531 -2.144929 2.15617 0.1016458 0 1.325639 0.05114531 -1.824585 1.127656 0.05114531 -1.953157 1.676023 0.05114531 -1.509098 2.134441 0.1023729 -0.2243388 1.509098 0.05114531 -1.676023 1.953157 0.05114531 -1.127656 1.824585 0.05114531 -1.325639 2.109053 0.1016458 -0.448293 -0.9153037 0.0589323 -2.055806 -1.127656 0.05114531 -1.953157 -0.4689056 0.05114531 -2.206027 2.041156 0.1023729 -0.6632117 -0.6969296 0.05114531 -2.144929 0 0.05114531 -2.255311 -0.2357442 0.05114531 -2.242957 1.960649 0.1023729 -0.8729375 0.4689056 0.05114531 -2.206027 0.2357442 0.05114531 -2.242957 1.858662 0.1023729 -1.073099 -2.206027 0.05114531 -0.4689056 -2.144929 0.05114531 -0.6969296 -2.055806 0.0589323 -0.9153037 -1.953157 0.05114531 -1.127656 -1.824585 0.05114531 -1.325639 1.736311 0.1023729 -1.261504 -1.676023 0.05114531 -1.509098 1.602347 0.1016458 -1.442759 -1.509098 0.05114531 -1.676023 -1.325639 0.05114531 -1.824585 -1.824585 0.05114531 1.325639 -1.953157 0.05114531 1.127656 -2.055806 0.0589323 0.9153037 -2.144929 0.05114531 0.6969296 1.261504 0.1023729 -1.736311 -2.206027 0.05114531 0.4689056 -2.242957 0.05114531 0.2357442 -2.255311 0.05114531 0 -2.242957 0.05114531 -0.2357442 0.448293 0.1016458 -2.109053 0 0.1016458 -2.15617 0.2243388 0.1023729 -2.134441 -0.2243388 0.1023729 -2.134441 -0.448293 0.1016458 -2.109053 2.206027 0.05114531 -0.4689056 -0.8729375 0.1023729 -1.960649 2.242957 0.05114531 -0.2357442 2.055806 0.0589323 -0.9153037 2.144929 0.05114531 -0.6969296 -0.6632117 0.1023729 -2.041156 -1.073099 0.1023729 -1.858662 0.8847781 0.09589904 -1.987244 1.121569 0.06413692 -1.942614 0.6722076 0.09589904 -2.068842 0.9123662 0.06413692 -2.049208 1.278615 0.09589904 -1.759862 1.505784 0.0589323 -1.672343 1.087655 0.09589904 -1.883873 -1.602347 0.1016458 -1.442759 0 0.09589904 -2.175309 0.2344717 0.06413692 -2.230849 -0.2273817 0.09589904 -2.163393 0 0.0589323 -2.25036 -1.261504 0.1023729 -1.736311 0.4522722 0.09589904 -2.127774 0.6953994 0.0589323 -2.140219 0.2273817 0.09589904 -2.163393 0.467876 0.0589323 -2.201184 -0.8847781 0.09589904 -1.987244 -1.087655 0.09589904 -1.883873 -0.9123662 0.06413692 -2.049208 -1.858662 0.1023729 -1.073099 -0.4522722 0.09589904 -2.127774 -0.2344717 0.06413692 -2.230849 -0.6722076 0.09589904 -2.068842 -0.467876 0.0589323 -2.201184 -1.61657 0.09589904 -1.455566 -1.759862 0.09589904 -1.278615 -1.672343 0.0589323 -1.505784 -1.278615 0.09589904 -1.759862 -1.121569 0.06413692 -1.942614 -1.736311 0.1023729 -1.261504 -1.455566 0.09589904 -1.61657 -1.322728 0.0589323 -1.820579 -2.127774 0.09589904 -0.4522722 -2.140219 0.0589323 -0.6953994 -2.068842 0.09589904 -0.6722076 -2.049208 0.06413692 -0.9123662 -1.987244 0.09589904 -0.8847781 -1.942614 0.06413692 -1.121569 -1.883873 0.09589904 -1.087655 -1.820579 0.0589323 -1.322728 -2.127774 0.09589904 0.4522722 -2.230849 0.06413692 0.2344717 -2.163393 0.09589904 0.2273817 -1.960649 0.1023729 -0.8729375 -2.175309 0.09589904 0 -2.230849 0.06413692 -0.2344717 -2.041156 0.1023729 -0.6632117 -2.163393 0.09589904 -0.2273817 -2.201184 0.0589323 -0.467876 -1.759862 0.09589904 1.278615 -1.942614 0.06413692 1.121569 -1.883873 0.09589904 1.087655 -2.049208 0.06413692 0.9123662 -1.987244 0.09589904 0.8847781 -2.134441 0.1023729 0.2243388 -2.068842 0.09589904 0.6722076 -2.201184 0.0589323 0.467876 -1.087655 0.09589904 1.883873 -1.322728 0.0589323 1.820579 -2.134441 0.1023729 -0.2243388 -1.278615 0.09589904 1.759862 -1.455566 0.09589904 1.61657 -1.61657 0.09589904 1.455566 -1.676023 0.05114531 1.509098 -1.509098 0.05114531 1.676023 -1.325639 0.05114531 1.824585 -1.127656 0.05114531 1.953157 -2.041156 0.1023729 0.6632117 -0.9153037 0.0589323 2.055806 -0.6969296 0.05114531 2.144929 -0.4689056 0.05114531 2.206027 -0.2357442 0.05114531 2.242957 0 0.05114531 2.255311 -1.736311 0.1023729 1.261504 0.2357442 0.05114531 2.242957 0.4689056 0.05114531 2.206027 0.6969296 0.05114531 2.144929 0.9153037 0.0589323 2.055806 1.127656 0.05114531 1.953157 -1.858662 0.1023729 1.073099 1.325639 0.05114531 1.824585 -1.960649 0.1023729 0.8729375 1.509098 0.05114531 1.676023 1.824585 0.05114531 1.325639 -1.261504 0.1023729 1.736311 1.676023 0.05114531 1.509098 2.055806 0.0589323 0.9153037 1.953157 0.05114531 1.127656 -1.442759 0.1016458 1.602347 2.206027 0.05114531 0.4689056 2.144929 0.05114531 0.6969296 2.255311 0.05114531 0 -1.602347 0.1016458 1.442759 2.242957 0.05114531 0.2357442 2.127774 0.09589904 -0.4522722 2.230849 0.06413692 -0.2344717 2.163393 0.09589904 -0.2273817 1.987244 0.09589904 -0.8847781 2.140219 0.0589323 -0.6953994 -0.8729375 0.1023729 1.960649 2.068842 0.09589904 -0.6722076 1.759862 0.09589904 -1.278615 1.942614 0.06413692 -1.121569 1.883873 0.09589904 -1.087655 2.049208 0.06413692 -0.9123662 -1.073099 0.1023729 1.858662 1.455566 0.09589904 -1.61657 1.672343 0.0589323 -1.505784 1.61657 0.09589904 -1.455566 0.2243388 0.1023729 2.134441 -0.6632117 0.1023729 2.041156 -0.2243388 0.1023729 2.134441 1.073099 0.1023729 1.858662 1.261504 0.1023729 1.736311 1.442759 0.1016458 1.602347 0.6632117 0.1023729 2.041156 0.8729375 0.1023729 1.960649 1.759862 0.09589904 1.278615 1.61657 0.09589904 1.455566 1.505784 0.0589323 1.672343 1.960649 0.1023729 0.8729375 1.987244 0.09589904 0.8847781 1.942614 0.06413692 1.121569 1.883873 0.09589904 1.087655 1.820579 0.0589323 1.322728 1.087655 0.09589904 1.883873 0.9123662 0.06413692 2.049208 0.8847781 0.09589904 1.987244 0.6953994 0.0589323 2.140219 1.455566 0.09589904 1.61657 1.322728 0.0589323 1.820579 2.041156 0.1023729 0.6632117 1.278615 0.09589904 1.759862 1.121569 0.06413692 1.942614 0.2273817 0.09589904 2.163393 0 0.0589323 2.25036 0 0.09589904 2.175309 -0.2344717 0.06413692 2.230849 0.6722076 0.09589904 2.068842 1.602347 0.1016458 1.442759 0.4522722 0.09589904 2.127774 0.2344717 0.06413692 2.230849 -0.6722076 0.09589904 2.068842 -0.9123662 0.06413692 2.049208 1.858662 0.1023729 1.073099 -0.8847781 0.09589904 1.987244 -1.121569 0.06413692 1.942614 -0.2273817 0.09589904 2.163393 -0.467876 0.0589323 2.201184 -0.4522722 0.09589904 2.127774 1.736311 0.1023729 1.261504 2.134441 0.1023729 0.2243388 2.109053 0.1016458 0.448293 2.068842 0.09589904 0.6722076 2.049208 0.06413692 0.9123662 2.127774 0.09589904 0.4522722 2.163393 0.09589904 0.2273817 2.175309 0.09589904 0 2.230849 0.06413692 0.2344717 0.6632117 0.1023729 -2.041156 0.8729375 0.1023729 -1.960649 1.073099 0.1023729 -1.858662 -2.059968 0.09946477 0.6693241 -2.05064 0.1016458 0.6662933 -1.97872 0.09946477 0.8809827 -1.96976 0.1016458 0.8769935 -1.875792 0.09946477 1.082989 -1.867298 0.1016458 1.078085 -1.752313 0.09946477 1.27313 -1.744378 0.1016458 1.267365 -1.609635 0.09946477 1.449322 -1.449322 0.09946477 1.609635 -1.27313 0.09946477 1.752313 -1.267365 0.1016458 1.744378 -1.082989 0.09946477 1.875792 -1.078085 0.1016458 1.867298 -0.6662933 0.1016458 -2.05064 -0.6693241 0.09946477 -2.059968 -0.4503322 0.09946477 -2.118646 -1.078085 0.1016458 -1.867298 -1.082989 0.09946477 -1.875792 -0.8769935 0.1016458 -1.96976 -0.8809827 0.09946477 -1.97872 -1.442759 0.1016458 -1.602347 -1.449322 0.09946477 -1.609635 -1.267365 0.1016458 -1.744378 -1.27313 0.09946477 -1.752313 -1.744378 0.1016458 -1.267365 -1.752313 0.09946477 -1.27313 -1.609635 0.09946477 -1.449322 -1.96976 0.1016458 -0.8769935 -1.97872 0.09946477 -0.8809827 -1.867298 0.1016458 -1.078085 -1.875792 0.09946477 -1.082989 -2.118646 0.09946477 -0.4503322 -2.109053 0.1016458 -0.448293 -2.059968 0.09946477 -0.6693241 -2.05064 0.1016458 -0.6662933 -2.165978 0.09946477 0 -2.15617 0.1016458 0 -2.144359 0.1016458 -0.2253811 -2.154113 0.09946477 -0.2264063 -2.118646 0.09946477 0.4503322 -2.109053 0.1016458 0.448293 -2.154113 0.09946477 0.2264063 -2.144359 0.1016458 0.2253811 1.948868 0.0589323 -1.12518 1.820579 0.0589323 -1.322728 1.322728 0.0589323 -1.820579 1.12518 0.0589323 -1.948868 -0.2352266 0.0589323 -2.238032 0.2352266 0.0589323 -2.238032 -1.12518 0.0589323 -1.948868 -0.6953994 0.0589323 -2.140219 2.25036 0.0589323 0 2.201184 0.0589323 -0.467876 2.238032 0.0589323 -0.2352266 -0.6953994 0.0589323 2.140219 -1.505784 0.0589323 1.672343 -1.672343 0.0589323 1.505784 -1.12518 0.0589323 1.948868 -2.140219 0.0589323 0.6953994 -1.948868 0.0589323 1.12518 -1.820579 0.0589323 1.322728 -2.238032 0.0589323 -0.2352266 -2.25036 0.0589323 0 -2.238032 0.0589323 0.2352266 -1.948868 0.0589323 -1.12518 -1.505784 0.0589323 -1.672343 1.609635 0.09946477 -1.449322 1.442759 0.1016458 -1.602347 1.449322 0.09946477 -1.609635 1.867298 0.1016458 -1.078085 1.875792 0.09946477 -1.082989 1.744378 0.1016458 -1.267365 1.752313 0.09946477 -1.27313 2.05064 0.1016458 -0.6662933 2.059968 0.09946477 -0.6693241 1.96976 0.1016458 -0.8769935 1.97872 0.09946477 -0.8809827 2.144359 0.1016458 -0.2253811 2.154113 0.09946477 -0.2264063 2.118646 0.09946477 -0.4503322 0 0.09946477 -2.165978 -0.2253811 0.1016458 -2.144359 -0.2264063 0.09946477 -2.154113 0.4503322 0.09946477 -2.118646 0.2253811 0.1016458 -2.144359 0.2264063 0.09946477 -2.154113 0.8809827 0.09946477 -1.97872 0.8769935 0.1016458 -1.96976 0.6693241 0.09946477 -2.059968 0.6662933 0.1016458 -2.05064 1.267365 0.1016458 -1.744378 1.27313 0.09946477 -1.752313 1.078085 0.1016458 -1.867298 1.082989 0.09946477 -1.875792 2.165978 0.09946477 0 -0.2352266 0.0589323 2.238032 0.2352266 0.0589323 2.238032 0.467876 0.0589323 2.201184 1.12518 0.0589323 1.948868 1.672343 0.0589323 1.505784 1.948868 0.0589323 1.12518 2.201184 0.0589323 0.467876 2.140219 0.0589323 0.6953994 2.238032 0.0589323 0.2352266 -0.8769935 0.1016458 1.96976 -0.8809827 0.09946477 1.97872 -0.6662933 0.1016458 2.05064 -0.6693241 0.09946477 2.059968 0 0.1016458 2.15617 0 0.09946477 2.165978 0.2253811 0.1016458 2.144359 0.2264063 0.09946477 2.154113 0.448293 0.1016458 2.109053 0.4503322 0.09946477 2.118646 0.6662933 0.1016458 2.05064 0.6693241 0.09946477 2.059968 -0.448293 0.1016458 2.109053 -0.4503322 0.09946477 2.118646 -0.2253811 0.1016458 2.144359 -0.2264063 0.09946477 2.154113 1.078085 0.1016458 1.867298 1.082989 0.09946477 1.875792 1.267365 0.1016458 1.744378 1.27313 0.09946477 1.752313 1.449322 0.09946477 1.609635 1.609635 0.09946477 1.449322 0.8769935 0.1016458 1.96976 0.8809827 0.09946477 1.97872 1.752313 0.09946477 1.27313 1.744378 0.1016458 1.267365 1.96976 0.1016458 0.8769935 1.97872 0.09946477 0.8809827 2.05064 0.1016458 0.6662933 2.059968 0.09946477 0.6693241 1.875792 0.09946477 1.082989 1.867298 0.1016458 1.078085 2.118646 0.09946477 0.4503322 2.144359 0.1016458 0.2253811 2.154113 0.09946477 0.2264063 1.153515 0.1439558 1.997947 1.356697 0.1497017 1.867333 0.7142958 0.1547733 2.198376 0.2421259 0.1580461 -2.303674 0.9388094 0.1497017 2.1086 1.997947 0.1439558 1.153515 -0.7129117 0.1439558 2.194117 -0.4798915 0.1497017 2.257712 -1.153515 0.1439558 1.997947 -0.9388094 0.1497017 2.1086 2.116103 0.1580461 0.9421498 0.2412674 0.1497017 2.295506 -0.2421259 0.1580461 -2.303674 0.4798915 0.1497017 2.257712 0 0.1580461 -2.316363 -0.2412674 0.1497017 2.295506 0 0.1497017 2.308151 -1.997947 0.1439558 1.153515 -2.1086 0.1497017 0.9388094 -2.195182 0.1497017 0.7132577 -2.257712 0.1497017 0.4798915 -1.356697 0.1497017 1.867333 -1.546702 0.1547733 1.717786 -1.867333 0.1497017 1.356697 0.7157956 0.1580461 -2.202992 -2.195182 0.1497017 -0.7132577 -2.1086 0.1497017 -0.9388094 -1.997947 0.1439558 -1.153515 1.358671 0.1547733 1.870051 0.9421498 0.1580461 -2.116103 -1.867333 0.1497017 -1.356697 -2.295506 0.1497017 0.2412674 -2.308151 0.1497017 0 1.158182 0.1580461 -2.006029 -2.295506 0.1497017 -0.2412674 -2.257712 0.1497017 -0.4798915 1.155755 0.1547733 2.001826 0.9401757 0.1547733 2.111669 0.4805899 0.1547733 2.260998 0.7157956 0.1580461 2.202992 0.2416185 0.1547733 2.298847 0 0.1547733 2.31151 -0.4805899 0.1547733 2.260998 -0.2416185 0.1547733 2.298847 -0.7142958 0.1547733 2.198376 2.111669 0.1547733 0.9401757 -0.9401757 0.1547733 2.111669 2.303674 0.1580461 -0.2421259 -1.358671 0.1547733 1.870051 -1.155755 0.1547733 2.001826 -2.111669 0.1547733 0.9401757 -1.870051 0.1547733 1.358671 -2.001826 0.1547733 1.155755 -2.260998 0.1547733 0.4805899 -2.298847 0.1547733 0.2416185 -2.198376 0.1547733 0.7142958 -2.298847 0.1547733 -0.2416185 -2.31151 0.1547733 0 -2.111669 0.1547733 -0.9401757 -2.198376 0.1547733 -0.7142958 0.9401757 0.1547733 -2.111669 -2.260998 0.1547733 -0.4805899 -1.153515 0.1439558 -1.997947 -1.870051 0.1547733 -1.358671 -1.546702 0.1547733 -1.717786 -2.001826 0.1547733 -1.155755 -0.7129117 0.1439558 -2.194117 2.198376 0.1547733 -0.7142958 1.997947 0.1439558 -1.153515 -0.2416185 0.1547733 -2.298847 0 0.1547733 -2.31151 0.2416185 0.1547733 -2.298847 0.7142958 0.1547733 -2.198376 1.153515 0.1439558 -1.997947 2.260998 0.1547733 -0.4805899 2.202992 0.1580461 -0.7157956 2.298847 0.1547733 -0.2416185 2.265745 0.1580461 -0.481599 2.298847 0.1547733 0.2416185 2.260998 0.1547733 0.4805899 1.717786 0.1547733 -1.546702 2.198376 0.1547733 0.7142958 1.546702 0.1547733 -1.717786 1.358671 0.1547733 -1.870051 2.001826 0.1547733 1.155755 -1.717786 0.1547733 1.546702 1.870051 0.1547733 1.358671 1.717786 0.1547733 1.546702 1.546702 0.1547733 1.717786 1.870051 0.1547733 -1.358671 2.31151 0.1547733 0 -0.4805899 0.1547733 -2.260998 0.4805899 0.1547733 -2.260998 1.154075 0.1497017 -1.998917 -1.358671 0.1547733 -1.870051 -1.717786 0.1547733 -1.546702 -1.155755 0.1547733 -2.001826 -0.9401757 0.1547733 -2.111669 -0.7142958 0.1547733 -2.198376 2.111669 0.1547733 -0.9401757 2.001826 0.1547733 -1.155755 2.389974 0.1948171 0.2511964 2.350625 0.1948171 0.4996407 0.4996407 0.1948171 -2.350625 0.7426108 0.1948171 -2.285521 -0.2511964 0.1948171 -2.389974 0 0.2059494 -2.419274 0.2511964 0.1948171 -2.389974 1.608014 0.1948171 -1.78588 1.78588 0.1948171 -1.608014 1.94418 0.1948171 -1.41253 0.9774447 0.1948171 -2.195377 1.201569 0.1948171 -2.081179 1.41253 0.1948171 -1.94418 2.350625 0.1948171 -0.4996407 2.285521 0.1948171 -0.7426108 0.7426108 0.1948171 2.285521 2.389974 0.1948171 -0.2511964 0.2511964 0.1948171 2.389974 0.4996407 0.1948171 2.350625 0.7494605 0.2136762 -2.306602 2.081179 0.1948171 -1.201569 -0.7494605 0.2136762 -2.306602 2.195377 0.1948171 -0.9774447 -0.2511964 0.1948171 2.389974 2.419274 0.2059494 0 -1.608014 0.1948171 1.78588 2.306602 0.2136762 -0.7494605 -1.41253 0.1948171 1.94418 -0.5014272 0.1995321 2.35903 -1.94418 0.1948171 1.41253 -1.41758 0.1995321 1.951132 -1.613764 0.1995321 1.792266 -1.78588 0.1948171 1.608014 1.205866 0.1995321 2.088621 -2.285521 0.1948171 0.7426108 0.7494605 0.2136762 2.306602 -2.081179 0.1948171 1.201569 0 0.2059494 2.419274 -2.195377 0.1948171 0.9774447 -2.293693 0.1995321 -0.7452661 -2.389974 0.1948171 0.2511964 -2.088621 0.1995321 -1.205866 -1.792266 0.1995321 -1.613764 -2.350625 0.1948171 0.4996407 -2.350625 0.1948171 -0.4996407 -2.088621 0.1995321 1.205866 -1.951132 0.1995321 1.41758 -2.203227 0.1995321 0.9809398 -2.39852 0.1995321 0.2520946 -2.35903 0.1995321 0.5014272 -2.419274 0.2059494 0 -2.389974 0.1948171 -0.2511964 -2.081179 0.1948171 -1.201569 -2.195377 0.1948171 -0.9774447 -2.285521 0.1948171 -0.7426108 -1.608014 0.1948171 -1.78588 -1.78588 0.1948171 -1.608014 -1.94418 0.1948171 -1.41253 -1.201569 0.1948171 -2.081179 -1.41253 0.1948171 -1.94418 -0.4996407 0.1948171 -2.350625 -0.7426108 0.1948171 -2.285521 -0.9774447 0.1948171 -2.195377 -0.9809398 0.1995321 2.203227 -1.201569 0.1948171 2.081179 -0.7494605 0.2136762 2.306602 -0.9774447 0.1948171 2.195377 -0.7426108 0.1948171 2.285521 -0.2520946 0.1995321 2.39852 -0.4996407 0.1948171 2.350625 0.2520946 0.1995321 2.39852 0.5014272 0.1995321 2.35903 0.9774447 0.1948171 2.195377 1.201569 0.1948171 2.081179 1.613764 0.1995321 1.792266 1.41253 0.1948171 1.94418 1.608014 0.1948171 1.78588 1.78588 0.1948171 1.608014 1.94418 0.1948171 1.41253 2.081179 0.1948171 1.201569 2.306602 0.2136762 0.7494605 2.195377 0.1948171 0.9774447 2.285521 0.1948171 0.7426108 -1.209637 0.2059494 2.095153 -1.797871 0.2059494 1.618811 0.9809398 0.1995321 2.203227 0.7475969 0.2059494 2.300867 -0.7452661 0.1995321 2.293693 -1.205866 0.1995321 -2.088621 -0.7452661 0.1995321 -2.293693 -0.9809398 0.1995321 -2.203227 -2.293693 0.1995321 0.7452661 -2.203227 0.1995321 -0.9809398 2.300867 0.2059494 -0.7475969 2.35903 0.1995321 -0.5014272 2.088621 0.1995321 -1.205866 2.203227 0.1995321 -0.9809398 1.797871 0.2059494 -1.618811 1.957234 0.2059494 -1.422014 1.422014 0.2059494 -1.957234 1.613764 0.1995321 -1.792266 0.9840075 0.2059494 -2.210117 1.205866 0.1995321 -2.088621 0.5014272 0.1995321 -2.35903 0.7475969 0.2059494 -2.300867 0.2520946 0.1995321 -2.39852 -0.5014272 0.1995321 -2.35903 -0.252883 0.2059494 -2.406021 2.406021 0.2059494 0.252883 2.366407 0.2059494 0.5029954 2.406021 0.2059494 -0.252883 -2.35903 0.1995321 -0.5014272 -1.951132 0.1995321 -1.41758 -1.613764 0.1995321 -1.792266 -1.41758 0.1995321 -1.951132 -2.406021 0.2059494 -0.252883 1.951132 0.1995321 1.41758 1.792266 0.1995321 1.613764 1.41758 0.1995321 1.951132 2.088621 0.1995321 1.205866 2.203227 0.1995321 0.9809398 2.293693 0.1995321 0.7452661 0.8485139 0.1023729 0 0.8650006 0.1023729 -0.0909152 0.8825313 0.1023729 -0.1875878 0.9016396 0.1023729 -0.2929605 0.9230384 0.1023729 -0.4109631 0.9477396 0.1023729 -0.5471777 0.9772712 0.1023729 -0.7100291 1.014095 0.1023729 -0.9130957 -0.7680964 0.1023729 0.4434607 -0.8532301 0.1023729 -1.477838 0.1924616 0.1023729 -1.83115 1.015553 0.1023729 -1.127885 -0.9564357 0.1023729 -1.316421 -0.6457038 0.1023729 1.118392 -0.1924616 0.1023729 -1.83115 0.9564357 0.1023729 -1.316421 -1.014095 0.1023729 -0.9130957 0.7680964 0.1023729 0.4434607 -0.3798046 0.1023729 -1.78684 0.8532301 0.1023729 -1.477838 -0.9477396 0.1023729 -0.5471777 -0.9230384 0.1023729 -0.4109631 0.7169678 0.1023729 -1.610336 -0.8825313 0.1023729 -0.1875878 -0.8650006 0.1023729 -0.0909152 -0.5566927 0.1023729 -1.713324 0.5566927 0.1023729 -1.713324 -0.832644 0.1023729 0.0875144 -0.8170217 0.1023729 0.1736633 -0.7169678 0.1023729 -1.610336 0.3798046 0.1023729 -1.78684 -0.7851244 0.1023729 0.3495599 -1.015553 0.1023729 -1.127885 -0.729415 0.1023729 0.6567683 -0.749735 0.1023729 0.5447143 -0.7062713 0.1023729 0.7843937 0.7062713 0.1023729 0.7843937 -0.6790316 0.1023729 0.9346067 -0.6029382 0.1023729 1.354221 -0.8013004 0.1023729 0.2603583 0.749735 0.1023729 0.5447143 0.2000592 0.1023729 1.903437 -0.9772712 0.1023729 -0.7100291 0.8013004 0.1023729 0.2603583 0.8170217 0.1023729 0.1736633 -0.5462995 0.1023729 1.681337 0.729415 0.1023729 0.6567683 -0.9016396 0.1023729 -0.2929605 -0.3933836 0.1023729 1.866353 0.6029382 0.1023729 1.354221 0.6457038 0.1023729 1.118392 -0.8485139 0.1023729 0 0.5462995 0.1023729 1.681337 -0.2000592 0.1023729 1.903437 0.7851244 0.1023729 0.3495599 0.6790316 0.1023729 0.9346067 0.832644 0.1023729 0.0875144 0.5122405 0.1023729 -1.736464 0.6021749 0.1023729 -1.689647 -0.2130016 0.1023729 -1.828542 0.416694 0.1023729 -1.775489 0.316582 0.1023729 -1.806294 1.018869 0.1023729 -1.111102 1.024481 0.1023729 -1.02526 0.1070874 0.1023729 -1.841989 -0.8288226 0.1023729 -1.507966 0.8288226 0.1023729 -1.507966 -0.316582 0.1023729 -1.806294 -0.7613378 0.1023729 -1.574769 -0.5122405 0.1023729 -1.736464 -0.416694 0.1023729 -1.775489 -0.8872267 0.1023729 -1.435874 -0.6021749 0.1023729 -1.689647 -0.3455605 0.1023729 1.878822 -0.2391215 0.1023729 1.898609 -0.4368968 0.1023729 1.852343 -0.1816719 0.1023729 1.905709 -0.1222318 0.1023729 1.910837 -1.024481 0.1023729 -1.02526 -1.018869 0.1023729 -1.111102 -0.5381748 0.1023729 1.724759 -0.4756232 0.1023729 1.836944 0.3933836 0.1023729 1.866353 0.4756232 0.1023729 1.836944 0.5136244 0.1023729 1.792711 0.5845127 0.1023729 1.455829 -0.0614525 0.1023729 1.913937 0.1222318 0.1023729 1.910837 0.1816719 0.1023729 1.905709 0.3455605 0.1023729 1.878822 2.424005 0.1801705 -0.2547731 2.437356 0.1801705 0 2.384094 0.1801705 -0.5067549 2.424005 0.1801705 0.2547731 2.318064 0.1801705 -0.7531846 2.384094 0.1801705 0.5067549 2.226636 0.1801705 -0.9913622 2.318064 0.1801705 0.7531846 2.110813 0.1801705 -1.218678 2.226636 0.1801705 0.9913622 1.971863 0.1801705 -1.432642 2.110813 0.1801705 1.218678 1.811309 0.1801705 -1.63091 1.971863 0.1801705 1.432642 1.63091 0.1801705 -1.811309 1.811309 0.1801705 1.63091 1.432642 0.1801705 -1.971863 1.63091 0.1801705 1.811309 1.218678 0.1801705 -2.110813 1.432642 0.1801705 1.971863 0.9913622 0.1801705 -2.226636 1.218678 0.1801705 2.110813 0.7531846 0.1801705 -2.318064 0.9913622 0.1801705 2.226636 0.5067549 0.1801705 -2.384094 0.7531846 0.1801705 2.318064 0.2547731 0.1801705 -2.424005 0.5067549 0.1801705 2.384094 0 0.1801705 -2.437356 0.2547731 0.1801705 2.424005 -0.2547731 0.1801705 -2.424005 0 0.1801705 2.437356 -0.5067549 0.1801705 -2.384094 -0.2547731 0.1801705 2.424005 -0.7531846 0.1801705 -2.318064 -0.5067549 0.1801705 2.384094 -0.9913622 0.1801705 -2.226636 -0.7531846 0.1801705 2.318064 -1.218678 0.1801705 -2.110813 -0.9913622 0.1801705 2.226636 -1.432642 0.1801705 -1.971863 -1.218678 0.1801705 2.110813 -1.63091 0.1801705 -1.811309 -1.432642 0.1801705 1.971863 -1.811309 0.1801705 -1.63091 -1.63091 0.1801705 1.811309 -1.971863 0.1801705 -1.432642 -1.811309 0.1801705 1.63091 -2.110813 0.1801705 -1.218678 -1.971863 0.1801705 1.432642 -2.226636 0.1801705 -0.9913622 -2.110813 0.1801705 1.218678 -2.318064 0.1801705 -0.7531846 -2.226636 0.1801705 0.9913622 -2.384094 0.1801705 -0.5067549 -2.318064 0.1801705 0.7531846 -2.424005 0.1801705 -0.2547731 -2.384094 0.1801705 0.5067549 -2.437356 0.1801705 0 -2.424005 0.1801705 0.2547731 0 -0.2312604 -0.9465487 0.7822116 -0.25623 -0.9699994 0.7779265 -0.3032645 -1.014173 0.7651184 -0.3497837 -1.057862 0.7439274 -0.3952779 -1.100589 0.7145859 -0.4392487 -1.141885 0.6774151 -0.4812142 -1.181298 0.6328225 -0.5207149 -1.218395 0.5812965 -0.5573177 -1.252771 0.5234017 -0.5906218 -1.28405 0.4597724 -0.6202622 -1.311887 0.3911058 -0.6459142 -1.335979 0.3181541 -0.6672967 -1.35606 0.2417166 -0.6841755 -1.371912 0.1626309 -0.6963657 -1.383361 0.08176332 -0.7037336 -1.390281 0 -0.7061985 -1.392596 -0.08176332 -0.7037336 -1.390281 -0.1626309 -0.6963657 -1.383361 -0.2417166 -0.6841755 -1.371912 -0.3181541 -0.6672967 -1.35606 -0.3911058 -0.6459142 -1.335979 -0.4597724 -0.6202622 -1.311887 -0.5234017 -0.5906218 -1.28405 -0.5812965 -0.5573177 -1.252771 -0.6328225 -0.5207149 -1.218395 -0.6774151 -0.4812142 -1.181298 -0.7145859 -0.4392487 -1.141885 -0.7439274 -0.3952779 -1.100589 -0.7651184 -0.3497837 -1.057862 -0.7779265 -0.3032645 -1.014173 -0.7822116 -0.25623 -0.9699994 -0.7779265 -0.2091954 -0.925826 -0.7651184 5.8732e-4 -0.7288045 -0.7439274 0.01077669 -0.719235 -0.7145859 0.02062487 -0.7099859 -0.6774151 0.03002399 -0.7011585 -0.6328225 0.03887099 -0.6928496 -0.5812965 0.04706895 -0.6851504 -0.5234017 0.05452811 -0.6781449 -0.4597724 0.06116676 -0.6719102 -0.3911058 0.06691205 -0.6665143 -0.3181541 0.0717011 -0.6620166 -0.2417166 0.07548147 -0.6584662 -0.1626309 0.07821172 -0.655902 0 0.08041405 -0.6538338 0.08176332 0.07986193 -0.6543523 0.2417166 0.07548147 -0.6584662 0.3181541 0.0717011 -0.6620166 0.3911058 0.06691205 -0.6665143 0.4597724 0.06116676 -0.6719102 0.5234017 0.05452811 -0.6781449 0.5812965 0.04706895 -0.6851504 0.6328225 0.03887099 -0.6928496 0.6774151 0.03002399 -0.7011585 0.7145859 0.02062487 -0.7099859 0.7439274 0.01077669 -0.719235 0.7651184 5.8732e-4 -0.7288045 0.7779265 -0.2091954 -0.925826 0 -0.2244145 -0.953838 0.7822116 -0.2493841 -0.9772887 0.7779265 -0.2964186 -1.021462 0.7651184 -0.3429378 -1.065151 0.7439274 -0.388432 -1.107878 0.7145859 -0.4324028 -1.149174 0.6774151 -0.4743683 -1.188587 0.6328225 -0.513869 -1.225685 0.5812965 -0.5504719 -1.260061 0.5234017 -0.5837759 -1.291339 0.4597724 -0.6134163 -1.319176 0.3911058 -0.6390683 -1.343268 0.3181541 -0.6604508 -1.36335 0.2417166 -0.6773296 -1.379202 0.1626309 -0.6895198 -1.39065 0.08176332 -0.6968877 -1.39757 0 -0.6993526 -1.399885 -0.08176332 -0.6968877 -1.39757 -0.1626309 -0.6895198 -1.39065 -0.2417166 -0.6773296 -1.379202 -0.3181541 -0.6604508 -1.36335 -0.3911058 -0.6390683 -1.343268 -0.4597724 -0.6134163 -1.319176 -0.5234017 -0.5837759 -1.291339 -0.5812965 -0.5504719 -1.260061 -0.6328225 -0.513869 -1.225685 -0.6774151 -0.4743683 -1.188587 -0.7145859 -0.4324028 -1.149174 -0.7439274 -0.388432 -1.107878 -0.7651184 -0.3429378 -1.065151 -0.7779265 -0.2964186 -1.021462 -0.7822116 -0.2493841 -0.9772887 -0.7779265 -0.2023496 -0.9331153 -0.7651184 0.007433176 -0.7360938 -0.7439274 0.01762259 -0.7265242 -0.7145859 0.02747076 -0.7172752 -0.6774151 0.03686988 -0.7084478 -0.6328225 0.04571688 -0.700139 -0.5812965 0.05391484 -0.6924397 -0.5234017 0.061374 -0.6854342 -0.4597724 0.06801265 -0.6791995 -0.3911058 0.07375794 -0.6738037 -0.1626309 0.08505761 -0.6631914 0 0.08725988 -0.661123 0.08176332 0.08670783 -0.6616415 0.3911058 0.07375794 -0.6738037 0.4597724 0.06801265 -0.6791995 0.5234017 0.061374 -0.6854342 0.5812965 0.05391484 -0.6924397 0.6328225 0.04571688 -0.700139 0.6774151 0.03686988 -0.7084478 0.7145859 0.02747076 -0.7172752 0.7439274 0.01762259 -0.7265242 0.7651184 0.007433176 -0.7360938 0.7779265 -0.2023496 -0.9331153 0 0.1314482 -0.6125985 0 0.06561261 -0.6125985 0.101406 0.07379776 -0.6125985 0.1008386 0.06979078 -0.6232738 0.09919011 0.06729876 -0.633682 -0.1008386 0.06979078 -0.6232738 -0.101406 0.07195299 -0.6125985 -0.1008505 0.07418078 -0.6019987 -0.09919011 0.06561261 -0.591515 -0.09644287 0.06561261 -0.5812623 -0.09263902 0.06561261 -0.571353 -0.08782023 0.06561261 -0.5618955 -0.08203923 0.06561261 -0.5529935 -0.0753594 0.06561261 -0.5447446 -0.06785386 0.06561261 -0.5372391 -0.05960494 0.06561261 -0.5305593 -0.05070298 0.06561261 -0.5247783 -0.04124552 0.06561261 -0.5199595 -0.03133618 0.06561261 -0.5161556 -0.02108347 0.06561261 -0.5134084 -0.01059979 0.06561261 -0.511748 0 0.06561261 -0.5111925 0.01059979 0.06561261 -0.511748 0.02108347 0.06561261 -0.5134084 0.03133618 0.06561261 -0.5161556 0.04124552 0.06561261 -0.5199595 0.05070298 0.06561261 -0.5247783 0.05960494 0.06561261 -0.5305593 0.06785386 0.06561261 -0.5372391 0.0753594 0.06561261 -0.5447446 0.08203923 0.06561261 -0.5529935 0.08782023 0.06561261 -0.5618955 0.09263902 0.06561261 -0.571353 0.09644287 0.06561261 -0.5812623 0.09919011 0.06561261 -0.591515 0.1008505 0.06561261 -0.6019987 -0.02108347 0.1112657 -0.7117886 0.07942146 0.1314482 -0.6294801 -0.03133618 0.1112657 -0.7090414 -0.04124552 0.1112657 -0.7052376 0.07722175 0.1314482 -0.6376894 -0.05070298 0.1112657 -0.7004187 -0.05960494 0.1112657 -0.6946377 -0.06785386 0.1112657 -0.6879579 0.06568878 0.1314482 -0.6603242 -0.0753594 0.1112657 -0.6804524 -0.08203923 0.1112657 -0.6722035 0.05433058 0.1314482 -0.6729388 0.05070298 0.1112657 -0.7004187 0.05960494 0.1112657 -0.6946377 0.04059785 0.1314482 -0.6829161 0.03133618 0.1112657 -0.7090414 0.04124552 0.1112657 -0.7052376 0.02509087 0.1314482 -0.6898203 0.01059979 0.1112657 -0.7134491 0.02108347 0.1112657 -0.7117886 0.008487224 0.1314482 -0.6933495 -0.01059979 0.1112657 -0.7134491 0 0.1112657 -0.7140046 -0.008487224 0.1314482 -0.6933495 -0.02509087 0.1314482 -0.6898203 -0.04059785 0.1314482 -0.6829161 -0.05433058 0.1314482 -0.6729388 -0.09263902 0.1112657 -0.6538441 -0.06568878 0.1314482 -0.6603242 -0.08782023 0.1112657 -0.6633015 -0.07722175 0.1314482 -0.6376894 -0.09919011 0.1112657 -0.633682 -0.07417601 0.1314482 -0.6456238 -0.09644287 0.1112657 -0.6439347 -0.07942146 0.1314482 -0.6294801 -0.101406 0.1112657 -0.6125985 -0.1008505 0.1112657 -0.6231983 -0.08119577 0.1314482 -0.6125985 -0.07031762 0.1314482 -0.5720006 -0.07722175 0.1314482 -0.5875076 -0.04772567 0.1314482 -0.5469097 -0.06034022 0.1314482 -0.5582679 -0.03302526 0.1314482 -0.5384225 0.07942146 0.1314482 -0.595717 0.06785386 0.1112657 -0.6879579 0.0753594 0.1112657 -0.6804524 0.08203923 0.1112657 -0.6722035 0.08782023 0.1112657 -0.6633015 0.09263902 0.1112657 -0.6538441 0.09644287 0.1112657 -0.6439347 0.09919011 0.1112657 -0.633682 0.1008505 0.1112657 -0.6231983 -0.01688152 0.1314482 -0.533177 0 0.1314482 -0.5314027 0.01688152 0.1314482 -0.533177 0.02509087 0.1314482 -0.5353767 0.04059785 0.1314482 -0.5422809 0.05433058 0.1314482 -0.5522583 0.06568878 0.1314482 -0.5648728 0.07031762 0.1314482 -0.5720006 0.07722175 0.1314482 -0.5875076 0.09919011 0.1097921 -0.591515 0.1008505 0.1070832 -0.6019987 0.09058052 0.1288701 -0.6221189 0.09882438 0.1211358 -0.6125985 0.09828305 0.1211358 -0.6229285 0.0866217 0.1288701 -0.6407436 0.09666484 0.1211358 -0.6331453 0.09398758 0.1211358 -0.6431369 0.08320522 0.1288701 -0.6496438 0.09028059 0.1211358 -0.652794 0.07887709 0.1288701 -0.6581382 0.08558446 0.1211358 -0.6620107 0.07995063 0.1211358 -0.6706861 0.06768518 0.1288701 -0.6735426 0.07344084 0.1211358 -0.678725 0.06094402 0.1288701 -0.6802837 0.0661264 0.1211358 -0.6860394 0.05808752 0.1211358 -0.6925491 0.04941219 0.1211358 -0.698183 0.04553973 0.1288701 -0.6914756 0.03704535 0.1288701 -0.6958038 0.04019546 0.1211358 -0.7028791 0.03053838 0.1211358 -0.7065861 0.01893645 0.1288701 -0.7016876 0.02054673 0.1211358 -0.7092634 0.01032996 0.1211358 -0.7108815 -0.01032996 0.1211358 -0.7108815 0 0.1288701 -0.703678 0 0.1211358 -0.7114229 -0.03053838 0.1211358 -0.7065861 -0.02054673 0.1211358 -0.7092634 -0.01893645 0.1288701 -0.7016876 -0.04941219 0.1211358 -0.698183 -0.04019546 0.1211358 -0.7028791 -0.03704535 0.1288701 -0.6958038 -0.0661264 0.1211358 -0.6860394 -0.06094402 0.1288701 -0.6802837 -0.05808752 0.1211358 -0.6925491 -0.05353516 0.1288701 -0.6862834 -0.07995063 0.1211358 -0.6706861 -0.06768518 0.1288701 -0.6735426 -0.07344084 0.1211358 -0.678725 -0.07887709 0.1288701 -0.6581382 -0.09028059 0.1211358 -0.652794 -0.08558446 0.1211358 -0.6620107 -0.09666484 0.1211358 -0.6331453 -0.0866217 0.1288701 -0.6407436 -0.09398758 0.1211358 -0.6431369 -0.09882438 0.1211358 -0.6125985 -0.09058052 0.1288701 -0.6221189 -0.09828305 0.1211358 -0.6229285 -0.09398758 0.1211358 -0.5820601 -0.08908915 0.1288701 -0.593662 -0.09028059 0.1211358 -0.572403 -0.07887709 0.1288701 -0.5670588 -0.09058052 0.1288701 -0.6030781 -0.09828305 0.1211358 -0.6022685 -0.09666484 0.1211358 -0.5920518 -0.07344084 0.1211358 -0.5464721 -0.07368481 0.1288701 -0.5590633 -0.0661264 0.1211358 -0.5391576 -0.05353516 0.1288701 -0.5389137 -0.08558446 0.1211358 -0.5631863 -0.02814507 0.1288701 -0.5259768 -0.05846571 0.1186756 -0.5321273 0.09828305 0.1211358 -0.6022685 0.03704535 0.1288701 -0.5293933 0.04952794 0.1202505 -0.5268135 0.04553973 0.1288701 -0.5337214 0.06094402 0.1288701 -0.5449133 0.07344084 0.1211358 -0.5464721 0.06768518 0.1288701 -0.5516545 0.07887709 0.1288701 -0.5670588 0.09028059 0.1211358 -0.572403 0.0866217 0.1288701 -0.5844534 0.09666484 0.1211358 -0.5920518 0.08908915 0.1288701 -0.593662 0.07478892 0.06561261 -0.6368989 0.05431407 0.06561261 -0.6367807 0.008463799 0.06561261 -0.6386475 0.01059979 0.07654106 -0.7134491 0 0.07653713 -0.7140046 0.09263902 0.09101253 -0.6538441 0.08203923 0.08632522 -0.6722035 0.0753594 0.08424401 -0.6804524 0.06785386 0.08231264 -0.6879579 0.05070298 0.07955276 -0.7004187 0.101406 0.1037232 -0.6125985 0.1008505 0.09974902 -0.6231983 -0.09644287 0.09348416 -0.6439347 -0.101406 0.1003597 -0.6125985 -0.1008505 0.09821224 -0.6231983 0.09644287 0.09348416 -0.6439347 -0.04124552 0.07865327 -0.7052376 -0.04124552 0.09345281 -0.5199595 -0.09263902 0.08109909 -0.571353 -0.09919011 0.1048712 -0.591515 -0.05960494 0.0902915 -0.5305593 -0.09919011 0.09598875 -0.633682 -0.09919011 0.07646441 -0.591515 0.01059979 0.09577631 -0.511748 -0.08203923 0.08529186 -0.5529935 -0.09644287 0.07877898 -0.5812623 -0.09644287 0.1071857 -0.5812623 0.05846571 0.1186756 -0.5321273 0.09263902 0.08321964 -0.571353 0.03133618 0.09447687 -0.5161556 0.04124552 0.09345281 -0.5199595 0.06785386 0.08844286 -0.5372391 0.02016198 0.1229839 -0.5177438 0.08148926 0.1138646 -0.5533931 0.09632456 0.1117414 -0.5813007 -0.08148926 0.1138646 -0.5533931 0.0301547 0.1223758 -0.5197919 0.04002135 0.1215633 -0.522709 -0.01009422 0.1233878 -0.5165581 -0.05431407 0.06561261 -0.6367807 -0.03133618 0.09447687 -0.5161556 0.08782023 0.08382719 -0.5618955 0 0.3578047 -0.03350216 0.5681862 0.357234 -0.0348742 0.5576058 0.3204062 -0.1234152 0.5442599 0.2840872 -0.2107331 0.5282945 0.2486749 -0.2958709 0.5098846 0.2145574 -0.377896 0.4207397 0.102784 -0.6466205 0.3930433 0.08680129 -0.6850461 0.3610408 0.07199102 -0.7206528 0.3250826 0.05851554 -0.7530505 0.2855627 0.04652243 -0.7818842 0.2429141 0.03614312 -0.8068381 0.1976041 0.02749127 -0.8276387 0.1501291 0.02066177 -0.8440581 0.1010094 0.01572942 -0.8559165 0.05078285 0.01274818 -0.8630839 0 0.01175081 -0.8654818 -0.05078285 0.01274818 -0.8630839 -0.1010094 0.01572942 -0.8559165 -0.1501291 0.02066177 -0.8440581 -0.1976041 0.02749127 -0.8276387 -0.2429141 0.03614312 -0.8068381 -0.2855627 0.04652243 -0.7818842 -0.3250826 0.05851554 -0.7530505 -0.3610408 0.07199102 -0.7206528 -0.3930433 0.08680129 -0.6850461 -0.4207397 0.102784 -0.6466205 -0.5111338 0.2141851 -0.3787912 -0.5242411 0.2485405 -0.2961941 -0.5357943 0.2841435 -0.2105976 -0.5456669 0.3206041 -0.1229395 -0.5537508 0.3575227 -0.03418016 -0.5599572 0.3944948 0.05470782 -0.5642182 0.4311154 0.1427508 -0.5664871 0.4669833 0.2289839 -0.5667392 0.5017054 0.3124626 -0.5649716 0.5349014 0.3922721 -0.5470632 0.5736294 0.4853817 -0.5098751 0.6037322 0.5577548 -0.4471542 0.6291165 0.6187833 -0.3927942 0.6421755 0.6501798 -0.3341307 0.6534773 0.6773514 -0.2718064 0.6628981 0.7000008 -0.2065041 0.6703346 0.7178795 -0.1389393 0.6757053 0.7307918 -0.06985229 0.6789515 0.7385963 0 0.6800376 0.7412073 0.06985229 0.6789515 0.7385963 0.1389393 0.6757053 0.7307918 0.2065041 0.6703346 0.7178795 0.2718064 0.6628981 0.7000008 0.3341307 0.6534773 0.6773514 0.3927942 0.6421755 0.6501798 0.4471542 0.6291165 0.6187833 0.5098751 0.6037322 0.5577548 0.5470632 0.5736294 0.4853817 0.5766687 0.5349354 0.3923539 0.581012 0.5015727 0.3121438 0.5823333 0.466734 0.2283848 0.580618 0.4308009 0.1419947 0.5758851 0.3941671 0.05392009 0 0.3839656 -0.04438352 0.5681862 0.383395 -0.04575556 0.5576058 0.3465672 -0.1342967 0.5442599 0.3102482 -0.2216144 0.5282945 0.274836 -0.3067523 0.5098846 0.2407184 -0.3887774 0.4207397 0.128945 -0.6575019 0.3930433 0.1129623 -0.6959275 0.3610408 0.09815204 -0.7315342 0.3250826 0.0846765 -0.7639319 0.2855627 0.07268339 -0.7927656 0.2429141 0.06230407 -0.8177195 0.1976041 0.05365228 -0.8385201 0.1501291 0.04682278 -0.8549395 0.1010094 0.04189038 -0.8667979 0.05078285 0.03890919 -0.8739653 0 0.03791177 -0.8763632 -0.05078285 0.03890919 -0.8739653 -0.1010094 0.04189038 -0.8667979 -0.1501291 0.04682278 -0.8549395 -0.1976041 0.05365228 -0.8385201 -0.2429141 0.06230407 -0.8177195 -0.2855627 0.07268339 -0.7927656 -0.3250826 0.0846765 -0.7639319 -0.3610408 0.09815204 -0.7315342 -0.3930433 0.1129623 -0.6959275 -0.4207397 0.128945 -0.6575019 -0.5111338 0.240346 -0.3896726 -0.5242411 0.2747015 -0.3070755 -0.5357943 0.3103045 -0.221479 -0.5456669 0.3467651 -0.1338209 -0.5537508 0.3836836 -0.04506158 -0.5599572 0.4206557 0.04382646 -0.5642182 0.4572764 0.1318694 -0.5664871 0.4931442 0.2181026 -0.5667392 0.5278664 0.3015812 -0.5649716 0.5610623 0.3813908 -0.5470632 0.5997904 0.4745004 -0.5098751 0.6298933 0.5468733 -0.4471542 0.6552775 0.6079019 -0.3927942 0.6683365 0.6392983 -0.3341307 0.6796383 0.6664701 -0.2718064 0.6890591 0.6891193 -0.2065041 0.6964956 0.7069981 -0.1389393 0.7018663 0.7199105 -0.06985229 0.7051125 0.7277148 0 0.7061985 0.7303259 0.06985229 0.7051125 0.7277148 0.1389393 0.7018663 0.7199105 0.2065041 0.6964956 0.7069981 0.2718064 0.6890591 0.6891193 0.3341307 0.6796383 0.6664701 0.3927942 0.6683365 0.6392983 0.4471542 0.6552775 0.6079019 0.5098751 0.6298933 0.5468733 0.5470632 0.5997904 0.4745004 0.5766687 0.5610964 0.3814725 0.581012 0.5277338 0.3012623 0.5823333 0.492895 0.2175034 0.580618 0.4569619 0.1311133 0.5758851 0.4203281 0.04303866 0.07338476 0.4023311 0.07354772 0.318197 0.5881695 0.5203388 0.2309301 0.3101015 -0.1481898 -0.1398575 0.1095005 -0.5165212 -0.09474915 0.403505 0.07637006 0.3968173 0.5492012 0.4266517 -0.05688703 0.3679814 -0.08281278 -0.07338476 0.4023311 0.07354772 -0.06074434 0.4017817 0.07222706 -0.318197 0.5881695 0.5203388 0.4151221 0.5215767 0.360237 0.3262033 0.1600849 -0.5088584 -0.2252094 0.6105945 0.574253 0.2726278 0.1419821 -0.5523808 -0.3098025 0.2707556 -0.2427847 0.2410393 0.1358904 -0.5670264 -0.4151221 0.5477377 0.3493556 -0.05869263 0.6276448 0.6152451 -0.2342483 0.3089818 -0.1508816 0.1398575 0.110211 -0.5456042 -0.05688703 0.3418204 -0.07193136 -0.07338476 0.428492 0.06266629 0.07016569 0.1003631 -0.4858826 -0.2410393 0.1620514 -0.5779078 0.03844738 0.4009606 0.07025283 -0.3997101 0.4830983 0.2677277 0.3961976 0.4795015 0.2590803 0.2410393 0.1620514 -0.5779078 -0.3098025 0.2969166 -0.2536662 0.09474915 0.403505 0.07637006 0.105172 0.1333919 -0.5328594 0 0.6289296 0.6183341 0.03510755 0.1294913 -0.4896302 -0.03844738 0.4009606 0.07025283 0.04912656 0.4274379 0.06013184 -0.3997101 0.5092593 0.2568463 0.02390062 0.3694789 -0.07921248 0.2309301 0.3362624 -0.1590712 0.3968173 0.5753622 0.4157703 -0.2080867 0.1431444 -0.5657777 0.3097751 0.2969373 -0.2536165 -0.06074434 0.4279427 0.06134569 0.1164451 0.6242374 0.6070529 -0.04912656 0.4274379 0.06013184 0.04912656 0.4012768 0.07101327 -0.2252094 0.6367555 0.5633715 -0.1723449 0.644798 0.5827073 -0.02390062 0.3694789 -0.07921248 0.03844738 0.4271215 0.05937141 0.02841997 0.4269773 0.05902481 0.06074434 0.4279427 0.06134569 -0.105172 0.1215016 -0.508839 0.1164451 0.6503983 0.5961715 -0.01309019 0.3696964 -0.07868939 0.1206693 0.4054105 0.08095151 -0.3559561 0.5999429 0.4748669 -0.318197 0.6143304 0.5094574 -0.03844738 0.4271215 0.05937141 -0.09474915 0.4296659 0.06548863 -0.1164451 0.6503983 0.5961715 -0.3968173 0.5753622 0.4157703 0.07338476 0.428492 0.06266629 0.03640556 0.3430662 -0.06893616 0.3016229 0.2769207 -0.2279625 0.3384794 0.1702111 -0.484513 0.1741421 0.325879 -0.1102576 -0.2277345 0.1268175 -0.5632597 -0.2047163 0.3182538 -0.1285901 -0.4141603 0.5266122 0.3723434 0.1742522 0.1130708 -0.5643029 -0.2529247 0.1378896 -0.56222 -0.2588256 0.299543 -0.1735742 -0.3804383 0.4681946 0.2318962 -0.1664355 0.4099758 0.09192711 -0.301617 0.1498398 -0.5334895 0.3406733 0.237852 -0.3218911 0.3463762 0.2240239 -0.3551367 -0.3403438 0.176195 -0.4701266 -0.3312379 0.2513756 -0.2893781 -0.2082208 0.4157158 0.1057272 0.2080867 0.1241413 -0.5696938 -0.2726278 0.1419821 -0.5523808 0.04352998 0.6283037 0.6168292 0.03640556 0.3692272 -0.07981759 0.08658307 0.6264328 0.6123311 -0.1416599 0.3322351 -0.09497624 -0.2447782 0.4222296 0.1213877 -0.03640556 0.3430662 -0.06893616 -0.08658307 0.6264328 0.6123311 -0.1206693 0.4054105 0.08095151 0.3094764 0.5911242 0.5274425 0.1416599 0.3322351 -0.09497624 0.3804383 0.5611428 0.4553616 0.2817679 0.2886626 -0.1997329 0.4141603 0.5266122 0.3723434 -0.3804383 0.5611428 0.4553616 0.301617 0.1760008 -0.5443709 0.2529247 0.1640506 -0.5731015 0.3804383 0.4681946 0.2318962 0.3369083 0.4475077 0.1821612 0.2786538 0.4297562 0.1394831 -0.2082208 0.6136216 0.5815306 -0.3463762 0.2240239 -0.3551367 0.2082208 0.4157158 0.1057272 -0.1723449 0.618637 0.5935887 0.3016229 0.3030818 -0.2388439 0.3181734 0.2906072 -0.2688352 0.3312379 0.2775365 -0.3002595 0.3406733 0.2640131 -0.3327726 0.3329066 0.1904537 -0.5096232 -0.2786538 0.4297562 0.1394831 -0.301617 0.1760008 -0.5443709 -0.3109196 0.1790717 -0.5369878 -0.3463762 0.2501849 -0.3660181 0.2726278 0.1681431 -0.5632622 0.2080867 0.1503023 -0.5805751 -0.3016229 0.3030818 -0.2388439 0.1742522 0.1392318 -0.5751844 -0.07241231 0.3670371 -0.08508318 -0.1741421 0.35204 -0.1211389 -0.1076257 0.3634135 -0.093795 -0.1664355 0.4361367 0.08104568 -0.2082208 0.4418768 0.09484583 0.1741421 0.35204 -0.1211389 0.07241231 0.3670371 -0.08508318 0.2817679 0.3148236 -0.2106143 -0.3804383 0.5873038 0.4444801 -0.3369083 0.6079906 0.4942151 -0.3094764 0.6172851 0.5165612 -0.2082208 0.6397826 0.5706492 -0.03640556 0.3692272 -0.07981759 -0.04352998 0.6544647 0.6059478 -0.1416599 0.3583961 -0.1058577 0.1286875 0.6494983 0.5940076 0.1723449 0.644798 0.5827073 0.2447782 0.6332687 0.5549886 -0.3960595 0.5055211 0.2478589 0.3094764 0.6172851 0.5165612 0.3369083 0.6079906 0.4942151 0.08658307 0.4290656 0.06404525 0.360649 0.5979601 0.4701001 0.3804383 0.5873038 0.4444801 0.4141603 0.5527732 0.361462 0.4164416 0.5408297 0.3327475 0.4141603 0.5288861 0.304033 0.3804383 0.4943555 0.2210148 0.2786538 0.4559172 0.1286017 0.2447782 0.4483906 0.1105063 -0.3094764 0.4382132 0.1598152 -0.3369083 0.4475077 0.1821612 -0.360649 0.4575382 0.2062762 0.4073413 0.5170735 0.275633 -0.3960595 0.4793601 0.2587403 0.2743139 0.6005454 0.5500929 -0.4073413 0.4909125 0.2865145 -0.4141603 0.5027252 0.3149144 -0.4164416 0.5146687 0.3436289 0.08658307 0.4029046 0.07492667 0.360649 0.4836992 0.1953949 -0.2447782 0.6332687 0.5549886 -0.4073413 0.5384249 0.4007433 0.2082208 0.4418768 0.09484583 0.4073413 0.5384249 0.4007433 -0.3968173 0.5492012 0.4266517 0.4141603 0.5027252 0.3149144 0.4073413 0.4909125 0.2865145 -0.3369083 0.5818296 0.5050966 0.1720929 0.4106651 0.09358435 -0.04352998 0.6283037 0.6168292 -0.2743139 0.6005454 0.5500929 0 0.6550906 0.6074527 -0.3094764 0.5911242 0.5274425 0.360649 0.4575382 0.2062762 -0.2447782 0.6071077 0.5658701 0.3094764 0.4382132 0.1598152 0.2447782 0.4222296 0.1213877 -0.1286875 0.6233373 0.604889 -0.2447782 0.4483906 0.1105063 -0.2786538 0.4559172 0.1286017 -0.3094764 0.4643741 0.1489338 -0.3804383 0.4943555 0.2210148 -0.4141603 0.5288861 0.304033 -0.4164416 0.5408297 0.3327475 -0.4073413 0.5170735 0.275633 -0.4141603 0.5527732 0.361462 -0.4073413 0.5645859 0.3898619 0.1286875 0.6233373 0.604889 0.1723449 0.618637 0.5935887 0.2082208 0.6136216 0.5815306 0.4073413 0.5645859 0.3898619 0.2447782 0.6071077 0.5658701 0.1720929 0.4368261 0.08270293 -0.1206693 0.4315716 0.07007008 0.4164416 0.5146687 0.3436289 -0.2743139 0.6267064 0.5392115 0.3369083 0.5818296 0.5050966 0.3369083 0.4736688 0.1712798 0.3094764 0.4643741 0.1489338 0.2082208 0.6397826 0.5706492 -0.3369083 0.4736688 0.1712798 -0.08658307 0.6525937 0.6014497 -0.360649 0.4836992 0.1953949 0.04352998 0.6544647 0.6059478 0.08658307 0.6525937 0.6014497 -0.1286875 0.6494983 0.5940076 0.3961976 0.5056625 0.2481989 -0.04912656 0.4012768 0.07101327 -0.1164451 0.6242374 0.6070529 0.01873749 0.4006772 0.06957143 0.05869263 0.6276448 0.6152451 0.3559561 0.5737819 0.4857484 -0.3559561 0.5737819 0.4857484 0.2252094 0.6105945 0.574253 -0.4151221 0.5215767 0.360237 0.06074434 0.4017817 0.07222706 -0.009295582 0.4267024 0.05836361 0.05869263 0.6538057 0.6043636 -0.01873749 0.4006772 0.06957143 0.2252094 0.6367555 0.5633715 -0.05869263 0.6538057 0.6043636 0.2743139 0.6267064 0.5392115 0.318197 0.6143304 0.5094574 0.3559561 0.5999429 0.4748669 0.1206693 0.4315716 0.07007008 0.4151221 0.5477377 0.3493556 -0.02841997 0.4269773 0.05902481 0.1076257 0.3372524 -0.08291357 0.2047163 0.3182538 -0.1285901 0.07241231 0.3408761 -0.07420176 -0.105172 0.09534066 -0.4979576 0.2588256 0.299543 -0.1735742 -0.2726278 0.1681431 -0.5632622 0.3181734 0.2644462 -0.2579538 0.3312379 0.2513756 -0.2893781 0.3403438 0.176195 -0.4701266 0.3329066 0.1642928 -0.4987418 0.3109196 0.1529107 -0.5261064 0 0.1304835 -0.4872451 0.2277345 0.1598135 -0.5832881 0.301617 0.1498398 -0.5334895 -0.3406733 0.237852 -0.3218911 -0.3181734 0.2644462 -0.2579538 0.2529247 0.1378896 -0.56222 -0.004160344 0.3437152 -0.06737589 0.2277345 0.1336525 -0.5724068 -0.3329066 0.1642928 -0.4987418 -0.3384794 0.1702111 -0.484513 -0.3016229 0.2769207 -0.2279625 -0.2817679 0.2886626 -0.1997329 -0.07241231 0.3408761 -0.07420176 0.105172 0.1072309 -0.521978 -0.1741421 0.325879 -0.1102576 -0.1076257 0.3372524 -0.08291357 0.1076257 0.3634135 -0.093795 0.03510755 0.1033304 -0.4787488 0.1416599 0.3583961 -0.1058577 0.3109196 0.1790717 -0.5369878 0.2047163 0.3444147 -0.1394715 0 0.1043224 -0.4763637 0.2588256 0.325704 -0.1844556 -0.03510755 0.1033304 -0.4787488 -0.3181734 0.2906072 -0.2688352 0.3384794 0.196372 -0.4953944 0.3463762 0.2501849 -0.3660181 0.3403438 0.2023559 -0.481008 -0.3403438 0.2023559 -0.481008 0.1398575 0.136372 -0.5564857 -0.2047163 0.3444147 -0.1394715 -0.3406733 0.2640131 -0.3327726 -0.3312379 0.2775365 -0.3002595 -0.2817679 0.3148236 -0.2106143 -0.3329066 0.1904537 -0.5096232 -0.3109196 0.1529107 -0.5261064 -0.3384794 0.196372 -0.4953944 -0.2529247 0.1640506 -0.5731015 -0.2588256 0.325704 -0.1844556 -0.2277345 0.1529785 -0.5741411 0.09141957 0.3389201 -0.07890415 -0.01555275 0.343486 -0.06792712 -0.07016569 0.1003631 -0.4858826 0.3097751 0.2707763 -0.242735 0.02390062 0.3433179 -0.06833106 -0.2080867 0.1169834 -0.5548962 0.05689781 0.3679807 -0.08281433 0.05689781 0.3418198 -0.07193297 -0.3262033 0.1600849 -0.5088584 0.09141957 0.3650811 -0.08978557 0.3262033 0.1862458 -0.5197398 0.01309019 0.3435355 -0.06780797 -0.1742522 0.1132547 -0.5382865 -0.08981364 0.3390854 -0.07850688 0.01309019 0.3696964 -0.07868939 -0.2410393 0.1358904 -0.5670264 -0.03510755 0.1294913 -0.4896302 -0.07016569 0.1265241 -0.4967641 -0.1398575 0.1356616 -0.5274026 0.07016569 0.1265241 -0.4967641 -0.3262033 0.1862458 -0.5197398 -0.1742522 0.1394157 -0.5491679 -0.2342483 0.3351428 -0.161763 -0.08981364 0.3652464 -0.08938825 -0.0753594 0.08691304 -0.5447446 0.03574872 0.06561261 -0.6385715 -0.03574872 0.06561261 -0.6385715 0 0.09603667 -0.5111925 0.02855849 0.06561261 -0.6383127 -0.07478892 0.06561261 -0.6368989 -0.08203923 0.08632522 -0.6722035 -0.06785386 0.08844286 -0.5372391 0.09919011 0.09598875 -0.633682 0.05960494 0.08057725 -0.6946377 0 0.123588 -0.5162296 -0.06686586 0.1169109 -0.5383364 0.03133618 0.07767128 -0.7090414 0.08782023 0.08860105 -0.6633015 -0.01855295 0.06561261 -0.6381345 -0.02855849 0.06561261 -0.6383127 -0.05960494 0.08057725 -0.6946377 -0.08782023 0.08860105 -0.6633015 -0.09263902 0.09101253 -0.6538441 -0.01059979 0.07654106 -0.7134491 -0.02108347 0.07693576 -0.7117886 -0.008463799 0.06561261 -0.6386475 -0.1008505 0.1025875 -0.6019987 -0.05070298 0.07955276 -0.7004187 -0.06785386 0.08231264 -0.6879579 -0.0753594 0.08424401 -0.6804524 0.04124552 0.07865327 -0.7052376 0.02108347 0.07693576 -0.7117886 -0.09919011 0.06729876 -0.633682 -0.03133618 0.07767128 -0.7090414 -0.02108347 0.09525448 -0.5134084 -0.01059979 0.09577631 -0.511748 -0.09263902 0.1095058 -0.571353 -0.08782023 0.08339923 -0.5618955 0.02108347 0.09525448 -0.5134084 -0.05070298 0.09197455 -0.5247783 0.05960494 0.0902915 -0.5305593 0.0753594 0.08691304 -0.5447446 0.08203923 0.08529186 -0.5529935 0.09644287 0.08189463 -0.5812623 0.09919011 0.07986652 -0.591515 0.1008505 0.07715773 -0.6019987 -0.08769911 0.1118003 -0.5619654 0.05070298 0.09197455 -0.5247783 0.06686586 0.1169109 -0.5383364 0.07455587 0.1153993 -0.545468 0.08733892 0.1133905 -0.5621734 0.09225481 0.1128736 -0.571524 -0.04002135 0.1215633 -0.522709 -0.0301547 0.1223758 -0.5197919 -0.02016198 0.1229839 -0.5177438 -0.04952794 0.1202505 -0.5268135 0.01009422 0.1233878 -0.5165581</float_array>
          <technique_common>
            <accessor source="#Mesh-mesh-positions-array" count="2143" stride="3">
              <param name="X" type="float"/>
              <param name="Y" type="float"/>
              <param name="Z" type="float"/>
            </accessor>
          </technique_common>
        </source>
        <source id="Mesh-mesh-normals">
          <float_array id="Mesh-mesh-normals-array" count="11211">0 1 -2.31603e-7 0 1 0 0 1 0 0 1 0 0 1 -2.44785e-4 0 1 1.77272e-6 0 1 0 0 1 0 0 1 0 0 1 -2.02093e-7 0 1 0 0 1 0 0 1 0 0 1 0 0 1 0 0 1 0 0 1 -6.23944e-7 0 1 -2.47955e-7 0 1 0 0 1 -2.4097e-7 0 1 0 0 1 0 0 1 -3.70256e-7 -0.1183931 0.9914799 -0.05432081 0 1 0 0 1 0 0.1796821 0.9811152 0.07160609 0.06216514 0.9979158 0.01730573 0 1 0 0 1 0 -0.1120129 0.9929794 -0.03801596 0 1 0 0 1 0 0.04573476 0.9988709 0.0128647 -0.06398051 0.9976491 -0.02455252 0 1 0 0 1 0 0 1 0 5.62166e-4 0.9999999 -1.92589e-4 0 1 0 0 1 0 0 1 0 0.01954984 0.9998036 0.003273069 0 1 0 0 1 0 -0.001135647 0.9999978 0.00177133 0 1 0 0 1 0 -0.07664328 0.9970495 -0.004260182 0 1 0 0 1 1.22307e-7 0 1 0 0 0.9999783 -0.006606817 0 1 0 0.07664328 0.9970495 -0.004259943 0 1 0 0 1 0 0.001135647 0.9999978 0.00177133 0 1 0 -0.01954984 0.9998036 0.003273069 0 1 0 -5.62166e-4 0.9999999 -1.92589e-4 0 1 0 -0.04573476 0.9988709 0.0128647 0 1 0 0 1 0 0.06398051 0.9976491 -0.02455252 0.1120129 0.9929794 -0.03801596 0 1 0 0 1 0 -0.1796821 0.9811152 0.07160615 0 1 0 -0.06216526 0.9979159 0.01730555 0.1183932 0.9914799 -0.05432051 0 1 0 0 1 0 0 1 0 0 1 0 0 1 0 0 1 0 0 1 0 0 1 0 0 1 0 0 1 0 0 1 0 0 1 -1.42391e-7 0 1 0 0 1 0 0 1 0 0 1 0 0 1 0 0 1 0 0 1 0 0 1 0 0 1 0 0 1 0 0 1 0 -0.9925268 0 -0.1220279 -1 0 0 -1 0 0 -0.9857041 0 -0.1684858 -0.9925252 0 -0.1220397 -0.9925252 0 -0.1220397 -0.9852289 0 -0.1712429 -0.9857041 0 -0.1684858 -0.9648737 0 -0.2627139 -0.9852315 0 -0.171228 -0.9852315 0 -0.1712279 -0.8637039 0 -0.5039997 -0.9648738 0 -0.2627139 -0.5808304 0 -0.8140246 -0.8637035 0 -0.5040003 -0.3381709 0 -0.9410848 -0.580828 0 -0.8140264 -0.2795037 0 -0.9601446 -0.3381687 0 -0.9410855 -0.2285508 0 -0.973532 -0.2795037 0 -0.9601446 -0.1833285 0 -0.9830518 -0.2285516 0 -0.9735318 -0.1423209 0 -0.9898207 -0.1833286 0 -0.9830517 -0.1043264 0 -0.9945431 -0.1422895 0 -0.9898251 -0.1422908 0 -0.9898249 -0.06845229 0 -0.9976545 -0.1043257 0 -0.9945433 -0.03390693 0 -0.9994251 -0.06845295 0 -0.9976544 0 0 -1 -0.03390753 0 -0.999425 0.03390753 0 -0.999425 0 0 -1 0.06845295 0 -0.9976544 0.03390693 0 -0.999425 0.1043283 0 -0.9945429 0.06845229 0 -0.9976545 0.1423044 0 -0.9898229 0.1043244 0 -0.9945433 0.104323 0 -0.9945436 0.1833286 0 -0.9830517 0.1423058 0 -0.9898228 0.3381686 0 -0.9410856 0.2795035 0 -0.9601446 0.2795036 0 -0.9601447 0.580828 0 -0.8140263 0.3381709 0 -0.9410848 0.2285516 0 -0.9735318 0.1833285 0 -0.9830518 0.2285508 0 -0.973532 0.9852302 0 -0.1712355 0.9648711 0 -0.2627237 0.9648711 0 -0.2627238 0.9857012 4.85488e-7 -0.1685027 0.9852302 0 -0.1712355 0.8637035 0 -0.5040003 0.5808305 0 -0.8140246 0.9648765 0 -0.262704 0.8637039 0 -0.5039997 1 0 0 0.9925259 0 -0.1220338 0.9925261 0 -0.1220335 0.9856989 -4.83187e-7 -0.1685163 0.9856989 4.80907e-7 -0.1685163 0.96669 0 0.2559503 0.9915407 0 0.1297958 0.9915408 0 0.1297959 0.9915366 0 0.1298273 1 0 0 0.8744936 0 0.4850372 0.9269427 0 0.3752031 0.9269428 0 0.3752029 0.9269583 0 0.3751643 0.9666901 0 0.2559503 0.7413734 0 0.6710927 0.8118064 0 0.5839269 0.8118061 0 0.5839272 0.8118153 0 0.5839144 0.8744937 0 0.4850371 0.5856968 0 0.8105303 0.6653917 0 0.7464944 0.6653915 0 0.7464945 0.6653929 0 0.7464933 0.7413735 0 0.6710926 0.4203782 0 0.907349 0.5036835 0 0.8638884 0.5036836 0 0.8638882 0.5036945 0 0.8638818 0.5856969 0 0.8105301 0.2522871 0 0.9676525 0.336448 0 0.941702 0.336448 0 0.941702 0.3364347 0 0.9417068 0.4203781 0 0.9073491 0.08403611 0 0.9964627 0.1681478 0 0.9857618 0.1681478 0 0.9857618 0.1681073 0 0.9857688 0.2522871 0 0.9676524 0 0 1 0.08403611 0 0.9964627 -0.08402401 0 0.9964638 0 0 1 -0.1681274 0 0.9857653 -0.08404815 0 0.9964618 -0.08404809 0 0.9964618 -0.2522982 0 0.9676496 -0.1681275 0 0.9857653 -0.3364413 0 0.9417045 -0.2522761 0 0.9676554 -0.2522761 0 0.9676554 -0.4203905 0 0.9073433 -0.3364413 0 0.9417045 -0.5036888 0 0.8638852 -0.420366 0 0.9073547 -0.4203658 0 0.9073548 -0.5857137 0 0.8105182 -0.5036889 0 0.8638851 -0.6653922 0 0.7464939 -0.5856804 0 0.8105421 -0.5856807 0 0.810542 -0.7413741 0 0.6710921 -0.6653923 0 0.7464939 -0.8118109 0 0.5839205 -0.7413725 0 0.6710938 -0.7413728 0 0.6710935 -0.8744814 0 0.4850591 -0.8118107 0 0.5839208 -0.9269504 0 0.3751839 -0.8744827 0 0.4850567 -0.8744827 0 0.4850568 -0.9666897 0 0.2559514 -0.9269505 0 0.3751838 -0.9915388 0 0.1298116 -0.9666903 0 0.255949 -0.9666903 0 0.2559489 -0.9915387 0 0.1298115 -0.4016143 0.9149105 -0.04055684 -0.4195527 0.9077309 -3.76175e-4 -0.397594 0.9165948 -0.04210907 0.994522 0 -0.1045286 1 0 0 0.994522 0 -0.1045286 4.51802e-4 1 -6.34843e-5 4.19911e-4 0.9999999 -2.35442e-4 3.28085e-4 1 2.01094e-4 -0.3916974 0.9163195 -0.08325785 0.9781476 0 -0.2079117 0.9781476 0 -0.2079117 3.27215e-4 0.9999998 5.19889e-4 1.23393e-4 1 6.42894e-5 4.40411e-4 1 -1.65506e-4 -0.37919 0.9168532 -0.1248812 -0.3798606 0.9164319 -0.1259302 0.9510566 0 -0.3090167 1.72793e-4 1 -3.72323e-4 5.05562e-4 0.9999987 0.001555979 -0.3587379 0.919672 -0.1597204 0.9135457 0 -0.4067364 0.9135456 0 -0.4067363 0 1 0 -0.3465322 0.9168533 -0.1982309 -0.3478015 0.9163174 -0.1984859 0.8660254 0 -0.5 0 1 0 0 1 0 0 1 0 -0.3239704 0.9163189 -0.2353782 -0.3239706 0.9163188 -0.2353783 0.809017 0 -0.5877854 0.8090168 0 -0.5877856 0 1 0 -3.88125e-4 0.9999994 -0.001106679 -0.2975917 0.9163191 -0.2679528 0.7431447 0 -0.6691308 0.7431445 0 -0.6691311 0.001092612 0.9999993 5.67057e-4 3.84134e-4 0.9999989 -0.001415073 -0.2679527 0.916319 -0.2975918 -0.2679529 0.9163189 -0.2975919 0.6691309 0 -0.7431446 0.6691308 0 -0.7431447 0.001550495 0.9999988 1.72097e-4 0.001155018 0.9999994 -2.30515e-4 0.001395523 0.9999991 -2.75902e-4 0.001438915 0.9999989 2.23708e-4 0.001283705 0.9999992 3.54578e-5 0.001201391 0.9999994 -7.85469e-5 -0.2353786 0.9163187 -0.3239706 -0.2353786 0.9163188 -0.3239705 0.5877853 0 -0.8090171 0.5877854 0 -0.809017 -2.8582e-4 0.9999997 -7.96664e-4 5.7475e-4 0.9999998 3.6107e-4 -8.93145e-4 0.9999995 -5.60732e-4 0.001309692 0.9999992 1.51529e-4 0.001348316 0.9999991 -3.26831e-4 -0.2002243 0.9163191 -0.346799 -0.2002243 0.9163192 -0.3467988 0.4999999 0 -0.8660255 0.5000001 0 -0.8660254 0 1 0 0 1 0 -0.1609228 0.9168532 -0.3653549 -0.1610437 0.9163172 -0.3666439 0.4067371 0 -0.9135454 0.4067366 0 -0.9135455 0 1 0 0 1 0 -0.1211341 0.9197918 -0.3732423 0.3090168 0 -0.9510566 0.3090161 0 -0.9510568 -2.24123e-4 1 -2.49751e-4 -0.08456057 0.9168533 -0.3901662 -0.08522045 0.9163172 -0.3912802 0.2079115 0 -0.9781476 0.2079115 0 -0.9781476 0.001130521 0.9999993 -5.06237e-4 1.64562e-4 0.9999989 -0.001447677 0.001135826 0.999998 -0.001653075 -6.40326e-4 0.9999995 -7.13594e-4 -0.04000991 0.9147766 -0.4019739 -0.04185879 0.9163187 -0.398256 0.104529 0 -0.9945219 0.1045292 0 -0.9945219 2.62651e-4 0.9999999 -4.57359e-4 -8.82542e-4 0.999999 -0.001118004 6.70524e-4 0.9999988 -0.001386404 0.001035571 0.9999989 -0.001084566 5.53033e-4 0.9999976 -0.002160727 5.33697e-4 0.9070227 -0.4210815 0 0 -1 0 0 -1 -7.58894e-5 0.9999994 -0.00118947 -5.46385e-4 0.9999984 -0.001707673 0 0.9999973 -0.002347707 0.04052734 0.9148968 -0.4016485 0.04209369 0.9165776 -0.3976349 -0.1045292 0 -0.9945219 -0.104529 0 -0.9945219 2.52675e-4 0.9999998 -6.51198e-4 -3.84759e-4 0.9999995 -0.001004874 8.92063e-4 0.999998 -0.001827538 7.32592e-4 0.9999987 -0.001484334 0.08325785 0.916319 -0.3916983 -0.2079115 0 -0.9781476 -0.2079115 0 -0.9781476 0 1 0 -3.11466e-4 1 1.2488e-4 -9.52237e-4 0.9999993 -7.27729e-4 1.54043e-4 0.9999992 -0.001304149 -4.272e-4 0.9999992 -0.001288115 -8.97588e-4 0.9999982 -0.001706361 0.1237453 0.9163191 -0.3808497 0.1237452 0.9163191 -0.3808498 -0.3090161 0 -0.9510568 -0.3090168 0 -0.9510566 -5.14889e-4 0.9999998 -5.30653e-4 7.39049e-4 0.9999997 -4.34993e-4 2.24121e-4 1 -2.49757e-4 0 1 0 0 1 0 0.1628775 0.916319 -0.3658283 -0.4067366 0 -0.9135455 -0.406737 0 -0.9135453 0 1 2.49143e-7 0 1 0 0 1 0 0.2002244 0.916319 -0.3467993 0.2002243 0.916319 -0.3467994 -0.5000001 0 -0.8660253 -0.4999999 0 -0.8660255 0 1 0 0 1 0 0 1 0 0 1 0 0 1 0 0 1 0 0.2353783 0.9163189 -0.3239703 0.2353785 0.9163188 -0.3239704 -0.5877854 0 -0.809017 -0.5877852 0 -0.8090171 -6.81277e-4 0.9999998 2.96264e-4 5.29436e-4 0.9999997 -5.54855e-4 -4.51888e-4 1 1.6002e-4 0.2679526 0.9163191 -0.2975916 -0.6691308 0 -0.7431447 -0.6691309 0 -0.7431446 -8.85055e-4 0.9999997 -3.141e-4 -0.001769483 0.9999985 9.33994e-5 -0.001334249 0.9999991 -3.07081e-4 -0.001395523 0.9999991 -2.75927e-4 -0.001395583 0.999999 -2.75551e-4 -0.001261115 0.9999992 -4.21665e-4 0.2975919 0.9163189 -0.267953 0.2975919 0.9163188 -0.267953 -0.7431446 0 -0.669131 -0.7431447 0 -0.6691308 -0.001477062 0.9999989 2.67978e-4 -2.24869e-4 0.9999987 -0.001623928 -8.10001e-4 0.9999997 3.79771e-4 -0.001212656 0.9999993 -2.08153e-4 -0.001283705 0.9999992 3.54578e-5 -6.76069e-4 0.9999998 -4.07377e-4 -0.001320481 0.9999992 8.6389e-5 0.3239704 0.9163189 -0.2353782 0.3239704 0.916319 -0.2353782 -0.8090168 0 -0.5877855 -0.8090169 0 -0.5877854 4.9476e-4 0.9999994 -0.001025557 2.08284e-4 0.9999999 -4.31722e-4 0.3467989 0.9163191 -0.2002243 0.3467989 0.9163191 -0.2002243 -0.8660255 0 -0.4999999 -0.8660254 0 -0.5000001 0 1 0 0.3658285 0.9163191 -0.1628772 -0.9135456 0 -0.4067363 -0.9135456 0 -0.4067364 0 1 0 0 1 0 0.3808497 0.9163191 -0.1237455 0.3808497 0.916319 -0.1237455 -0.9510566 0 -0.3090167 -0.9510566 0 -0.3090167 -5.05562e-4 0.9999987 0.001555979 -1.72793e-4 1 -3.72323e-4 0.3916977 0.9163193 -0.08325791 -0.9781476 0 -0.2079118 -4.40411e-4 1 -1.65506e-4 -3.27279e-4 0.9999998 5.19879e-4 0.4021751 0.9146922 -0.03991717 0.398257 0.9163183 -0.04185843 -0.994522 0 -0.1045286 -1.23393e-4 1 6.42982e-5 -3.16083e-4 1 2.32508e-4 0.4210413 0.9070414 5.52079e-4 -1 0 0 -1 0 0 -4.51802e-4 1 -6.34783e-5 -3.28084e-4 1 2.01052e-4 0.4016143 0.9149105 0.04055684 0.397594 0.9165948 0.04210907 -0.994522 0 0.1045286 -0.994522 0 0.1045286 -2.06365e-4 1 2.34358e-5 0 1 0 0.3916974 0.9163195 0.08325785 -0.9781476 0 0.2079117 -0.9781476 0 0.2079117 -5.86071e-5 1 1.24339e-5 0.3808495 0.9163191 0.1237455 0.3808497 0.916319 0.1237455 -0.9510566 0 0.3090167 -5.83326e-4 0.9999988 -0.001458585 -5.38383e-4 0.9999999 1.14399e-4 0.3658282 0.9163192 0.1628771 -0.9135457 0 0.4067364 -0.9135456 0 0.4067363 0 1 1.43255e-7 0 1 1.55083e-7 0.3467988 0.9163192 0.2002243 0.3467991 0.9163191 0.2002245 -0.8660254 0 0.5 0 1 0 0 1 0 0 1 0 0.3239704 0.9163189 0.2353782 0.3239706 0.9163188 0.2353783 -0.809017 0 0.5877854 -0.8090168 0 0.5877856 0 1 0 7.9882e-4 0.9999988 0.001330018 0.2975917 0.9163191 0.2679528 -0.7431447 0 0.6691308 -0.7431445 0 0.6691311 -8.27326e-4 0.9999997 -4.45849e-4 2.34154e-4 0.9999992 0.001259148 0.2679527 0.916319 0.2975918 0.2679529 0.9163189 0.2975919 -0.6691309 0 0.7431446 -0.6691308 0 0.7431447 -7.30538e-4 0.9999998 1.57381e-4 0.2353786 0.9163187 0.3239706 0.2353786 0.9163188 0.3239705 -0.5877853 0 0.8090171 -0.5877854 0 0.809017 -0.001451551 0.9999988 -6.1521e-4 -1.86061e-4 1 3.4672e-4 0.2002243 0.9163191 0.346799 0.2002243 0.9163192 0.3467988 -0.4999999 0 0.8660255 -0.5000001 0 0.8660254 -0.001095712 0.9999992 -7.15016e-4 0 1 0 0.1628774 0.9163191 0.3658284 0.1628775 0.9163191 0.3658285 -0.4067371 0 0.9135454 -0.4067366 0 0.9135455 0 1 0 0 1 0 0.1237453 0.9163191 0.3808497 0.1237452 0.9163191 0.3808497 -0.3090168 0 0.9510566 -0.3090161 0 0.9510568 0 1 0 0 1 0 0 1 0 0 1 0 0 1 0 0 1 0 0.08099925 0.9163978 0.3919877 -0.2079115 0 0.9781476 -0.2079115 0 0.9781476 -4.07358e-4 0.9999996 8.50263e-4 -4.84909e-4 0.9999971 0.002361178 -8.71682e-4 0.999997 0.002333045 3.80192e-4 1 3.11765e-4 0 1 0 0 1 0 0.04012906 0.9204514 0.3887918 0.08127772 0.9169782 0.3905701 -0.104529 0 0.9945219 -0.1045292 0 0.9945219 1.90319e-5 0.9999999 5.41033e-4 0 1 0 -5.0528e-4 0.9999998 3.50265e-4 -3.11079e-4 0.9999989 0.001505196 -6.16092e-4 0.9105131 0.4134799 0.03882205 0.919171 0.3919407 0 0 1 0 0 1 0 0.9999982 0.001921772 0 0.9999955 0.003014266 -1.12218e-4 0.9999955 0.003029823 -5.23264e-4 0.9999999 -2.38981e-4 5.76867e-5 0.9999989 0.001507461 -0.03954547 0.9193185 0.3915223 -0.04078722 0.9206005 0.38837 0.1045292 0 0.9945219 0.104529 0 0.9945219 1.12218e-4 0.9999955 0.003029823 3.42469e-4 1 1.6548e-4 0 1 0 -7.8496e-4 0.9999997 3.58408e-4 -1.33638e-4 1 3.73915e-4 -5.76869e-5 0.9999989 0.001507461 -0.08274751 0.9173882 0.3892968 -0.08325791 0.9163191 0.391698 0.2079115 0 0.9781476 0.2079115 0 0.9781476 0 1 0 0 1 0 1.17172e-4 0.9999995 9.70598e-4 2.94072e-4 0.999999 0.001422524 6.87555e-4 0.9999983 0.001763641 -0.1212483 0.9202057 0.3721834 0.3090161 0 0.9510568 0.3090168 0 0.9510566 4.07357e-4 0.9999995 8.50263e-4 -5.68272e-4 0.9999998 3.12412e-4 0 1 0 0 1 0 0 1 0 0 1 0 0 1 0 -0.1586937 0.9207456 0.3564323 -0.1205676 0.9207454 0.3710678 0.4067366 0 0.9135455 0.406737 0 0.9135453 0 1 0 0 1 0 0 1 0 -0.1950818 0.9207457 0.3378913 -0.1954553 0.9202059 0.3391437 0.5000001 0 0.8660253 0.4999999 0 0.8660255 0 1 0 0 1 0 -0.2333679 0.9168531 0.3239135 -0.2337542 0.916317 0.3251494 0.5877854 0 0.809017 0.5877852 0 0.8090171 0.001095712 0.9999992 -7.15008e-4 1.86061e-4 1 3.46713e-4 -0.2679526 0.9163191 0.2975916 0.6691308 0 0.7431447 0.6691309 0 0.7431446 0.001451611 0.9999989 -6.15195e-4 7.30538e-4 0.9999998 1.57411e-4 -0.2975919 0.9163189 0.267953 -0.2975919 0.9163188 0.267953 0.7431446 0 0.669131 0.7431447 0 0.6691308 -2.34154e-4 0.9999992 0.001259207 8.27326e-4 0.9999997 -4.45833e-4 -0.3239704 0.9163189 0.2353782 -0.3239704 0.916319 0.2353782 0.8090168 0 0.5877855 0.8090169 0 0.5877854 -7.9882e-4 0.9999988 0.001330018 -0.3467989 0.9163191 0.2002243 -0.3467989 0.9163191 0.2002243 0.8660255 0 0.4999999 0.8660254 0 0.5000001 -0.3666442 0.9163172 0.1610437 0.9135456 0 0.4067363 0.9135456 0 0.4067364 0 1 0 0 1 1.83315e-7 -0.3722745 0.920285 0.1203637 -0.3653548 0.9168533 0.1609226 0.9510566 0 0.3090167 0.9510566 0 0.3090167 5.83326e-4 0.9999988 -0.001458585 0 1 1.89615e-7 -0.3816366 0.920746 0.08111929 -0.3710675 0.9207456 0.120567 0.9781476 0 0.2079118 5.86071e-5 1 1.2434e-5 -0.392533 0.9188474 0.04046463 -0.3868839 0.9211423 0.04263746 0.994522 0 0.1045286 2.06365e-4 1 2.34358e-5 5.38383e-4 0.9999999 1.14399e-4 1 0 0 0 1 0 0 1 0 0 1 -1.20207e-7 0 1 4.75054e-7 0 1 4.4141e-7 0 1 0 0 1 0 0 1 6.99727e-7 0 1 7.81357e-7 0 1 -2.41826e-7 0 1 -2.56446e-7 0 1 4.96583e-7 0 1 5.38926e-7 0 1 0 0 1 0 0 1 3.31055e-7 0 1 3.76517e-7 0 1 2.63191e-7 0 1 1.9444e-7 0 1 1.81633e-7 0 1 -1.3251e-6 0 1 -1.28852e-6 0 1 0 0 1 0 0 1 -5.10379e-7 0 1 -5.65013e-7 0 1 -1.93116e-7 0 1 -2.28065e-7 0 1 -2.73832e-7 0 1 -3.33323e-7 0 1 -3.6488e-7 0 1 0 0 1 0 0 1 1.33898e-6 0 1 1.32483e-6 0 1 3.63184e-7 0 1 3.00521e-7 0 1 6.46364e-7 0 1 6.22579e-7 0 1 0 0 1 0 0 1 2.20705e-7 0 1 2.28536e-7 0 1 0 0 1 0 0 1 0 0 1 0 0 1 1.20207e-7 0 1 -4.75054e-7 0 1 -4.4141e-7 0 1 0 0 1 0 0 1 -6.99727e-7 0 1 -7.81357e-7 0 1 2.41826e-7 0 1 2.56446e-7 0 1 -4.96583e-7 0 1 -5.38926e-7 0 1 0 0 1 0 0 1 -3.31055e-7 0 1 -3.76517e-7 0 1 -2.63191e-7 0 1 -1.9444e-7 0 1 -1.81633e-7 0 1 1.3251e-6 0 1 1.28852e-6 0 1 0 0 1 0 0 1 5.10379e-7 0 1 5.65013e-7 0 1 1.93116e-7 0 1 2.28065e-7 0 1 2.73832e-7 0 1 3.33323e-7 0 1 3.6488e-7 0 1 0 0 1 0 0 1 -1.33898e-6 0 1 -1.32483e-6 0 1 -3.63184e-7 0 1 -3.00521e-7 0 1 -6.46364e-7 0 1 -6.22579e-7 0 1 0 0 1 0 0 1 -2.20705e-7 0 1 -2.28536e-7 0 1 0 0 1 0 -1 0 0 -0.9540275 0.2824089 0.100383 -0.9592432 0.2825821 0 -0.994522 0 0.1045283 -0.9354119 0.2925398 0.1985574 -0.9781476 0 0.2079117 -0.9139146 0.2762639 0.2973861 -0.9510565 0 0.309017 -0.8720064 0.2940846 0.3913043 -0.9135455 0 0.4067366 -0.8284984 0.2948985 0.4760517 -0.7760418 0.2824963 0.5638751 -0.8090171 0 0.5877853 -0.7128309 0.2823675 0.6419819 -0.6395984 0.2932682 0.7105687 -0.6691311 0 0.7431445 -0.5637527 0.2823232 0.7761937 -0.5877856 0 0.8090168 -0.4778938 0.2932277 0.828031 -0.5 0 0.8660255 -0.3908298 0.2819128 0.8762291 -0.4067369 0 0.9135454 -0.2966806 0.2766277 0.9140338 -0.3090168 0 0.9510567 -0.1959736 0.2941266 0.9354593 -0.2079121 0 0.9781475 -0.1018431 0.2949402 0.9500728 -0.1045285 0 0.9945219 3.75707e-5 0.2824562 0.9592802 0 0 1 0.1003829 0.2824091 0.9540275 0.1045286 0 0.994522 0.1985549 0.2924976 0.9354256 0.2079122 0 0.9781475 0.2973868 0.2762639 0.9139144 0.3090168 0 0.9510566 0.3913034 0.2941262 0.8719928 0.477506 0.2965655 0.8270654 0.4999998 0 0.8660255 0.5613347 0.296608 0.7726107 0.5877857 0 0.8090168 0.6390193 0.2966101 0.709702 0.6691311 0 0.7431444 0.7097025 0.2966087 0.6390193 0.7431447 0 0.6691309 0.772621 0.2965675 0.5613419 0.8090171 0 0.5877853 0.8270764 0.2965238 0.4775127 0.8660256 0 0.4999998 0.8724355 0.2966071 0.3884335 0.9135454 0 0.4067369 0.9082704 0.2965674 0.2951149 0.9510565 0 0.3090171 0.9342224 0.2949411 0.2005949 0.9781477 0 0.2079116 0.9540292 0.2824562 0.1002343 0.9945219 0 0.1045283 0.9592818 0.2824513 -1.12159e-4 1 0 0 0.9500702 0.2948971 -0.1019916 0.994522 0 -0.1045283 0.9341424 0.2965682 -0.1985581 0.9781476 0 -0.2079117 0.9082581 0.2966092 -0.2951109 0.9510565 0 -0.309017 0.8724471 0.2965663 -0.3884385 0.9135455 0 -0.4067366 0.8270652 0.2965652 -0.4775063 0.7741878 0.2949411 -0.5600385 0.8090171 0 -0.5877853 0.7128233 0.2822824 -0.6420277 0.6378037 0.294856 -0.711524 0.6691311 0 -0.7431445 0.5632359 0.2949398 -0.7718653 0.5877856 0 -0.8090168 0.4795376 0.2822827 -0.8308792 0.5 0 -0.8660255 0.3891955 0.2924969 -0.873483 0.4067369 0 -0.9135454 0.2965954 0.2762641 -0.9141714 0.3090168 0 -0.9510567 0.1959736 0.2941266 -0.9354593 0.2079121 0 -0.9781475 0.1018431 0.2949402 -0.9500728 0.1045285 0 -0.9945219 -1.50018e-4 0.2823238 -0.9593192 0 0 -1 -0.1019916 0.2948963 -0.9500705 -0.1045286 0 -0.994522 -0.1963698 0.294259 -0.9353345 -0.2079122 0 -0.9781475 -0.2973868 0.2762639 -0.9139144 -0.3090168 0 -0.9510566 -0.3913034 0.2941262 -0.8719928 -0.477506 0.2965655 -0.8270654 -0.4999998 0 -0.8660255 -0.5613347 0.296608 -0.7726107 -0.5877857 0 -0.8090168 -0.6390193 0.2966101 -0.709702 -0.6691311 0 -0.7431444 -0.7097025 0.2966087 -0.6390193 -0.7431447 0 -0.6691309 -0.772621 0.2965675 -0.5613419 -0.8090171 0 -0.5877853 -0.8270764 0.2965238 -0.4775127 -0.8660256 0 -0.4999998 -0.8721355 0.2942164 -0.3909177 -0.9135454 0 -0.4067369 -0.9139925 0.2766402 -0.2967961 -0.9510565 0 -0.3090171 -0.9386032 0.2819992 -0.1987479 -0.9781477 0 -0.2079116 -0.9539886 0.2825811 -0.100268 -0.9945219 0 -0.1045283 -0.8339884 0.5445585 0.0889911 -0.8403606 0.5420279 0 -0.8071331 0.5650711 0.1709704 -0.8011451 0.5384999 0.2611215 -0.7509552 0.5651308 0.3416045 -0.7164194 0.5659708 0.4079465 -0.6790981 0.5445539 0.4922265 -0.6225683 0.5443931 0.5621788 -0.5515661 0.5657606 0.6129355 -0.4918053 0.54713 0.6773304 -0.4120711 0.5656526 0.7143072 -0.3435333 0.5443225 0.765309 -0.2594394 0.5362413 0.8032039 -0.1650353 0.5651329 0.8083243 -0.09110301 0.5659918 0.8193617 -9.85234e-4 0.5445765 0.8387106 0.08899104 0.5445585 0.8339884 0.1709702 0.5650687 0.8071348 0.2611439 0.5384632 0.8011625 0.3416 0.5650956 0.7509836 0.4120954 0.566312 0.7137705 0.4844477 0.5663115 0.6667847 0.5514916 0.5663124 0.6124928 0.6124929 0.5663124 0.5514915 0.6667842 0.5663127 0.484447 0.7137706 0.5663114 0.4120957 0.7529372 0.5663099 0.3352292 0.783852 0.5663124 0.2546887 0.8053059 0.5660328 0.1763217 0.8340311 0.5445554 0.08861052 0.8388287 0.5443943 -0.001201212 0.8194639 0.565804 -0.09135031 0.8061819 0.5663099 -0.1713593 0.7838512 0.5663136 -0.2546885 0.7529367 0.5663107 -0.335229 0.7137705 0.5663118 -0.4120956 0.6698643 0.5659911 -0.480558 0.6218824 0.5471307 -0.5602771 0.5476898 0.5659698 -0.6162096 0.4886973 0.5660948 -0.6638612 0.4183031 0.5470214 -0.7251139 0.3361184 0.5650998 -0.7534498 0.2596502 0.5384997 -0.8016233 0.1650353 0.5651329 -0.8083243 0.09110301 0.5659918 -0.8193617 -2.95293e-4 0.5470211 -0.8371189 -0.09145712 0.5659703 -0.8193371 -0.1658168 0.5652661 -0.8080713 -0.2611439 0.5384632 -0.8011625 -0.3416 0.5650956 -0.7509836 -0.4120954 0.566312 -0.7137705 -0.4844477 0.5663115 -0.6667847 -0.5514916 0.5663124 -0.6124928 -0.6124929 0.5663124 -0.5514915 -0.6667842 0.5663127 -0.484447 -0.7137706 0.5663114 -0.4120957 -0.7511485 0.5653166 -0.3408712 -0.802513 0.536363 -0.2613193 -0.8224835 0.5418541 -0.1729599 -0.8357581 0.542026 -0.08784162 -0.9790616 0.2035621 -9.90527e-4 -0.9935902 0.0432741 0.1044309 -0.9735623 0.2042206 0.1023257 -0.9772313 0.04327583 0.207717 -0.9575427 0.2041736 0.2035318 -0.9501656 0.04327619 0.3087273 -0.931014 0.2042157 0.3025048 -0.8933969 0.201665 0.401464 -0.8657535 0.009867846 0.5003734 -0.8513901 0.1823348 0.4918222 -0.79421 0.2016603 0.5732049 -0.7424487 0.04327505 0.6685038 -0.7274835 0.2042175 0.655029 -0.6550294 0.2042147 0.7274839 -0.6685037 0.04327517 0.7424488 -0.5729721 0.2016656 0.7943766 -0.4995627 0.009824454 0.8662221 -0.4914143 0.182335 0.8516255 -0.4012334 0.20153 0.893531 -0.3087273 0.04327481 0.9501656 -0.3025046 0.2042163 0.9310138 -0.2035305 0.2042158 0.957534 -0.2077175 0.04327511 0.9772312 -0.1023253 0.2042192 0.9735626 -0.1044303 0.04327571 0.9935902 0 0.2041717 0.9789352 0.1044303 0.04327571 0.9935902 0.1023254 0.2042192 0.9735625 0.2159543 0.04256349 0.9754753 0.2069319 0.2015343 0.9573731 0.3094559 0.009824514 0.950863 0.3038616 0.1819108 0.935188 0.3988035 0.1986953 0.8952519 0.5003733 0.009868025 0.8657535 0.4918223 0.1823348 0.85139 0.5732035 0.2015315 0.7942437 0.6685037 0.04327577 0.7424486 0.655029 0.2042182 0.7274833 0.7294806 0.2022166 0.6534267 0.8112435 0.01507014 0.5845144 0.7951542 0.1877784 0.5766013 0.8660221 0.002783358 0.499998 0.851456 0.1827455 0.4915555 0.8969469 0.1878207 0.4002621 0.9127684 0.01138699 0.4083189 0.934005 0.1885122 0.3034767 0.9509949 0.0113874 0.308997 0.9605936 0.1886011 0.2041804 0.9780843 0.01138454 0.2078982 0.9766724 0.1886093 0.1026525 0.9944574 0.0113883 0.1045219 0.9820547 0.1885962 -1.31172e-7 0.9999352 0.01138657 -2.63708e-7 0.976673 0.1886063 -0.1026524 0.9780843 0.01138287 -0.2078982 0.9605772 0.1886886 -0.2041769 0.950995 0.01138865 -0.3089967 0.9340045 0.1885144 -0.3034764 0.8969101 0.187955 -0.4002817 0.8660221 0.002783358 -0.499998 0.8514279 0.1827439 -0.4916048 0.7950858 0.1877767 -0.5766963 0.8110625 0.01510566 -0.5847645 0.7294098 0.2023023 -0.6534793 0.7464971 0.04327297 -0.6639801 0.6534199 0.2022581 -0.7294753 0.5846146 0.01513582 -0.81117 0.5765939 0.1878243 -0.7951488 0.4998942 0.002478659 -0.8660829 0.4915558 0.182744 -0.8514562 0.3995325 0.1870416 -0.8974348 0.3090162 0.002783536 -0.9510527 0.303771 0.1829167 -0.9350213 0.2050271 0.1878666 -0.9605572 0.2099292 0.01129752 -0.9776513 0.1026542 0.1885176 -0.9766899 0.1045221 0.01138734 -0.9944574 0 0.1884701 -0.982079 -0.1045221 0.01138734 -0.9944574 -0.1026524 0.1886053 -0.9766733 -0.2065914 0.01549714 -0.9783046 -0.2042354 0.1883385 -0.9606334 -0.3028389 0.2002987 -0.9317559 -0.4101867 0.01513546 -0.9118761 -0.4003262 0.1876913 -0.8969454 -0.499998 0.002783417 -0.8660221 -0.4915966 0.182875 -0.8514044 -0.5766938 0.187821 -0.795077 -0.5847348 0.0150783 -0.8110845 -0.6534878 0.2022161 -0.7294262 -0.6637269 0.04296755 -0.7467399 -0.7274833 0.2042176 -0.6550292 -0.7424485 0.04327559 -0.6685039 -0.7943878 0.2015336 -0.5730029 -0.8662313 0.009780764 -0.4995475 -0.8516348 0.1824129 -0.4913695 -0.8935309 0.2015293 -0.4012336 -0.9501656 0.04327565 -0.3087274 -0.9309968 0.204302 -0.3024991 -0.9575338 0.2042171 -0.20353 -0.9772312 0.0432769 -0.207717 -0.97358 0.2041348 -0.1023274 -0.9935903 0.04327499 -0.1044309 -0.933024 0.3598142 0 -0.9279091 0.359824 0.09752678 -0.9126329 0.3598206 0.1939858 -0.8873584 0.3598145 0.2883203 -0.852358 0.3598196 0.3794942 -0.8080207 0.3598201 0.4665107 -0.7548309 0.3598185 0.548417 -0.6933711 0.3598175 0.624314 -0.6243136 0.3598191 0.6933706 -0.5484166 0.3598183 0.7548311 -0.466511 0.3598204 0.8080203 -0.3794941 0.3598191 0.8523583 -0.2883207 0.359816 0.8873578 -0.1939866 0.3598172 0.9126341 -0.0975266 0.3598189 0.9279111 0 0.3598216 0.9330213 0.0975266 0.3598189 0.9279111 0.1939866 0.3598172 0.9126341 0.2883207 0.3598159 0.8873577 0.3794941 0.3598185 0.8523584 0.466511 0.3598196 0.8080206 0.5484167 0.3598186 0.754831 0.6243138 0.3598182 0.6933709 0.6933708 0.3598186 0.6243137 0.7548311 0.3598178 0.548417 0.8080193 0.3598234 0.4665103 0.8523584 0.3598186 0.3794941 0.8873591 0.3598127 0.2883205 0.9126332 0.3598198 0.1939859 0.9279078 0.3598275 0.09752666 0.933024 0.3598142 0 0.9279091 0.359824 -0.09752678 0.9126329 0.3598206 -0.1939858 0.8873584 0.3598145 -0.2883203 0.852358 0.3598196 -0.3794942 0.8080207 0.3598201 -0.4665107 0.7548309 0.3598185 -0.548417 0.6933711 0.3598175 -0.624314 0.6243136 0.3598191 -0.6933706 0.5484166 0.3598183 -0.7548311 0.466511 0.3598204 -0.8080203 0.3794941 0.3598191 -0.8523583 0.2883207 0.359816 -0.8873578 0.1939866 0.3598172 -0.9126341 0.0975266 0.3598189 -0.9279111 0 0.3598216 -0.9330213 -0.0975266 0.3598189 -0.9279111 -0.1939866 0.3598172 -0.9126341 -0.2883207 0.3598159 -0.8873577 -0.3794941 0.3598185 -0.8523584 -0.466511 0.3598196 -0.8080206 -0.5484167 0.3598186 -0.754831 -0.6243138 0.3598182 -0.6933709 -0.6933708 0.3598186 -0.6243137 -0.7548311 0.3598178 -0.548417 -0.8080193 0.3598234 -0.4665103 -0.8523584 0.3598186 -0.3794941 -0.8873591 0.3598127 -0.2883205 -0.9126332 0.3598198 -0.1939859 -0.9279078 0.3598275 -0.09752666 0 1 0 0 1 0 0 1 0 0 1 0 0 1 0 0 1 0 0 1 0 0 1 0 0 1 0 0 1 0 0 1 0 0 1 0 0 1 0 0 1 0 0 1 0 0 1 0 0 1 0 0 1 0 0 1 0 0 1 0 0 1 0 0 1 0 0 1 0 0 1 0 0 1 0 0 1 0 0 1 0 0 1 0 0 1 0 0 1 0 0 1 0 0 1 0 0 1 0 0 1 0 0 1 0 0 1 0 0 1 0 0 1 0 0 1 0 0 1 0 0 1 0 0 1 0 0 1 0 0 1 0 0 1 0 0 1 0 0 1 0 0 1 0 0 1 0 0 1 0 0 1 0 0 1 0 0 1 0 0 1 0 0 1 0 0 1 0 0 1 0 0 1 0 0 1 0 0 1 0 0 1 0 0 1 0 0 1 0 0 1 0 0 1 0 0 1 0 0 1 0 0 1 0 0 1 0 0 1 0 0 1 0 0 1 0 0 1 0 0 1 0 0 1 0 0 1 0 0 1 0 0 1 0 0 1 0 0 1 0 0 1 0 0 1 0 0 1 0 0 1 0 0 1 0 0 1 0 0 1 0 0 1 0 0 1 0 0 1 0 0 1 0 0 1 0 0 1 0 0 1 0 0.9994908 0.03191173 0 0.9940156 0.03190445 -0.1044756 0.9940156 0.03190487 -0.1044756 0.9776495 0.03191155 -0.2078057 0.9776495 0.03191179 -0.2078057 0.9499046 0.03648817 -0.310403 0.9089885 0.09675288 -0.4054365 0.9079796 0.107488 -0.4049931 0.8659449 0.03645431 -0.4988091 0.8654726 0.03051668 -0.500026 0.8086051 0.03191184 -0.5874857 0.808605 0.03191202 -0.5874858 0.7427663 0.03191024 -0.6687899 0.7427662 0.03191 -0.6687901 0.6687899 0.03191006 -0.7427663 0.587486 0.03191179 -0.8086049 0.5874862 0.03191214 -0.8086048 0.4982094 0.03653258 -0.8662868 0.404211 0.09670609 -0.9095391 0.4037582 0.1074422 -0.9085349 0.3097526 0.03645509 -0.9501181 0.2078062 0.03190976 -0.9776494 0.2078065 0.03190946 -0.9776495 0.1044753 0.0319119 -0.9940155 0.1044753 0.03191214 -0.9940155 0 0.03191232 -0.9994907 -0.1044753 0.03191214 -0.9940154 -0.1044752 0.0319119 -0.9940155 -0.2078062 0.03190976 -0.9776494 -0.2078065 0.03190946 -0.9776495 -0.3104028 0.03648328 -0.9499047 -0.4054369 0.09675353 -0.9089883 -0.4050054 0.107442 -0.9079796 -0.4988086 0.03645819 -0.865945 -0.5000258 0.03051996 -0.8654726 -0.587486 0.03191065 -0.8086051 -0.587486 0.03191012 -0.808605 -0.6687898 0.03191035 -0.7427664 -0.6687899 0.03191018 -0.7427664 -0.7427664 0.03191006 -0.6687898 -0.8086052 0.03191107 -0.5874857 -0.8086051 0.03191137 -0.5874856 -0.8662849 0.03648322 -0.4982165 -0.9095303 0.09675133 -0.4042201 -0.908535 0.1074391 -0.4037588 -0.9501172 0.03646159 -0.3097544 -0.9507057 0.03052413 -0.3085888 -0.9776495 0.0319125 -0.2078055 -0.9776495 0.03191107 -0.2078055 -0.9940155 0.03190642 -0.1044755 -0.9940155 0.03190606 -0.1044756 -0.9994908 0.03191173 0 -0.9940156 0.03190445 0.1044756 -0.9940156 0.03190487 0.1044756 -0.9776495 0.03191155 0.2078057 -0.9776495 0.03191179 0.2078057 -0.9499046 0.03648817 0.310403 -0.9089885 0.09675288 0.4054365 -0.9079796 0.107488 0.4049931 -0.8659449 0.03645431 0.4988091 -0.8654726 0.03051668 0.500026 -0.8086051 0.03191184 0.5874857 -0.808605 0.03191202 0.5874858 -0.7427663 0.03191024 0.6687899 -0.7427662 0.03191 0.6687901 -0.6687899 0.03191006 0.7427663 -0.587486 0.03191179 0.8086049 -0.5874862 0.03191214 0.8086048 -0.4982094 0.03653258 0.8662868 -0.404211 0.09670609 0.9095391 -0.4037582 0.1074422 0.9085349 -0.3097526 0.03645509 0.9501181 -0.2078062 0.03190976 0.9776494 -0.2078065 0.03190946 0.9776495 -0.1044753 0.0319119 0.9940155 -0.1044753 0.03191214 0.9940155 0 0.03191232 0.9994907 0.1044753 0.03191214 0.9940154 0.1044752 0.0319119 0.9940155 0.2078062 0.03190976 0.9776494 0.2078065 0.03190946 0.9776495 0.3104028 0.03648328 0.9499047 0.4054369 0.09675353 0.9089883 0.4050054 0.107442 0.9079796 0.4988086 0.03645819 0.865945 0.5000258 0.03051996 0.8654726 0.587486 0.03191065 0.8086051 0.587486 0.03191012 0.808605 0.6687898 0.03191035 0.7427664 0.6687899 0.03191018 0.7427664 0.7427664 0.03191006 0.6687898 0.8086052 0.03191107 0.5874857 0.8086051 0.03191137 0.5874856 0.8662849 0.03648322 0.4982165 0.9095303 0.09675133 0.4042201 0.908535 0.1074391 0.4037588 0.9501172 0.03646159 0.3097544 0.9507057 0.03052413 0.3085888 0.9776495 0.0319125 0.2078055 0.9776495 0.03191107 0.2078055 0.9940155 0.03190642 0.1044755 0.9940155 0.03190606 0.1044756 0.4381493 0.8989023 1.03931e-4 0.4253442 0.9039325 -0.04459178 0.4214819 0.9057598 -0.04418629 0.4299883 0.8979186 -0.09408628 0.4212888 0.8970751 -0.1333125 0.4194242 0.8979185 -0.1335133 0.3896563 0.9046998 -0.1722972 0.3874186 0.9056237 -0.1724897 0.3672645 0.9056246 -0.2120402 0.3683634 0.9048007 -0.2136451 0.3545452 0.8979189 -0.2608438 0.3283719 0.8970801 -0.2956672 0.328372 0.8970801 -0.2956673 0.2956671 0.8970804 -0.3283715 0.295667 0.8970804 -0.3283715 0.2608439 0.8979187 -0.3545454 0.2135175 0.9048519 -0.3683117 0.2120404 0.9056243 -0.367265 0.172435 0.9048003 -0.3893619 0.1724893 0.9056241 -0.3874176 0.1335046 0.8981247 -0.4189853 0.1335577 0.8972685 -0.420799 0.09408605 0.8979189 -0.429988 0.0448516 0.9039912 -0.4251922 0.04432845 0.9056242 -0.4217583 0 0.8987602 -0.4384407 -0.0445308 0.9039912 -0.425226 -0.04432845 0.9056242 -0.4217582 -0.09408605 0.8979189 -0.429988 -0.1334909 0.8972443 -0.4208717 -0.1335133 0.8979188 -0.4194238 -0.1724166 0.9048063 -0.3893559 -0.1724893 0.9056241 -0.3874176 -0.2120404 0.9056244 -0.3672649 -0.213964 0.9047003 -0.3684248 -0.2608438 0.8979188 -0.3545454 -0.2956668 0.8970806 -0.3283712 -0.2956665 0.8970807 -0.328371 -0.3283725 0.8970798 -0.2956678 -0.3283727 0.8970797 -0.295668 -0.3545453 0.8979188 -0.2608439 -0.3684247 0.9047004 -0.2139641 -0.367265 0.9056243 -0.2120405 -0.3892366 0.9048429 -0.1724945 -0.3874186 0.9056237 -0.1724897 -0.419117 0.8980629 -0.1335069 -0.4212885 0.8970752 -0.1333124 -0.4299882 0.8979187 -0.09408628 -0.4251919 0.9039913 -0.04485172 -0.4217581 0.9056242 -0.04432851 -0.4381493 0.8989023 -1.03931e-4 -0.4253442 0.9039325 0.04459178 -0.4214819 0.9057598 0.04418629 -0.4299883 0.8979186 0.09408628 -0.4212888 0.8970751 0.1333125 -0.4194242 0.8979185 0.1335133 -0.3896563 0.9046998 0.1722972 -0.3874186 0.9056237 0.1724897 -0.3672645 0.9056246 0.2120402 -0.3683634 0.9048007 0.2136451 -0.3545452 0.8979189 0.2608438 -0.3283719 0.8970801 0.2956672 -0.328372 0.8970801 0.2956673 -0.2956671 0.8970804 0.3283715 -0.295667 0.8970804 0.3283715 -0.2608439 0.8979187 0.3545454 -0.2135175 0.9048519 0.3683117 -0.2120404 0.9056243 0.367265 -0.172435 0.9048003 0.3893619 -0.1724893 0.9056241 0.3874176 -0.1335046 0.8981247 0.4189853 -0.1335577 0.8972685 0.420799 -0.09408605 0.8979189 0.429988 -0.0448516 0.9039912 0.4251922 -0.04432845 0.9056242 0.4217583 0 0.8987602 0.4384407 0.0445308 0.9039912 0.425226 0.04432845 0.9056242 0.4217582 0.09408605 0.8979189 0.429988 0.1334909 0.8972443 0.4208717 0.1335133 0.8979188 0.4194238 0.1724166 0.9048063 0.3893559 0.1724893 0.9056241 0.3874176 0.2120404 0.9056244 0.3672649 0.213964 0.9047003 0.3684248 0.2608438 0.8979188 0.3545454 0.2956668 0.8970806 0.3283712 0.2956665 0.8970807 0.328371 0.3283725 0.8970798 0.2956678 0.3283727 0.8970797 0.295668 0.3545453 0.8979188 0.2608439 0.3684247 0.9047004 0.2139641 0.367265 0.9056243 0.2120405 0.3892366 0.9048429 0.1724945 0.3874186 0.9056237 0.1724897 0.419117 0.8980629 0.1335069 0.4212885 0.8970752 0.1333124 0.4299882 0.8979187 0.09408628 0.4251919 0.9039913 0.04485172 0.4217581 0.9056242 0.04432851 0.1452956 0.9893884 -3.10177e-6 0.1444911 0.9893896 -0.01518654 0.07231473 0.997353 -0.007600605 0.1421262 0.9893876 -0.03020697 0.13818 0.9893891 -0.04489749 0.06913626 0.997353 -0.02251923 0.1327375 0.9893878 -0.05909848 0.0664283 0.9973528 -0.02957582 0.06297165 0.9973529 -0.0363568 0.1264849 0.9890695 -0.07578504 0.05885732 0.997353 -0.04269623 0.1179832 0.9890531 -0.08862203 0.1266962 0.9855571 -0.1123628 0.1123554 0.9855589 -0.1266879 0.08542591 0.9893826 -0.1175783 0.04269665 0.997353 -0.05885499 0.07264381 0.9893894 -0.1258231 0.0363568 0.9973529 -0.06297224 0.05909746 0.9893881 -0.1327355 0.02957499 0.9973528 -0.06642746 0.02251988 0.997353 -0.06913739 0.04341202 0.989053 -0.1410306 0.03020811 0.9893866 -0.1421331 0.01518654 0.9893898 -0.1444901 0.007600367 0.997353 -0.07231307 3.12785e-6 0.9893877 -0.1453001 -0.01518654 0.9893897 -0.1444904 -0.007600367 0.997353 -0.07231295 -0.03020817 0.9893866 -0.1421325 -0.04491293 0.9893816 -0.1382276 -0.02251988 0.9973528 -0.06913793 -0.05909746 0.9893881 -0.1327357 -0.02957499 0.9973528 -0.06642818 -0.03635674 0.9973529 -0.06297177 -0.07578641 0.9890691 -0.126487 -0.04269665 0.997353 -0.05885547 -0.08866053 0.9890535 -0.1179518 -0.1123602 0.9855578 -0.1266933 -0.1266928 0.985558 -0.1123588 -0.1175401 0.9893895 -0.08539748 -0.05885738 0.997353 -0.04269641 -0.1258201 0.98939 -0.07264214 -0.06297087 0.997353 -0.03635627 -0.1327377 0.9893878 -0.05909872 -0.06642758 0.9973528 -0.02957582 -0.0691365 0.9973531 -0.02251917 -0.1410542 0.9890539 -0.04331678 -0.1421265 0.9893875 -0.03020715 -0.144492 0.9893894 -0.01518666 -0.07231521 0.997353 -0.007600665 -0.1452956 0.9893884 3.10177e-6 -0.1444911 0.9893896 0.01518654 -0.07231473 0.997353 0.007600605 -0.1421262 0.9893876 0.03020697 -0.13818 0.9893891 0.04489749 -0.06913626 0.997353 0.02251923 -0.1327375 0.9893878 0.05909848 -0.0664283 0.9973528 0.02957582 -0.06297165 0.9973529 0.0363568 -0.1264849 0.9890695 0.07578504 -0.05885732 0.997353 0.04269623 -0.1179832 0.9890531 0.08862203 -0.1266962 0.9855571 0.1123628 -0.1123554 0.9855589 0.1266879 -0.08542591 0.9893826 0.1175783 -0.04269665 0.997353 0.05885499 -0.07264381 0.9893894 0.1258231 -0.0363568 0.9973529 0.06297224 -0.05909746 0.9893881 0.1327355 -0.02957499 0.9973528 0.06642746 -0.02251988 0.997353 0.06913739 -0.04341202 0.989053 0.1410306 -0.03020811 0.9893866 0.1421331 -0.01518654 0.9893898 0.1444901 -0.007600367 0.997353 0.07231307 -3.12785e-6 0.9893877 0.1453001 0.01518654 0.9893897 0.1444904 0.007600367 0.997353 0.07231295 0.03020817 0.9893866 0.1421325 0.04491293 0.9893816 0.1382276 0.02251988 0.9973528 0.06913793 0.05909746 0.9893881 0.1327357 0.02957499 0.9973528 0.06642818 0.03635674 0.9973529 0.06297177 0.07578641 0.9890691 0.126487 0.04269665 0.997353 0.05885547 0.08866053 0.9890535 0.1179518 0.1123602 0.9855578 0.1266933 0.1266928 0.985558 0.1123588 0.1175401 0.9893895 0.08539748 0.05885738 0.997353 0.04269641 0.1258201 0.98939 0.07264214 0.06297087 0.997353 0.03635627 0.1327377 0.9893878 0.05909872 0.06642758 0.9973528 0.02957582 0.0691365 0.9973531 0.02251917 0.1410542 0.9890539 0.04331678 0.1421265 0.9893875 0.03020715 0.144492 0.9893894 0.01518666 0.07231521 0.997353 0.007600665 0.7273114 0.6863077 -8.34744e-6 0.7233342 0.6863002 -0.07602524 0.5814524 0.811282 -0.06111276 0.7549082 0.6384845 -0.1498376 0.7288013 0.6383474 -0.2477123 0.6643801 0.6863723 -0.2957909 0.5339456 0.8112945 -0.2381246 0.5065134 0.8112776 -0.2920153 0.6301704 0.6832733 -0.368813 0.628688 0.6385096 -0.443911 0.4439448 0.6384497 -0.6287249 0.3636631 0.6862915 -0.6298835 0.2920126 0.8112823 -0.5065072 0.2957957 0.6863614 -0.6643893 0.2381304 0.8112851 -0.5339573 0.2477156 0.6383742 -0.7287766 0.1498379 0.6384919 -0.754902 0.07602661 0.686289 -0.7233447 0.0611127 0.8112843 -0.5814493 -8.28877e-6 0.6863181 -0.7273015 -0.07602655 0.6862888 -0.7233449 -0.06111264 0.8112839 -0.5814497 -0.1498378 0.6384919 -0.7549019 -0.2477155 0.6383746 -0.7287763 -0.295811 0.6863607 -0.6643832 -0.2381307 0.8112846 -0.5339581 -0.2920133 0.8112817 -0.5065081 -0.3688122 0.6832755 -0.6301685 -0.4439274 0.6384957 -0.6286906 -0.6287177 0.6384608 -0.4439391 -0.6298868 0.6862877 -0.3636647 -0.5065184 0.8112733 -0.2920183 -0.6643799 0.6863722 -0.2957914 -0.5339455 0.8112945 -0.2381251 -0.728776 0.6383777 -0.2477084 -0.7549089 0.6384837 -0.1498377 -0.7233376 0.6862965 -0.07602566 -0.5814441 0.8112879 -0.06111192 -0.7273114 0.6863077 8.34744e-6 -0.7233342 0.6863002 0.07602524 -0.5814524 0.811282 0.06111276 -0.7549082 0.6384845 0.1498376 -0.7288013 0.6383474 0.2477123 -0.6643801 0.6863723 0.2957909 -0.5339456 0.8112945 0.2381246 -0.5065134 0.8112776 0.2920153 -0.6301704 0.6832733 0.368813 -0.628688 0.6385096 0.443911 -0.4439448 0.6384497 0.6287249 -0.3636631 0.6862915 0.6298835 -0.2920126 0.8112823 0.5065072 -0.2957957 0.6863614 0.6643893 -0.2381304 0.8112851 0.5339573 -0.2477156 0.6383742 0.7287766 -0.1498379 0.6384919 0.754902 -0.07602661 0.686289 0.7233447 -0.0611127 0.8112843 0.5814493 8.28877e-6 0.6863181 0.7273015 0.07602655 0.6862888 0.7233449 0.06111264 0.8112839 0.5814497 0.1498378 0.6384919 0.7549019 0.2477155 0.6383746 0.7287763 0.295811 0.6863607 0.6643832 0.2381307 0.8112846 0.5339581 0.2920133 0.8112817 0.5065081 0.3688122 0.6832755 0.6301685 0.4439274 0.6384957 0.6286906 0.6287177 0.6384608 0.4439391 0.6298868 0.6862877 0.3636647 0.5065184 0.8112733 0.2920183 0.6643799 0.6863722 0.2957914 0.5339455 0.8112945 0.2381251 0.728776 0.6383777 0.2477084 0.7549089 0.6384837 0.1498377 0.7233028 0.6863336 0.07602196 0.5814441 0.8112879 0.06111192 0.2877725 0.9576989 1.03826e-4 0.3569742 0.9341143 0 0.28855 0.9570535 -0.02806645 0.34915 0.9341235 -0.07421344 0.2840342 0.957054 -0.05807054 0.3394879 0.9341203 -0.1103062 0.2764429 0.9570536 -0.08733743 0.2629258 0.9576882 -0.1170621 0.249208 0.9577024 -0.1438798 0.3091275 0.9341237 -0.1784745 0.2887778 0.9341239 -0.2098094 0.2358872 0.957054 -0.1685376 0.2652691 0.9341219 -0.2388488 0.2169532 0.9570522 -0.1923083 0.1956597 0.9570537 -0.2139288 0.169142 0.9577022 -0.2328038 0.2388472 0.9341228 -0.265267 0.1438815 0.9577016 -0.2492104 0.2098127 0.934122 -0.2887813 0.1784751 0.9341232 -0.3091285 0.1200126 0.9570537 -0.263904 0.110306 0.9341207 -0.3394869 0.09173947 0.9570524 -0.2750174 0.05984848 0.9576742 -0.2815644 0.03008908 0.9576734 -0.2862803 0.07421451 0.934123 -0.3491508 0 0.9576741 -0.2878549 0 0.9341223 -0.3569532 -0.02796882 0.9570542 -0.2885566 -0.07421457 0.9341228 -0.3491517 -0.05802327 0.9570534 -0.2840458 -0.1103059 0.9341208 -0.3394865 -0.08733743 0.9570536 -0.2764428 -0.1170819 0.9576734 -0.2629706 -0.1438814 0.9577018 -0.24921 -0.1784751 0.9341233 -0.3091282 -0.2098116 0.9341228 -0.28878 -0.1685798 0.9570529 -0.2358617 -0.2388466 0.9341234 -0.2652658 -0.1922296 0.9570546 -0.2170121 -0.2139328 0.9570521 -0.195663 -0.2328385 0.9576894 -0.1691669 -0.26527 0.9341211 -0.2388504 -0.2493314 0.9576597 -0.1439512 -0.288775 0.9341254 -0.209807 -0.3091308 0.9341223 -0.1784762 -0.2639034 0.9570538 -0.1200125 -0.3394843 0.9341216 -0.110305 -0.27498 0.9570545 -0.09183067 -0.2815621 0.9576748 -0.05984777 -0.2862809 0.9576732 -0.03008913 -0.3491524 0.9341226 -0.07421404 -0.2878173 0.9576854 0 -0.3569742 0.9341143 0 -0.28855 0.9570535 0.02806645 -0.34915 0.9341235 0.07421344 -0.2840342 0.957054 0.05807054 -0.3394879 0.9341203 0.1103062 -0.2764429 0.9570536 0.08733743 -0.2629258 0.9576882 0.1170621 -0.249208 0.9577024 0.1438798 -0.3091275 0.9341237 0.1784745 -0.2887778 0.9341239 0.2098094 -0.2358872 0.957054 0.1685376 -0.2652691 0.9341219 0.2388488 -0.2169532 0.9570522 0.1923083 -0.1956597 0.9570537 0.2139288 -0.169142 0.9577022 0.2328038 -0.2388472 0.9341228 0.265267 -0.1438815 0.9577016 0.2492104 -0.2098127 0.934122 0.2887813 -0.1784751 0.9341232 0.3091285 -0.1200126 0.9570537 0.263904 -0.110306 0.9341207 0.3394869 -0.09173947 0.9570524 0.2750174 -0.05984848 0.9576742 0.2815644 -0.03008908 0.9576734 0.2862803 -0.07421451 0.934123 0.3491508 0 0.9576741 0.2878549 0 0.9341223 0.3569532 0.02796882 0.9570542 0.2885566 0.07421457 0.9341228 0.3491517 0.05802327 0.9570534 0.2840458 0.1103059 0.9341208 0.3394865 0.08733743 0.9570536 0.2764428 0.1170819 0.9576734 0.2629706 0.1438814 0.9577018 0.24921 0.1784751 0.9341233 0.3091282 0.2098116 0.9341228 0.28878 0.1685798 0.9570529 0.2358617 0.2388466 0.9341234 0.2652658 0.1922296 0.9570546 0.2170121 0.2139328 0.9570521 0.195663 0.2328385 0.9576894 0.1691669 0.26527 0.9341211 0.2388504 0.2493314 0.9576597 0.1439512 0.288775 0.9341254 0.209807 0.3091308 0.9341223 0.1784762 0.2639034 0.9570538 0.1200125 0.3394843 0.9341216 0.110305 0.27498 0.9570545 0.09183067 0.2815621 0.9576748 0.05984777 0.2862809 0.9576732 0.03008913 0.3491524 0.9341226 0.07421404 0.8438354 0.5366022 0 0.8391899 0.5366383 -0.08820247 0.8025544 0.5366105 -0.2606832 0.7306619 0.5366178 -0.4221075 0.6270846 0.5366179 -0.5646291 0.6270846 0.5366176 -0.5646296 0.5646274 0.5366222 -0.6270825 0.5646274 0.5366222 -0.6270827 0.4959882 0.5366178 -0.6826691 0.4218966 0.5366166 -0.7307844 0.2602143 0.5366255 -0.8026964 0.08820456 0.53661 -0.8392078 0 0.5366135 -0.8438283 -0.08820456 0.53661 -0.8392078 -0.2602143 0.5366259 -0.8026962 -0.42198 0.5366179 -0.7307354 -0.5646283 0.5366197 -0.6270839 -0.5646286 0.5366197 -0.6270837 -0.6270813 0.5366245 -0.5646266 -0.6270813 0.5366249 -0.5646264 -0.682663 0.5366302 -0.4959832 -0.7307346 0.5366184 -0.4219808 -0.8026049 0.536602 -0.2605452 -0.8392003 0.5366219 -0.08820354 -0.8438354 0.5366022 0 -0.8391899 0.5366383 0.08820247 -0.8025544 0.5366105 0.2606832 -0.7306619 0.5366178 0.4221075 -0.6270846 0.5366179 0.5646291 -0.6270846 0.5366176 0.5646296 -0.5646274 0.5366222 0.6270825 -0.5646274 0.5366222 0.6270827 -0.4959882 0.5366178 0.6826691 -0.4218966 0.5366166 0.7307844 -0.2602143 0.5366255 0.8026964 -0.08820456 0.53661 0.8392078 0 0.5366135 0.8438283 0.08820456 0.53661 0.8392078 0.2602143 0.5366259 0.8026962 0.42198 0.5366179 0.7307354 0.5646283 0.5366197 0.6270839 0.5646286 0.5366197 0.6270837 0.6270813 0.5366245 0.5646266 0.6270813 0.5366249 0.5646264 0.682663 0.5366302 0.4959832 0.7307346 0.5366184 0.4219808 0.8026049 0.536602 0.2605452 0.8392003 0.5366219 0.08820354 -0.5224367 0.8287591 -0.200545 -0.6392092 0.7068495 -0.3029447 -0.5107258 0.8291281 -0.2273892 -0.6903132 0.632258 -0.3517351 -0.2979917 0.6556793 -0.6937475 -0.2194014 0.7042298 -0.675221 -0.1727595 0.8291251 -0.531701 -0.16671 0.6554934 -0.7365706 0.08754134 0.8287582 0.5527173 0.05843973 0.8291156 0.5560147 0.05820769 0.8291155 0.556039 0 0.8291211 0.559069 -0.05843967 0.829115 0.5560155 -0.05820763 0.829115 0.5560399 -0.08754128 0.8287576 0.5527183 -0.1448322 0.8287692 0.5405232 -0.1727595 0.8291269 0.5316981 -0.1729813 0.829127 0.5316258 -0.2213937 0.8384873 0.4979198 -0.315435 0.684374 0.6573684 -0.3510226 0.7140583 0.605726 -0.4409047 0.4734359 0.7625363 -0.4798616 0.4657135 0.7435346 -0.5224351 0.8287602 0.2005448 -0.5317045 0.8291222 0.1727625 -0.5317767 0.8291221 0.1725404 -0.546866 0.8291116 0.1162393 -0.5468662 0.8291115 0.1162393 -0.5560249 0.8291155 0.05834335 -0.5560084 0.8291198 0.05843943 -0.5588182 0.8287729 0.02928626 -0.8234087 0.3820716 -0.4195468 -0.7750335 0.3820986 -0.503313 -0.52489 0.5516802 -0.6481817 -0.4979757 0.4975892 -0.710229 -0.4900421 0.5522068 -0.6744823 -0.4830411 0.4690139 -0.7393897 -0.5073638 0.381985 -0.7724438 -0.3988148 0.4689843 -0.788036 -0.3660914 0.4975854 -0.7863752 -0.4152704 0.3819983 -0.8256075 -0.1730009 0.5521918 -0.8155703 -0.0871464 0.5522011 -0.8291438 -0.08714628 0.5522013 -0.8291438 -6.04589e-7 0.5521953 -0.8337149 -5.92065e-7 0.5521952 -0.8337149 0.08714669 0.5521995 -0.8291448 0.08714681 0.5521994 -0.8291449 0.1733397 0.552192 -0.8154982 0.1945954 0.497583 -0.8453071 0.2262587 0.4689826 -0.8537343 0.2345432 0.3819971 -0.8939059 0.3187562 0.4690222 -0.8236582 0.3591254 0.4694646 -0.8066176 0.3391012 0.5522016 -0.7616325 0.3356753 0.3819937 -0.8610476 0.398815 0.4689834 -0.7880364 0.4152706 0.3819975 -0.825608 0.4830419 0.469013 -0.7393898 0.4979757 0.4975889 -0.7102293 0.4900421 0.5522066 -0.6744825 0.5073645 0.381984 -0.7724438 0.5248901 0.55168 -0.6481819 0.6481825 0.5516823 -0.5248869 0.710245 0.4975629 -0.4979792 0.6744758 0.552221 -0.4900352 0.7393888 0.4690142 -0.4830423 0.7724432 0.3819847 -0.5073651 0.7880179 0.4690217 -0.3988065 0.7863284 0.4976958 -0.3660418 0.7616301 0.5522058 -0.3390997 0.8256095 0.3819935 -0.415271 0.7929244 0.552172 -0.2576377 0.7929246 0.5521718 -0.2576375 0.8154782 0.552223 -0.173336 0.8291408 0.5522055 -0.08714711 0.8291414 0.5522047 -0.08714699 0.8337262 0.552178 0 0.8337268 0.5521773 0 0.8291448 0.5521995 0.08714747 0.8291442 0.5522003 0.08714753 0.815473 0.5522308 0.173335 0.7929212 0.5521773 0.257636 0.792921 0.5521776 0.2576363 0.7863287 0.4976955 0.3660416 0.7616302 0.5522057 0.3390993 0.7880218 0.4690134 0.3988086 0.8256127 0.3819848 0.4152727 0.7393928 0.4690057 0.4830447 0.7102218 0.4976001 0.497975 0.6744772 0.5522186 0.4900358 0.7724463 0.3819759 0.507367 0.6481839 0.55168 0.5248876 0.503315 0.3820906 0.775036 0.4195442 0.3820899 0.8234016 0.3311761 0.382095 0.8627432 0.2391829 0.3820913 0.8926354 -0.4541649 0.1910923 0.8701828 -0.5265157 0.1910861 0.8284127 -0.7750304 0.3821072 0.5033109 -0.8234056 0.3820803 0.4195452 -0.6048956 0.783636 -0.1414787 -0.575855 0.7955442 -0.1884157 -0.6856434 0.6923878 -0.2247051 -0.523133 0.8236387 -0.2189778 -0.2273113 0.8121499 -0.5373472 -0.2094 0.733991 -0.6460719 -0.243605 0.6152618 -0.7497397 -0.1312782 0.8121756 -0.5684513 0.1303281 0.8236459 -0.5519258 0.1879624 0.7937385 -0.5784889 0.2229633 0.6923901 -0.6862094 0.2139139 0.831224 -0.5131349 0.2189785 0.8236384 0.5231332 0.1879623 0.7937384 0.5784891 0.2229631 0.6923901 0.6862095 0.1285451 0.8312358 0.5408543 -0.1319465 0.8121482 0.5683357 -0.2104837 0.7307916 0.6493383 -0.2399516 0.6152558 0.7509219 -0.2493469 0.7621115 0.5975051 -0.5373489 0.812149 0.2273113 -0.6460689 0.733994 0.209399 -0.7497371 0.6152651 0.2436044 -0.5578986 0.8197297 0.129586 -0.5676319 0.822745 -0.02974814 -0.5647821 0.8231146 -0.05919188 -0.5647704 0.8231105 -0.05935931 -0.5480017 0.8286171 -0.1144026 -0.4502313 0.8807237 -0.1470296 -0.4165955 0.8766968 -0.2405226 -0.4165951 0.876697 -0.2405225 -0.3891676 0.8767 -0.2827471 -0.3891674 0.8767001 -0.2827471 -0.3574885 0.8766941 -0.3218844 -0.3574885 0.876694 -0.3218845 -0.3218839 0.8766937 -0.3574899 -0.3218837 0.8766938 -0.3574898 -0.2827489 0.8766978 -0.3891711 -0.2827488 0.8766978 -0.389171 -0.2405211 0.8766974 -0.4165951 -0.2405211 0.8766974 -0.4165952 -0.1695642 0.8340142 -0.5250413 -0.07533025 0.8764224 -0.4756145 -0.07533025 0.8764227 -0.4756143 -0.01734328 0.8762219 -0.4815957 0.01734328 0.8762221 -0.4815955 0.04645335 0.8766944 -0.4787998 0.04599654 0.8766937 -0.4788452 0.1000148 0.8766953 -0.4705342 0.1486502 0.876697 -0.4574993 0.276721 0.8340147 -0.4773312 0.2778243 0.8325353 -0.4792688 0.2798496 0.8797878 -0.3842626 0.3171892 0.8806718 -0.3518639 0.318498 0.8797264 -0.3530449 0.4106805 0.834015 -0.3684571 0.4123285 0.8325356 -0.3699589 0.3848922 0.8797905 -0.2789748 0.3835774 0.8807312 -0.2778146 0.4165958 0.8766963 -0.2405234 0.4165962 0.8766961 -0.2405235 0.4394559 0.8766964 -0.195658 0.4575098 0.8766909 -0.1486535 0.4575093 0.8766912 -0.1486532 0.470528 0.8766989 -0.100013 0.4705273 0.8766993 -0.1000127 0.475598 0.8764316 -0.07532739 0.4755974 0.8764321 -0.07532733 0.4815993 0.87622 -0.01734328 0.5676319 0.822745 0.02974814 0.5572253 0.8284357 0.05651974 0.5577924 0.8280494 0.05658549 0.4648696 0.8797862 0.09936052 0.4631282 0.8807269 0.09915983 0.4575094 0.8766913 0.1486532 0.4575096 0.8766911 0.1486534 0.4394541 0.8766975 0.1956575 0.4165955 0.8766968 0.2405226 0.4165951 0.876697 0.2405225 0.3891676 0.8767 0.2827471 0.3891674 0.8767001 0.2827471 0.3574885 0.8766941 0.3218844 0.3574885 0.876694 0.3218845 0.3218839 0.8766937 0.3574899 0.3218837 0.8766938 0.3574898 0.2827489 0.8766978 0.3891711 0.2827488 0.8766978 0.389171 0.2405211 0.8766974 0.4165951 0.2405211 0.8766974 0.4165952 0.1486503 0.8766966 0.4574998 0.09821343 0.8806948 0.4633907 0.08126091 0.8337244 0.5461688 0.08155941 0.8321697 0.5484905 0.02974736 0.8227471 0.5676289 -0.01734328 0.8762221 0.4815955 -0.04645335 0.8766944 0.4787998 -0.04599654 0.8766937 0.4788452 -0.1758932 0.8285325 0.5315971 -0.225839 0.8286179 0.5122395 -0.2360434 0.8824793 0.4068342 -0.3250978 0.834017 0.4457884 -0.3263975 0.8325377 0.4476001 -0.3154706 0.8824796 0.3488672 -0.4181283 0.8285308 0.3724321 -0.4187792 0.8279318 0.3730319 -0.4523829 0.82805 0.3311843 -0.4516876 0.8286294 0.3306837 -0.4119812 0.8797659 0.2372419 -0.4105194 0.8807287 0.2362012 -0.5250384 0.8340164 0.169563 -0.5461712 0.8337229 0.08126062 -0.5484927 0.8321682 0.08156067 -0.5676302 0.8227461 0.0297482 0 -1 0 0 -1 0 0 -1 0 0 -1 0 0 -1 0 0 -1 0 0 -1 0 0 -1 0 0 -1 0 0 -1 0 0 -1 0 0 -1 0 0 -1 0 0 -1 0 0 -1 0 0 -1 0 0 -1 0 0 -1 0 0 -1 0 0 -1 0 0 -1 0 0 -1 0 0 -1 0 0 -1 0 0 -1 0 0 -1 0 0 -1 0 0 -1 0 0 -1 0 0 -1 0 0 -1 0 0 -1 0 0 -1 0 0 -1 0 0 -1 1.55532e-7 0 -1 0 0 -1 0 0 -1 1.93671e-7 0 -1 0 0 -1 -2.57975e-7 0 -1 0 0 -1 0 0 -1 0 0 -1 -2.95141e-7 0 -1 0 0 -1 0 0 -1 0 0 -1 0 0 -1 0 0 -1 0 0 -1 0 0 -1 0 0 -1 0 0 -1 0 0 -1 0 0 -1 0 0 -1 2.95141e-7 0 -1 2.57975e-7 0 -1 0 0 -1 0 0 -1 0 0 -1 0 0 -1 -1.93671e-7 0 -1 -1.55532e-7 0 -1 0 0 -1 0 0 -1 0 0 -1 0 0 -1 0 0 -1 0 0 -1 0 0 -1 0 0 -1 0 0 -1 0 0 -1 0 0 -1 0 0 -1 0 0 -1 0 0 -1 0 0 -1 0 0 -1 0 0 -1 0 0 -1 0 0 -1 0 0 -1 0 0 -1 0 0 -1 0 0 -1 0 0 -1 0 0 -1 0 0 -1 0 0 -1 0 0 -1 0 0 -1 0 0 -1 0 0 -1 0 0 -1 0 7.31107e-5 -0.6831774 0.7302525 0 -0.684588 0.7289302 0 -0.6845881 0.7289302 0 -0.6845884 0.7289299 0 -0.6845885 0.7289298 2.62592e-7 -0.6845884 0.7289299 1.26998e-7 -0.684588 0.7289302 -9.30616e-7 -0.6845881 0.7289301 -6.99246e-7 -0.6845886 0.7289298 6.71786e-7 -0.6845886 0.7289297 -2.45349e-7 -0.6845882 0.7289301 1.6186e-7 -0.6845883 0.72893 8.03892e-7 -0.6845884 0.7289299 -6.65387e-7 -0.6845885 0.7289298 2.30422e-7 -0.6845881 0.7289301 0 -0.6845883 0.7289301 0 -0.6845883 0.72893 0 -0.6845883 0.7289301 -2.30422e-7 -0.6845881 0.7289301 6.65387e-7 -0.6845885 0.7289298 -8.03892e-7 -0.6845884 0.7289299 -1.6186e-7 -0.6845883 0.72893 2.45349e-7 -0.6845882 0.7289301 -6.71786e-7 -0.6845886 0.7289297 6.99246e-7 -0.6845886 0.7289298 9.30616e-7 -0.6845881 0.7289301 -1.26998e-7 -0.684588 0.7289302 -2.62592e-7 -0.6845884 0.7289299 0 -0.6845885 0.7289298 0 -0.6845884 0.7289299 0 -0.684588 0.7289302 0 -0.6845881 0.7289302 0 -0.6845884 0.7289298 0 -0.6845884 0.7289299 0 -0.6845882 0.7289301 0 -0.684588 0.7289302 -5.30399e-7 -0.6845892 0.7289292 -9.65774e-7 -0.6845883 0.72893 1.95851e-7 -0.6845881 0.7289302 0 -0.6845887 0.7289296 6.36282e-7 -0.6845884 0.7289299 -1.93827e-7 -0.6845883 0.72893 1.29675e-7 -0.684588 0.7289302 0 -0.6845884 0.7289299 0.06076741 -0.6661696 0.7433206 -6.59641e-5 -0.6673363 0.7447566 -0.06081384 -0.6833212 0.7275809 0.0611487 -0.6917987 0.7194967 1.05096e-4 -0.6672638 0.7448215 -0.06108808 -0.6573091 0.7511411 -1.29675e-7 -0.684588 0.7289302 1.93827e-7 -0.6845883 0.72893 -6.36282e-7 -0.6845884 0.7289299 0 -0.6845887 0.7289296 -1.95851e-7 -0.6845881 0.7289302 9.65774e-7 -0.6845883 0.72893 5.30399e-7 -0.6845892 0.7289292 0 -0.684588 0.7289302 0 -0.6845882 0.7289301 0 -0.6845884 0.7289299 0 -0.6845884 0.7289298 0 0.684588 -0.7289302 0 0.6845883 -0.72893 0 0.684588 -0.7289303 -1.51523e-7 0.6845884 -0.7289299 0 0.6845885 -0.7289298 -2.62592e-7 0.6845884 -0.7289298 -3.18862e-7 0.6845886 -0.7289297 5.01635e-7 0.6845889 -0.7289295 1.13896e-6 0.6845887 -0.7289296 1.48956e-7 0.6845883 -0.72893 -6.36638e-7 0.6845881 -0.7289301 9.96587e-7 0.6845884 -0.7289299 1.2362e-6 0.6845884 -0.7289299 -1.03294e-6 0.6845882 -0.7289301 -1.23205e-7 0.6845881 -0.7289301 1.1507e-6 0.6845884 -0.7289299 0 0.6845883 -0.72893 -1.1507e-6 0.6845884 -0.7289299 1.23205e-7 0.6845881 -0.7289301 1.03294e-6 0.6845883 -0.7289299 -1.2362e-6 0.6845884 -0.7289299 -9.96587e-7 0.6845884 -0.7289299 0 0.6845881 -0.7289301 -6.41698e-7 0.6845883 -0.72893 -1.13896e-6 0.6845885 -0.7289298 -5.01634e-7 0.6845887 -0.7289297 0 0.6845883 -0.7289299 -3.14978e-7 0.6845883 -0.7289299 -2.70984e-7 0.6845885 -0.7289298 0 0.6845884 -0.7289299 0 0.684588 -0.7289303 0 0.6845881 -0.7289302 0 0.6845883 -0.7289299 0 0.6845884 -0.7289299 -4.28699e-7 0.6845883 -0.7289299 -1.11771e-6 0.6845877 -0.7289306 3.01418e-7 0.6845881 -0.7289301 9.34559e-7 0.6845884 -0.7289299 0 0.6845886 -0.7289298 0 0.6845889 -0.7289295 -2.55387e-7 0.6845883 -0.72893 -6.80763e-7 0.684588 -0.7289302 2.81638e-7 0.6845883 -0.72893 2.72084e-7 0.6845883 -0.7289299 1.50778e-7 0.6845883 -0.72893 1.9339e-7 0.6845883 -0.72893 -1.9339e-7 0.6845883 -0.7289299 -6.78297e-7 0.6845883 -0.72893 -5.78415e-7 0.6845883 -0.7289299 -2.81638e-7 0.6845883 -0.72893 6.80763e-7 0.6845878 -0.7289304 2.55387e-7 0.6845883 -0.7289301 -9.34559e-7 0.6845884 -0.7289299 -3.01418e-7 0.6845881 -0.7289301 1.11771e-6 0.6845877 -0.7289306 4.28699e-7 0.6845883 -0.7289299 0 0.6845884 -0.7289299 0 0.6845883 -0.72893 1 -2.21995e-6 1.78261e-7 0.9912759 -0.09607577 -0.09023022 1 -2.93537e-6 2.28175e-7 0.9912759 -0.09607541 -0.09023058 0.9656946 -0.1892878 -0.1777754 0.9656945 -0.1892881 -0.1777757 0.9249013 -0.2771447 -0.2602853 0.9249012 -0.2771449 -0.2602853 0.8712711 -0.3577599 -0.3359979 0.8712709 -0.3577601 -0.3359981 0.8074775 -0.4299928 -0.4038397 0.736162 -0.493346 -0.4633306 0.7361623 -0.4933462 -0.4633299 0.6596173 -0.547869 -0.5145334 0.6596166 -0.5478696 -0.5145336 0.5797059 -0.5939508 -0.5578204 0.5797051 -0.5939508 -0.5578213 0.4978471 -0.6321737 -0.5937212 0.4978477 -0.6321742 -0.5937201 0.4150068 -0.6631898 -0.6228553 0.4150071 -0.6631901 -0.6228547 0.33182 -0.6876314 -0.6458008 0.2486326 -0.7060413 -0.6630893 0.2486327 -0.7060413 -0.6630894 0.165603 -0.7188631 -0.6751381 0.08274686 -0.7264266 -0.6822444 0.08274692 -0.7264266 -0.6822444 -2.16296e-7 -0.7289267 -0.6845919 -2.84835e-7 -0.7289267 -0.6845918 -0.08274638 -0.7264266 -0.6822444 -0.1656039 -0.7188631 -0.6751379 -0.2486317 -0.7060416 -0.6630894 -0.2486316 -0.7060416 -0.6630894 -0.08274632 -0.7264266 -0.6822444 -0.3318221 -0.6876308 -0.6458004 -0.4150071 -0.6631901 -0.6228547 -0.4150069 -0.6631898 -0.6228552 -0.497849 -0.632173 -0.5937204 -0.579706 -0.5939506 -0.5578203 -0.5797051 -0.5939507 -0.5578213 -0.4978494 -0.6321735 -0.5937194 -0.6596173 -0.5478691 -0.5145334 -0.7361612 -0.4933472 -0.4633308 -0.6596165 -0.5478697 -0.5145336 -0.8074783 -0.4299919 -0.4038388 -0.8712717 -0.3577592 -0.3359974 -0.8712718 -0.3577589 -0.3359971 -0.7361609 -0.4933471 -0.4633314 -0.9249022 -0.2771419 -0.2602852 -0.9656944 -0.1892888 -0.1777752 -0.9656946 -0.1892886 -0.1777749 -0.9249022 -0.2771421 -0.2602852 -0.9912761 -0.09607452 -0.09023064 -1 3.32279e-6 1.63703e-7 -1 2.60054e-6 2.05298e-7 -0.991276 -0.09607452 -0.09023094 -0.9984663 0.04035764 0.03790223 -0.9990113 0.03240579 0.03043687 -0.9990113 0.03240567 0.03043687 -0.9984663 0.04035818 0.03790223 -0.3734365 0.6761955 0.6350629 -0.2953503 0.6964136 0.6540461 -0.3734367 0.676195 0.6350634 -0.2953501 0.6964139 0.6540459 -0.2380106 0.7079846 0.6649127 -0.5506379 0.6084691 0.5714573 -0.485835 0.6371217 0.5983647 -0.5506393 0.6084679 0.5714571 -0.1578922 0.7197857 0.676002 -0.1278736 0.7229455 0.6789685 -0.1278736 0.7229456 0.6789683 -0.1018735 0.7251395 0.6810247 -0.1018735 0.7251397 0.6810244 -0.2380106 0.7079845 0.6649127 -0.1936909 0.7151261 0.6716238 -0.193691 0.715126 0.6716239 -0.07869911 0.7266688 0.6824653 -0.07869887 0.7266687 0.6824654 -0.05750226 0.7277234 0.6834561 -0.05750221 0.7277235 0.683456 -0.03764861 0.7284155 0.6841005 -0.0377056 0.728414 0.684099 -0.02798587 0.7286468 0.6843177 -0.009262323 0.7288977 0.6845601 3.73245e-4 0.728929 0.6845893 0 0.728929 0.6845894 0.0186243 0.7288036 0.6844695 0.01824301 0.7288089 0.6844742 0.02798366 0.7286442 0.6843206 0.04730701 0.7281137 0.6838221 0.0579276 0.7277058 0.6834389 0.05750292 0.7277237 0.6834557 0.07869988 0.7266679 0.6824663 0.07869982 0.726668 0.6824662 0.1018728 0.7251401 0.6810241 0.1018726 0.72514 0.6810241 0.127874 0.7229456 0.6789683 0.1278739 0.7229454 0.6789685 0.1578922 0.7197857 0.6760019 0.1936911 0.7151261 0.6716238 0.1936908 0.7151263 0.6716237 0.2380106 0.7079845 0.6649127 0.2380106 0.7079846 0.6649127 0.2953501 0.6964139 0.6540459 0.2953503 0.6964136 0.6540461 0.3734365 0.6761955 0.6350629 0.3734367 0.676195 0.6350634 0.485835 0.6371217 0.5983647 0.5506379 0.6084691 0.5714573 0.5506393 0.6084679 0.5714571 0.9990115 0.0324009 0.03043675 0.9984663 0.04035663 0.03790217 0.9990115 0.03240066 0.03043675 0.9984662 0.04035705 0.03790217 0 1 -1.42516e-6 0 1 0 0 1 1.42516e-6 0 1 -1.39971e-6 0 1 6.91798e-7 0 1 6.79445e-7 0 1 0 0 1 0 0 1 -1.69861e-7 0 1 3.39722e-7 0 1 3.39722e-7 0 1 -1.35144e-6 0 1 -1.37515e-6 0 1 4.4883e-7 0 1 4.4883e-7 0 1 0 0 1 3.43788e-7 0 1 5.1067e-7 0 1 1.69861e-7 0 1 -3.39722e-7 0 1 -3.33762e-7 0 1 1.37515e-6 -0.002771854 -0.996066 0.08857202 0.1643728 -0.9468697 0.2764409 0.3401419 -0.8862046 0.3145551 0.04724705 -0.9765035 0.2102588 0.02268671 -0.9858214 0.1662575 -0.005196213 -0.9934052 0.1145386 -0.001093089 -0.9903871 0.1383195 0.001113116 -0.9932499 0.1159896 -9.70227e-4 -0.9932077 0.1163508 0.002964556 -0.9931933 0.1164404 0.001929402 -0.9932245 0.116196 -0.003124177 -0.993291 0.1155998 0.001094281 -0.990387 0.1383198 0.005196094 -0.9934052 0.1145389 -0.02268564 -0.9858213 0.1662581 -0.04724788 -0.9765034 0.2102588 -0.02442419 -0.9770207 0.2117405 -0.06111979 -0.9775289 0.2017464 -0.06103307 -0.9761466 0.2083578 -0.002337336 -0.999082 -0.04277563 -0.06932252 -0.9427772 -0.3261376 -0.1307016 -0.7776978 -0.6149011 0 -1 0 0 -1 -3.24914e-7 0 -1 0 0 -1 2.97836e-7 0 -1 -1.62457e-7 0 -1 0 0 -1 0 0 -1 0 0 -1 0 0 -1 0 0 -1 0 0 -1 0 0.03375279 -0.946431 -0.3211373 0.06388616 -0.7914865 -0.6078386 0.9986296 0 -0.05233639 0.9901189 0.1140609 -0.08157622 0.9946244 0.1032831 0.007411897 0.9816262 0 -0.190814 0.9901561 0.1137074 -0.08161926 0.9876884 0 -0.1564344 0.9781452 0 -0.2079233 0.9510569 0 -0.3090159 0.9510523 -2.48314e-7 -0.3090303 0.9135456 0 -0.4067365 0.9135329 0 -0.4067648 0.8660252 0 -0.5000004 0.8660263 0 -0.4999987 0.8090178 0 -0.5877842 0.8090165 2.19326e-7 -0.587786 0.7431461 0 -0.6691292 0.7431399 0 -0.6691362 0.6691288 0 -0.7431465 0.6691146 -1.7701e-7 -0.7431592 0.5877833 0 -0.8090185 0.587782 0 -0.8090195 0.5000035 0 -0.8660236 0.4848231 -1.39815e-7 -0.8746123 0.4226579 0 -0.9062893 0.406683 0 -0.9135695 0.3090161 0 -0.9510568 0.3089902 0 -0.9510653 0.2079129 0 -0.9781473 0.2078778 0 -0.9781549 0.1045291 0 -0.9945219 0.104578 0 -0.9945168 -2.3511e-7 0 -1 -1.24471e-6 0 -1 -0.1045814 0 -0.9945164 -0.3089908 0 -0.9510651 -0.2079126 0 -0.9781475 -0.1907891 -2.69269e-7 -0.9816311 -0.121907 -1.27455e-5 -0.9925416 -0.4848217 0 -0.8746131 -0.4226579 6.70468e-6 -0.9062893 -0.4066846 0 -0.9135687 -0.5000032 0 -0.8660237 -0.3090165 0 -0.9510568 -0.5877833 0 -0.8090184 -0.6691151 -2.10595e-7 -0.7431588 -0.669129 0 -0.7431464 -0.5877808 0 -0.8090202 -0.8191334 6.74278e-7 -0.5736033 -0.7431463 0 -0.669129 -0.7431409 0 -0.669135 -0.913533 0 -0.4067645 -0.8571745 0 -0.5150263 -0.8660348 0 -0.4999837 -0.8090181 0 -0.5877838 -0.9816278 -3.25963e-7 -0.1908059 -0.951057 0 -0.3090158 -0.9510524 -2.41562e-7 -0.3090301 -0.9135455 0 -0.4067366 -1 2.37837e-7 9.36189e-6 -0.9925422 0 -0.1219026 -0.9945218 0 -0.1045298 -0.9781481 0 -0.20791 -0.9876883 0 0.1564353 -0.9781494 0 0.2079034 -0.9781454 0 0.2079224 -0.9986296 0 0.05233657 -1 0 -1.62879e-5 -0.9135418 0 0.406745 -0.8660266 0 0.4999981 -0.8571771 3.30387e-7 0.5150217 -0.8191643 0 0.5735591 -0.8089923 0 0.5878193 -0.951056 0 0.3090189 -0.9510488 -2.81492e-7 0.3090407 -0.9135447 0 0.4067386 -0.6560382 -1.56811e-7 0.7547277 -0.6018192 0 0.7986324 -0.5877837 1.49012e-7 0.8090181 -0.6820036 7.70465e-6 0.7313489 -0.4999988 0 0.8660261 -0.4999743 0 0.8660403 -0.7431451 0 0.6691303 -0.7313585 -1.67871e-7 0.6819933 -0.4067358 0 0.9135459 -0.39073 0 0.9205055 -0.3255666 0 0.9455191 -0.3090053 0 0.9510603 -0.2079141 0 0.9781471 -0.2078616 0 0.9781583 -0.1045306 0 0.9945217 -0.1044659 0 0.9945285 -1.82863e-7 0 1 -8.51618e-7 0 1 0.1044644 0 0.9945287 0.1045305 0 0.9945217 0.2078601 0 0.9781586 0.2079139 0 0.9781472 0.3089569 0 0.9510762 0.3090183 0 0.9510562 0.4067265 -1.47178e-7 0.91355 0.406736 0 0.9135457 0.4999752 0 0.8660398 0.4999989 0 0.8660261 0.587784 1.95461e-7 0.809018 0.6018192 0 0.7986325 0.6820036 0 0.7313489 0.6560382 -1.89524e-7 0.7547277 0.7431452 0 0.6691303 0.7313586 -3.43891e-7 0.6819931 0.8090146 0 0.5877887 0.8191645 0 0.5735588 0.8660275 0 0.4999963 0.8571708 4.62402e-7 0.5150325 0.9135218 0 0.4067898 0.9135451 0 0.4067373 0.9510421 -2.40863e-7 0.3090617 0.9510559 0 0.3090192 0.9781422 2.27243e-7 0.2079374 0.9781477 0 0.2079116 0.994521 -1.55997e-7 0.1045382 0.9945192 2.70549e-7 0.1045542 0.9986295 0 0.05233597 0.8756929 0.4826379 0.01492345 0.8438119 0.5056244 -0.1797932 0.9463127 0.2530483 -0.2011444 0.8263517 0.4967454 -0.2653056 0.9201018 0.2530509 -0.2989613 0.7940924 0.4967461 -0.3502295 0.883813 0.2530493 -0.3934982 0.8378406 0.2530477 -0.4837253 0.7826858 0.2530481 -0.568656 0.7568198 0.4927231 -0.4294738 0.7189553 0.2530496 -0.6473556 0.7013742 0.5040486 -0.5039934 0.6473556 0.2530463 -0.7189564 0.6491434 0.493873 -0.5785347 0.5686551 0.2530485 -0.7826864 0.587105 0.4927118 -0.642295 0.4365891 0.4967612 -0.7500789 0.4837291 0.2530487 -0.8378381 0.3578554 0.4973491 -0.7903059 0.3934959 0.2530481 -0.8838143 0.2989632 0.2530484 -0.920102 0.2011491 0.2530475 -0.9463118 0.2711836 0.5040485 -0.8199968 0.1011252 0.2530499 -0.9621536 0.1872477 0.4927249 -0.8498004 0.005428373 0.4973241 -0.8675479 0 0.2530492 -0.9674534 -0.1011252 0.2530499 -0.9621536 -0.1750876 0.4973074 -0.8497232 -0.2011492 0.2530477 -0.9463118 -0.2670098 0.5056247 -0.820396 -0.2989634 0.2530485 -0.9201019 -0.3478588 0.4973508 -0.7947556 -0.3934959 0.2530481 -0.8838143 -0.4837286 0.253049 -0.8378382 -0.507656 0.4967601 -0.7039282 -0.5686556 0.2530485 -0.7826859 -0.5784764 0.4967461 -0.6469995 -0.6473556 0.2530465 -0.7189564 -0.6429185 0.4967617 -0.5829955 -0.7189552 0.2530497 -0.6473557 -0.6992197 0.4980303 -0.5128916 -0.7826858 0.253048 -0.5686561 -0.7509808 0.4967665 -0.4350299 -0.8378407 0.2530478 -0.4837251 -0.7905737 0.4980229 -0.3563237 -0.883813 0.2530496 -0.393498 -0.9201018 0.2530514 -0.2989614 -0.9463125 0.2530488 -0.2011442 -0.8253007 0.4938815 -0.2737881 -0.9621536 0.2530493 -0.101126 -0.843851 0.5040489 -0.1839848 -0.9738699 0.2253209 0.02842873 -0.8647188 0.4927228 -0.09739428 -0.8826826 0.4601976 0.09534031 -0.9800218 0.1503769 0.130169 -0.9721947 0.1516019 0.1784776 -0.9455044 0.175819 0.2740606 -0.8737007 0.4532302 0.1767188 -0.9055495 0.2070044 0.3703097 -0.8345731 0.4768535 0.2758597 -0.8542941 0.2411463 0.4604672 -0.7460357 0.4740539 0.4676577 -0.7592525 0.5486339 0.3500522 -0.7395417 0.3835952 0.5531121 -0.6741561 0.2236097 0.7039263 -0.6940221 0.4441436 0.5666303 -0.5619897 0.4901859 0.6662471 -0.5227718 0.5357519 0.6630834 0.6965841 0.4877732 0.5261634 0.5693812 0.487487 0.6619377 0.7189571 0.2530526 0.6473524 0.7330147 0.4755805 0.4863257 0.8838194 0.2530522 0.393482 0.8946033 0.3421524 0.2874315 0.8620817 0.2527267 0.4392544 0.8780833 0.3812156 0.2892133 0.9615043 0.2108148 0.1762577 0.8601642 0.4523583 0.2355621 0.8742873 0.4779939 0.0845198 0.982549 0.1729643 0.06841564 0.8602581 0.4998407 -0.1005746 0.4805483 0.8765185 -0.02808094 0.2422492 0.9698222 -0.02757251 0.2251033 0.9743349 0 0.4742716 0.8703447 -0.1325391 0.2289009 0.9702962 -0.07829272 0.2441179 0.9675372 -0.06540882 0.4437476 0.8712985 -0.2095879 0.4199057 0.8721848 -0.2509446 0.2034515 0.9737277 -0.1022842 0.3753536 0.8711411 -0.3165801 0.2143101 0.9642755 -0.1557043 0.1793568 0.9689421 -0.1702421 0.1799755 0.9702312 -0.1620503 0.3235424 0.8711302 -0.3693951 0.503961 0.4995852 -0.7045835 0.295831 0.849093 -0.4376358 0.1491221 0.9672826 -0.2052486 0.2012485 0.8696399 -0.4508053 0.1277536 0.9686971 -0.2128496 0.1130347 0.8721897 -0.475929 0.09110832 0.9676265 -0.2353687 0.03900533 0.9673996 -0.2502334 0.05035424 0.9702305 -0.2368912 0.0841515 0.4995877 -0.8621664 0.0115813 0.8721693 -0.4890673 -0.01383513 0.9674077 -0.2528457 0 0.9702309 -0.242182 -0.09693747 0.4995867 -0.8608232 -0.09292173 0.84574 -0.5254422 -0.08910232 0.967843 -0.235246 -0.1727855 0.8583122 -0.4831619 -0.438691 0.4995851 -0.7469706 -0.1320526 0.9684202 -0.2114819 -0.2833313 0.8728649 -0.3972787 -0.1506579 0.9689266 -0.1961722 -0.3316528 0.8682709 -0.3689335 -0.3891627 0.8433589 -0.3705379 -0.176541 0.9696464 -0.1691724 -0.4674999 0.8571757 -0.2160875 -0.1985065 0.9677065 -0.1553686 -0.46849 0.8681738 -0.1636806 -0.2319017 0.9658378 -0.1156685 -0.2486159 0.9677677 -0.04019856 -0.5049954 0.8582094 -0.09195762 -0.8628597 0.5054022 0.006478726 -0.2438329 0.9697135 0.01418954 -0.5150579 0.8571176 0.008061647 -0.4878805 0.8584494 0.158232 -0.4669675 0.858331 0.2126247 -0.246189 0.9666334 0.07078701 -0.4485491 0.8148863 0.3671025 -0.2195547 0.9678569 0.1226735 -0.3267958 0.8454529 0.4223908 -0.197068 0.9653962 0.1708052 -0.3647981 0.7648644 0.5309472 -0.1008621 0.9664382 0.2362715 -0.1703869 0.8735474 0.4559422 -0.2955133 0.7467773 0.5958151 -0.2183628 0.7075905 0.6720368 0.02344459 0.9290082 0.369316 -0.03157365 0.79833 0.601392 -0.05554872 0.8877418 0.4569779 -0.06597471 0.8904564 0.4502608 -0.09479403 0.8835811 0.4585834 -0.03256154 0.8874582 0.4597368 -0.03955656 0.8911046 0.4520705 0.06345635 0.8857867 0.459734 0.04088956 0.8906593 0.452829 0.03078669 0.8882475 0.4583325 0.09001773 0.8811724 0.4641467 0.06882458 0.8869333 0.4567412 0.2148819 0.7304475 0.6482841 0.1645873 0.8606693 0.4818293 0.1179464 0.8301035 0.5449925 0.08502596 0.937784 0.3366479 0.3145099 0.6987112 0.6425622 0.1066707 0.9689114 0.2232311 0.4175757 0.6772248 0.605803 0.2929549 0.8286547 0.4769791 0.5054591 0.6292991 0.5903337 0.1628617 0.9687163 0.1872563 0.3087892 0.8333112 0.4585212 0.4241192 0.8523055 0.3061017 0.4185296 0.8355543 0.3559244 0.1956945 0.9676266 0.1593819 0.5495786 0.6696974 0.4994685 0.2220559 0.9675998 0.1201745 0.2119507 0.9675391 0.1376411 0.4264377 0.8480218 0.3146585 0.3657313 0.7633467 0.5324872 0.5229007 0.5494767 0.651652 0.5077415 0.8346636 0.2133899 0.2496283 0.9675375 0.0394603 0.5014479 0.8579857 0.1114031 0 -0.9233148 0.3840442 0 -0.9233149 0.3840437 0 -0.9233148 0.3840441 0 -0.9233149 0.3840439 4.0444e-7 -0.9233109 0.3840534 5.53043e-7 -0.9233174 0.384038 1.5205e-7 -0.9233162 0.384041 2.26275e-7 -0.9233123 0.3840501 0 -0.9233148 0.384044 6.75377e-7 -0.9233129 0.3840488 2.38499e-7 -0.9233154 0.3840425 0 -0.923315 0.3840435 -3.91494e-7 -0.9233148 0.384044 0 -0.9233148 0.3840439 0 -0.923315 0.3840438 -2.16643e-7 -0.9233168 0.3840395 -6.61994e-7 -0.9233154 0.3840427 1.92953e-7 -0.9233151 0.3840434 -2.75333e-7 -0.9233145 0.3840447 0 -0.9233144 0.384045 -3.95075e-7 -0.9233145 0.3840448 5.4316e-7 -0.9233149 0.3840437 0 -0.9233149 0.384044 -2.12205e-6 -0.9233153 0.384043 3.86716e-7 -0.9233145 0.3840447 3.32281e-7 -0.9233148 0.3840442 0 -0.9233149 0.3840439 0 -0.9233148 0.384044 1.0496e-6 -0.9233142 0.3840456 -4.78695e-7 -0.9233149 0.3840437 0 -0.9233152 0.3840432 -2.33004e-7 -0.9233151 0.3840436 0 -0.9233139 0.3840463 -2.2869e-7 -0.923315 0.3840435 5.50847e-7 -0.9233148 0.3840441 -1.95832e-6 -0.9233146 0.3840444 -1.46208e-6 -0.9233147 0.3840445 3.55216e-7 -0.9233149 0.3840436 0.2259607 -0.8757421 0.4266352 0.272953 -0.8765176 0.3965016 0.1577062 -0.9014438 0.4031474 0.1357198 -0.9274099 0.3485556 0.2117038 -0.9173985 0.3369891 -5.49887e-7 -0.9233152 0.3840432 0.1090919 -0.9450725 0.3081182 0.1879892 -0.9354478 0.2993285 0.4327585 -0.8536437 0.2898494 0.2608594 -0.9248774 0.2766845 0.06442052 -0.9687498 0.2395284 0.3548902 -0.8930255 0.2766918 0.4631115 -0.8375919 0.2897717 0.4631058 -0.8375948 0.2897728 0.4631153 -0.8375895 0.2897725 0.463108 -0.8375939 0.2897717 0.08282673 -0.9691135 0.2322901 0.03476917 -0.9736132 0.2255406 0.03548425 -0.9735342 0.2257701 -0.003763198 -0.9740605 0.2262565 0.003341734 -0.9737741 0.2274926 -0.01838982 -0.9729077 0.2304615 -0.02513486 -0.9729916 0.2294685 -0.03598755 -0.9730284 0.2278608 -0.03470194 -0.9731404 0.2275819 3.84935e-4 -0.9731337 0.2302406 -0.005874037 -0.972832 0.2314376 -4.97914e-7 -0.9728489 0.2314416 -0.01176637 -0.9727815 0.2314257 -0.01176697 -0.9727815 0.2314257 0.01172858 -0.9727829 0.231422 0.01994848 -0.9729307 0.2302347 0.02386093 -0.9729795 0.2296553 -0.003341734 -0.9737741 0.2274927 0.0117653 -0.9727815 0.2314257 0.01176607 -0.9727815 0.2314253 0.007781803 -0.9750033 0.2220547 -0.03472322 -0.9736156 0.2255373 0.003762602 -0.9740605 0.2262563 -0.03548425 -0.9735342 0.2257701 0.03470194 -0.9731404 0.2275819 0.03598755 -0.9730285 0.2278607 -0.07060688 0.976916 -0.2016183 -0.07061493 0.9769153 -0.2016185 -0.07060605 0.9769161 -0.2016183 -0.07061225 0.9769154 -0.2016194 -0.07061159 0.9769162 -0.2016153 -0.07062399 0.9769146 -0.201619 -0.07059371 0.9769172 -0.2016171 -0.05783081 -0.972072 0.2274461 0.07059764 -0.9769169 0.2016173 0.03889495 -0.9771345 0.2090342 -0.02141201 -0.9767029 0.2135248 0.07061386 -0.9769154 0.2016187 0.07061344 -0.9769154 0.2016185 0.07061737 -0.976915 0.2016197 0.07061582 -0.9769152 0.2016183 -0.03389298 -0.9738396 0.2246946 -0.2741921 -0.9225857 0.2713937 -0.1287129 -0.950398 0.2831547 -0.2000895 -0.9312123 0.304644 -0.1207513 -0.9428996 0.3104183 -0.2915428 -0.8863297 0.3597536 -0.2628861 -0.8830099 0.3888247 -7.01283e-7 -0.9233145 0.384045 -0.5619761 -0.6802149 0.4706279 -0.03743225 -0.9218217 0.3858026 -0.398219 -0.7648689 0.5063567 1.2899e-6 -0.9233147 0.3840445 2.13449e-7 -0.9233151 0.3840436 -2.2385e-7 -0.9233151 0.3840435 2.22297e-7 -0.9233151 0.3840436 -7.69632e-7 -0.9233148 0.3840439 2.75697e-7 -0.9233149 0.3840439 -5.19843e-7 -0.923315 0.3840438 1.24392e-6 -0.9233145 0.384045 5.34095e-7 -0.9233143 0.3840453 -2.85088e-7 -0.9233157 0.3840419 -5.64e-7 -0.9233146 0.3840447 0 -0.9233145 0.3840449 6.84246e-7 -0.9233143 0.3840454 0 -0.9233149 0.3840438 0 -0.9233148 0.384044 0 -0.9233151 0.3840436 -6.28653e-7 -0.9233148 0.384044 0 -0.923315 0.3840438 -9.07465e-7 -0.9233148 0.3840444 4.81538e-7 -0.9233104 0.3840546 -9.34301e-7 -0.9233136 0.384047 -5.19984e-7 -0.9233127 0.3840494 0 -0.9233151 0.3840435 -5.28802e-7 -0.9233155 0.3840425 -4.79944e-7 -0.9233151 0.3840432 0 -0.923315 0.3840435 3.11694e-7 -0.923315 0.3840435 -5.9134e-7 -0.9233176 0.3840374 0 -0.9233146 0.3840445 -1.53528e-7 -0.923314 0.3840459 2.38441e-7 -0.9233152 0.384043 0 -0.9233149 0.3840441 0 -0.9233149 0.3840439 0 -0.923315 0.3840436 0 -0.9233148 0.3840441 0 -0.9233151 0.3840435 0 -0.9233152 0.3840431 4.52552e-7 -0.9233134 0.3840475 0 -0.9233147 0.3840442 0 -0.9233148 0.3840441 0 -0.9233156 0.3840423 3.90158e-7 -0.9233137 0.3840468 -4.23964e-6 -0.9233181 0.3840362 -1.14056e-6 -0.9233149 0.3840439 0 -0.9233044 0.3840692 -1.12779e-6 -0.9233151 0.3840434 -3.55982e-6 -0.9233371 0.3839904 2.02094e-7 -0.9233145 0.3840448 0 -0.9233149 0.3840438 -3.45465e-7 -0.923315 0.3840436 -5.28268e-7 -0.9233149 0.3840439 0 -0.9233149 0.3840438 6.39856e-7 -0.923315 0.3840435 0 -0.9233156 0.3840423 1.12549e-6 -0.9233124 0.3840499 -2.26506e-7 -0.9233156 0.3840421 7.41422e-7 -0.9233148 0.3840442 1.44167e-7 -0.9233149 0.3840436 7.0083e-7 -0.9233155 0.3840425 7.11666e-7 -0.9233151 0.3840434 6.82539e-7 -0.923315 0.3840436 0 -0.923315 0.3840438 -1.76235e-7 -0.9233138 0.3840463 6.63001e-7 -0.9233155 0.3840426 0 -0.9233149 0.3840438 -8.78899e-7 -0.9233151 0.3840433 2.59173e-7 -0.9233143 0.3840453 1.10882e-6 -0.9233143 0.3840451 -4.28049e-7 -0.9233151 0.3840434 -1.9133e-7 -0.9233148 0.3840441 -5.11217e-7 -0.9233161 0.384041 2.9873e-7 -0.9233146 0.3840445 2.83996e-7 -0.9233149 0.3840439 6.49185e-7 -0.9233149 0.3840438 1.41476e-6 -0.9233147 0.3840445 0 -0.923315 0.3840438 2.62414e-6 -0.9233145 0.3840448 6.83568e-7 -0.9233147 0.3840444 1.4953e-6 -0.9233148 0.384044 2.88697e-7 -0.9233148 0.384044 -5.68722e-7 -0.9233151 0.3840433 2.62073e-6 -0.923315 0.3840438 3.99906e-7 -0.9233151 0.3840433 4.56625e-7 -0.9233149 0.3840436 -1.45279e-6 -0.9233149 0.3840436 0 -0.9233151 0.3840434 -2.61251e-7 -0.9233151 0.3840435 1.84641e-6 -0.923315 0.3840438 -5.47403e-7 -0.9233149 0.3840439 -6.83568e-7 -0.9233146 0.3840445 0 -0.9233151 0.3840435 -1.60417e-6 -0.9233149 0.3840439 -4.35868e-7 -0.9233148 0.384044 -1.01784e-6 -0.9233148 0.3840442 0 -0.923315 0.3840438 4.97632e-7 -0.9233151 0.3840433 -1.37317e-6 -0.9233148 0.3840441 -2.02066e-6 -0.9233148 0.3840442 -1.43364e-7 -0.9233149 0.3840439 -6.49185e-7 -0.9233146 0.3840447 1.59393e-7 -0.9233146 0.3840444 2.73537e-7 -0.9233148 0.3840441 4.86063e-7 -0.9233151 0.3840435 5.11216e-7 -0.9233153 0.3840431 0 -0.923315 0.3840435 -1.9438e-7 -0.9233143 0.3840454 -6.23711e-7 -0.9233142 0.3840454 8.78899e-7 -0.9233148 0.3840441 -3.54288e-7 -0.9233154 0.3840427 0 -0.9233151 0.3840435 -5.11904e-7 -0.9233149 0.3840439 -3.42876e-7 -0.923314 0.384046 -6.25114e-7 -0.9233151 0.3840435 -1.36749e-7 -0.9233152 0.3840433 6.32115e-7 -0.9233132 0.3840479 -4.34285e-7 -0.9233154 0.3840427 -1.00292e-6 -0.923312 0.3840509 -2.13556e-7 -0.9233151 0.3840432 -4.83648e-7 -0.923315 0.3840436 1.29995e-6 -0.9233149 0.3840439 2.30344e-7 -0.9233151 0.3840434 -2.86702e-7 -0.9233145 0.384045 0 -0.9233151 0.3840433 3.94895e-7 -0.9233142 0.3840456 0 -0.9233148 0.3840441 -2.23442e-6 -0.923313 0.3840487 -2.36366e-7 -0.9233143 0.3840453 0 -0.9233151 0.3840436 1.22199e-7 -0.9233161 0.3840411 0 -0.9233153 0.384043 3.99025e-6 -0.9233173 0.3840379 -5.35466e-7 -0.9233138 0.3840464 -1.40041e-6 -0.9233156 0.3840423 2.2319e-7 -0.9233155 0.3840426 0 -0.923314 0.384046 3.93835e-6 -0.92332 0.3840318 0 -0.9233149 0.3840436 0 -0.9233149 0.3840438 0 -0.9233149 0.3840438 0 0.9233149 -0.3840439 0 0.9233149 -0.3840439 0 0.9233149 -0.3840438 0 0.9233149 -0.3840436 4.90386e-7 0.9233119 -0.3840509 -4.75194e-7 0.9233214 -0.3840281 -1.97835e-7 0.923314 -0.3840462 -1.88437e-7 0.9233139 -0.3840463 0 0.9233164 -0.3840402 2.05492e-7 0.9233137 -0.3840465 7.09153e-7 0.9233143 -0.3840453 -5.64998e-7 0.9233151 -0.3840436 0 0.9233149 -0.3840437 0 0.9233154 -0.384043 0 0.9233144 -0.384045 4.61774e-7 0.9233157 -0.3840422 1.65499e-7 0.9233154 -0.3840425 -4.06413e-7 0.9233148 -0.3840441 7.94778e-7 0.9233154 -0.3840427 0 0.9233151 -0.3840436 -7.90404e-7 0.9233142 -0.3840455 1.05926e-6 0.9233145 -0.3840448 -1.44701e-7 0.9233148 -0.3840441 0 0.9233148 -0.3840439 -4.90612e-7 0.9233143 -0.3840453 1.25103e-7 0.9233148 -0.3840444 6.28517e-7 0.9233146 -0.3840445 -2.6155e-7 0.9233151 -0.3840432 4.68833e-7 0.923314 -0.3840461 -1.26966e-6 0.9233154 -0.3840426 5.38217e-7 0.9233151 -0.3840435 -4.57322e-7 0.9233148 -0.3840439 5.89182e-7 0.923315 -0.3840438 0 0.9233151 -0.3840435 -5.58624e-7 0.9233146 -0.3840444 3.72866e-7 0.9233149 -0.3840436 3.34529e-7 0.9233148 -0.3840444 1.34489e-6 0.9233144 -0.3840451 -0.1577275 0.901439 -0.4031499 -0.2729461 0.8765195 -0.3965025 -0.2262931 0.875634 -0.4266809 -0.1357246 0.9274067 -0.3485623 -0.2117125 0.917396 -0.3369905 -0.1090751 0.9450751 -0.3081165 -0.1879613 0.9354526 -0.299331 -0.299727 0.9112195 -0.2825645 -0.4326784 0.8536841 -0.28985 -0.4631068 0.8375946 -0.2897714 -0.4161394 0.8632698 -0.285646 -0.3445265 0.8975736 -0.2750695 -0.4631104 0.8375927 -0.2897711 0.3224158 -0.9060956 0.2739324 -0.46313 0.8375813 -0.2897725 -0.1083395 0.9642716 -0.2417501 -0.4161525 0.8632623 -0.2856491 -0.3445442 0.8975661 -0.2750717 -0.1326434 0.9593365 -0.2491571 -0.4631159 0.8375892 -0.2897723 -0.4631088 0.837593 -0.2897729 -0.4631105 0.8375924 -0.2897719 -0.4631134 0.8375913 -0.2897704 -0.4631164 0.8375893 -0.2897714 -0.04908341 0.9726994 -0.226819 -0.02708929 0.9739134 -0.2252976 -0.1691215 0.955255 -0.2426642 0.02624493 0.9749737 -0.2207658 -0.1084219 0.9642699 -0.2417194 -0.07266515 0.9735394 -0.2166587 -0.1458624 0.9595101 -0.2409658 -0.0283491 0.9738933 -0.2252296 -0.03701639 0.9734799 -0.2257581 -0.03151941 0.9737631 -0.2253706 -0.07142663 0.9708304 -0.2288812 -0.0698235 0.9705586 -0.2305231 -0.03708344 0.972936 -0.2280797 0.008902966 0.9740015 -0.2263668 -0.02356344 0.9740474 -0.2251147 -8.97922e-4 0.9737489 -0.2276232 0.01304888 0.9738258 -0.2269214 -0.02572017 0.9740369 -0.2249239 -0.02520638 0.9740048 -0.225121 0.009515821 0.9739976 -0.2263587 -0.02567428 0.9740286 -0.2249651 -0.03079056 0.9738031 -0.2252988 0.02885317 0.9732082 -0.2281084 0.01426774 0.9730009 -0.2303601 0.02398693 0.9730994 -0.2291336 0.0359894 0.9730284 -0.2278608 0.03598946 0.9730284 -0.2278605 0.01239508 0.9738328 -0.2269277 0.02397876 0.9730991 -0.2291355 0.01418077 0.9730014 -0.2303633 0.02388769 0.9729794 -0.2296532 0.03598964 0.9730284 -0.2278608 0.03598886 0.9730284 -0.2278606 0.02907949 0.9731979 -0.2281236 1.26966e-6 0.9233149 -0.3840438 -0.004274427 0.9731335 -0.230202 0 0.9730765 -0.2304827 0.009370982 0.9728412 -0.231284 0.01295369 0.9734329 -0.2286056 -0.008268177 0.9732236 -0.2297119 1.65128e-4 -0.9731194 0.2303013 0.004065036 -0.9731527 0.2301248 0.005516707 -0.9731614 0.2300578 0.01296335 0.9734327 -0.2286059 0.008192718 -0.9731718 0.2299336 0.008178949 -0.973172 0.2299335 0.01176714 0.9727814 -0.2314262 0.003950655 0.9728412 -0.2314401 0.005871713 0.972832 -0.2314383 0.01176673 0.9727815 -0.2314259 0.003950774 0.9728413 -0.23144 0.009470462 0.9728388 -0.2312899 0.0039047 0.9728413 -0.2314401 0.01176619 0.9727814 -0.2314259 0.01176589 0.9727815 -0.2314258 0.014171 0.9730004 -0.2303681 -0.00765407 0.9734292 -0.2288604 8.97837e-4 0.9737489 -0.2276233 -0.02983999 0.9732249 -0.2279097 0.008267819 0.9732236 -0.2297118 0.004275202 0.9731335 -0.2302019 -0.01176613 0.9727815 -0.2314255 -0.01988905 0.9729302 -0.2302418 -0.01176667 0.9727815 -0.2314252 -0.01172208 0.9727837 -0.2314189 -0.02382606 0.9729803 -0.2296559 -0.005886435 0.9729181 -0.2310756 0.02428114 0.974043 -0.2250574 -0.006743788 0.9739559 -0.2266375 0.02572113 0.9740369 -0.2249238 0.03606224 0.9735305 -0.225694 0.03065621 0.9737954 -0.2253505 -0.03598892 0.9730285 -0.2278605 -0.03598952 0.9730284 -0.2278608 -0.004586935 0.9742001 -0.2256395 -0.02960288 0.9753625 -0.2186135 0.02024906 0.9767588 -0.2133834 -0.05780357 0.9770346 -0.205091 -0.04803913 0.9772672 -0.2064974 0.008820533 0.9757191 -0.218848 0.04787606 0.9731016 -0.2253471 -0.07060694 0.9769161 -0.2016175 -0.07061475 0.9769153 -0.2016187 -0.07061707 0.9769152 -0.2016183 -0.07061421 0.9769154 -0.2016186 -0.07060647 0.9769155 -0.2016206 -0.002676963 0.9760218 -0.2176567 0.03937768 0.9733375 -0.2259724 0.04312139 0.9731335 -0.2261678 0.0431146 0.9731337 -0.2261679 0.2741878 0.9225882 -0.2713896 0.1287217 0.950396 -0.2831579 0.1207456 0.9429002 -0.3104188 0.2001065 0.9312087 -0.3046439 0.2617159 0.8834661 -0.3885775 0.2915409 0.8863298 -0.3597546 -8.11445e-7 0.9233151 -0.3840434 0.5627472 0.6793298 -0.4709849 0.03747522 0.9217792 -0.3859001 -1.55426e-6 0.9233145 -0.384045 0.3965721 0.7636209 -0.5095232 -2.27469e-7 0.9233151 -0.3840435 -5.425e-7 0.9233151 -0.3840435 4.45108e-7 0.923315 -0.3840436 3.61567e-7 0.9233148 -0.3840442 -6.70381e-7 0.923315 -0.3840435 0 0.923315 -0.3840436 5.84876e-7 0.9233138 -0.3840465 4.79036e-7 0.9233169 -0.3840392 -1.12486e-6 0.9233145 -0.3840449 1.78073e-6 0.9233141 -0.3840457 0 0.923315 -0.3840438 -1.53056e-6 0.9233157 -0.3840421 2.00362e-7 0.9233138 -0.3840467 1.58073e-7 0.923315 -0.3840435 2.30683e-7 0.9233149 -0.3840435 -3.8631e-7 0.9233146 -0.3840444 0 0.9233146 -0.3840445 1.03711e-6 0.9233142 -0.3840456 -9.16264e-7 0.9233112 -0.3840526 7.15004e-7 0.9233211 -0.3840289 0 0.923314 -0.3840461 0 0.923315 -0.3840435 0 0.9233155 -0.3840426 -2.28781e-7 0.9233143 -0.3840453 -3.41012e-7 0.9233146 -0.3840444 0 0.9233149 -0.3840437 -4.73255e-7 0.923312 -0.384051 -3.99711e-7 0.9233158 -0.3840417 2.09971e-7 0.9233127 -0.3840491 3.67207e-7 0.9233139 -0.3840466 0 0.9233148 -0.3840441 0 0.9233149 -0.3840438 0 0.9233148 -0.384044 0 0.9233148 -0.3840441 0 0.9233152 -0.3840432 2.72687e-7 0.9233151 -0.3840433 -1.45802e-7 0.9233163 -0.3840403 0 0.9233151 -0.3840433 -1.26431e-7 0.9233155 -0.3840425 -1.60594e-7 0.9233147 -0.3840442 3.48841e-7 0.9233149 -0.3840439 -2.49997e-6 0.9233168 -0.3840393 6.6204e-7 0.9233167 -0.3840398 4.01271e-6 0.9233006 -0.3840781 -6.93383e-7 0.9233133 -0.3840476 0 0.9233144 -0.384045 -1.24432e-6 0.9233143 -0.3840451 1.25732e-7 0.9233147 -0.3840442 -1.24156e-7 0.9233148 -0.3840441 -8.00234e-7 0.9233143 -0.3840452 5.06961e-7 0.9233152 -0.3840432 1.68163e-7 0.9233146 -0.3840445 0 0.9233139 -0.3840463 5.99756e-7 0.9233155 -0.3840423 1.75573e-7 0.9233148 -0.3840441 0 0.9233153 -0.3840428 0 0.923316 -0.3840413 -6.39283e-7 0.9233151 -0.3840435 0 0.9233145 -0.384045 -6.62861e-7 0.9233153 -0.3840431 5.76092e-7 0.9233154 -0.3840428 1.51205e-7 0.9233151 -0.3840436 0 0.9233146 -0.3840445 -4.11837e-7 0.9233161 -0.3840413 6.12795e-7 0.9233145 -0.384045 0 0.9233151 -0.3840435 0 0.9233149 -0.3840439 9.72556e-7 0.923315 -0.3840438 8.79735e-7 0.9233154 -0.3840426 5.4522e-7 0.9233147 -0.3840443 0 0.9233146 -0.3840444 -4.00442e-7 0.9233151 -0.3840433 -2.62474e-7 0.9233149 -0.3840438 0 0.9233151 -0.3840434 4.07885e-7 0.9233148 -0.384044 0 0.9233151 -0.3840435 -5.2274e-7 0.9233151 -0.3840433 -4.40909e-7 0.9233148 -0.3840442 2.25379e-7 0.9233148 -0.384044 1.74469e-7 0.9233149 -0.3840438 0 0.923315 -0.3840436 0 0.9233148 -0.3840439 0 0.9233149 -0.3840439 -1.59797e-7 0.9233148 -0.3840442 -3.36315e-7 0.9233148 -0.3840441 0 0.923315 -0.3840438 0 0.923315 -0.3840435 -1.66987e-7 0.9233149 -0.3840436 4.66253e-7 0.9233148 -0.3840441 3.2944e-7 0.9233146 -0.3840445 -3.07592e-7 0.9233149 -0.3840438 0 0.923315 -0.3840436 1.67417e-7 0.9233149 -0.3840439 -1.66777e-7 0.9233148 -0.384044 -3.92503e-7 0.9233148 -0.3840439 0 0.9233151 -0.3840435 -5.68003e-7 0.9233151 -0.3840435 0 0.9233146 -0.3840444 -5.6738e-7 0.9233151 -0.3840434 2.62474e-7 0.9233149 -0.3840438 0 0.9233151 -0.3840433 -1.46777e-7 0.9233148 -0.3840442 0 0.9233152 -0.3840433 -5.4522e-7 0.9233147 -0.3840443 -1.10214e-6 0.9233151 -0.3840436 -2.77936e-7 0.9233147 -0.3840445 -8.79735e-7 0.9233152 -0.3840429 -6.12795e-7 0.9233145 -0.384045 3.90523e-7 0.9233159 -0.3840414 -1.40371e-7 0.9233146 -0.3840447 3.3164e-7 0.9233137 -0.3840467 2.692e-7 0.923315 -0.3840435 4.26218e-7 0.9233138 -0.3840464 -5.45656e-7 0.9233155 -0.3840422 -2.4288e-7 0.9233148 -0.384044 0 0.923315 -0.3840436 4.33895e-7 0.9233153 -0.3840429 0 0.923316 -0.3840413 0 0.9233149 -0.3840438 1.06698e-6 0.9233149 -0.3840439 3.30661e-7 0.9233149 -0.3840436 -2.55575e-7 0.9233147 -0.3840442 -7.6337e-7 0.9233155 -0.3840425 0 0.9233149 -0.384044 -1.75891e-7 0.9233145 -0.3840448 -4.20595e-7 0.9233156 -0.3840422 -1.68163e-7 0.9233143 -0.3840455 5.47058e-7 0.9233138 -0.3840466 0 0.9233149 -0.3840439 0 0.9233161 -0.3840412 2.49694e-6 0.9233162 -0.3840408 0 0.9233148 -0.3840441 -1.99448e-6 0.9233191 -0.3840337 -1.05049e-6 0.9233165 -0.3840402 5.00672e-7 0.9233131 -0.3840484 7.75677e-7 0.9233137 -0.3840466 0 0.9233148 -0.3840442 0 0.9233148 -0.384044 0 0.9233149 -0.3840436 0.9955017 -0.03638547 -0.08747923 0.9921923 -0.04789662 -0.1151534 0.9955018 -0.03638458 -0.08747923 0.9921923 -0.04789739 -0.1151534 0.9878846 -0.05960017 -0.1432898 0.9824004 -0.0717355 -0.1724637 0.9824003 -0.07173514 -0.1724637 0.9687193 -0.09530419 -0.229129 0.9687194 -0.09530377 -0.2291291 0.9038081 -0.1643474 -0.3951213 0.9038083 -0.1643471 -0.3951212 0.8021315 -0.2293307 -0.551355 0.802132 -0.2293305 -0.5513545 0.7349786 -0.260417 -0.6260907 0.7349787 -0.2604171 -0.6260906 0.6600955 -0.2884872 -0.6935771 0.6600955 -0.2884871 -0.6935771 0.5784139 -0.3132814 -0.7531881 0.578414 -0.3132815 -0.7531879 0.4908968 -0.3345851 -0.8044086 0.4908967 -0.334585 -0.8044089 0.3985212 -0.3522294 -0.8468266 0.3022684 -0.36608 -0.8801246 0.3022682 -0.3660801 -0.8801247 0.2031184 -0.3760387 -0.9040675 0.203118 -0.3760387 -0.9040675 0.1020399 -0.3820398 -0.9184952 0.1020399 -0.3820398 -0.9184952 0 -0.3840445 -0.9233146 0 -0.3840445 -0.9233146 -0.1020407 -0.3820398 -0.9184952 -0.2031191 -0.3760386 -0.9040674 -0.3022684 -0.36608 -0.8801246 -0.2031189 -0.3760385 -0.9040674 -0.1020409 -0.3820397 -0.9184951 -0.3985215 -0.3522294 -0.8468266 -0.4908959 -0.3345854 -0.8044091 -0.3985227 -0.3522297 -0.8468258 -0.3022682 -0.3660799 -0.8801246 -0.5784132 -0.3132817 -0.7531884 -0.6600952 -0.2884873 -0.6935774 -0.5784131 -0.313282 -0.7531884 -0.7349784 -0.2604171 -0.6260909 -0.8021321 -0.2293304 -0.5513544 -0.7349783 -0.2604172 -0.6260908 -0.660095 -0.2884873 -0.6935774 -0.9027642 -0.1651912 -0.3971507 -0.9750643 -0.0852285 -0.2049047 -0.9027644 -0.1651908 -0.3971503 -0.8021317 -0.2293307 -0.5513549 -0.9909371 -0.05158829 -0.1240261 -0.9935318 -0.04360836 -0.1048468 -0.9935319 -0.04360824 -0.1048468 -0.9909371 -0.05158865 -0.1240262 -0.9956081 -0.03595471 -0.08643919 -0.9972531 -0.02844619 -0.06838876 -0.9972531 -0.02844625 -0.06838876 -0.9956082 -0.03595471 -0.08643919 -0.9985144 -0.02092462 -0.05031198 -0.9994059 -0.01323813 -0.03182291 -0.9985144 -0.02092462 -0.05031198 -0.999961 0.003392398 0.008152246 -0.9951919 0.03761482 0.0904327 -0.9999611 0.003392219 0.008152246 -0.9525253 0.1169261 0.2811121 -0.9525252 0.1169266 0.281112 -0.9994059 -0.01323795 -0.03182291 -0.9999084 -0.005198538 -0.0125001 -0.9999085 -0.005197823 -0.0125001 -0.6328994 0.2973386 0.7148624 -0.4898991 0.334802 0.8049265 -0.489899 0.334802 0.8049264 -0.4077322 0.3506698 0.8430808 -0.4077327 0.3506699 0.8430806 -0.8247187 0.2171932 0.5221744 -0.824719 0.217193 0.5221743 -0.6328998 0.2973384 0.7148621 -0.3255736 0.3631205 0.8730094 -0.3255735 0.3631206 0.8730094 -0.2437024 0.3724643 0.8954773 -0.2437024 0.3724641 0.8954774 -0.1622019 0.3789569 0.9110886 -0.1622022 0.3789575 0.9110882 -0.08101356 0.3827816 0.9202799 -0.08101409 0.3827822 0.9202796 -4.58092e-7 0.3840429 0.9233152 4.15369e-7 0.384043 0.9233152 0.08101356 0.3827822 0.9202797 0.08101397 0.3827817 0.9202799 0.162202 0.3789574 0.9110882 0.1622018 0.3789569 0.9110886 0.2437028 0.372464 0.8954774 0.2437029 0.3724641 0.8954772 0.3255736 0.3631206 0.8730095 0.3255736 0.3631204 0.8730094 0.4077323 0.3506702 0.8430806 0.4077318 0.35067 0.8430808 0.4898986 0.3348022 0.8049267 0.4898986 0.3348021 0.8049267 0.632899 0.297339 0.7148625 0.6328994 0.2973387 0.7148623 0.824719 0.2171927 0.5221742 0.8247189 0.2171929 0.5221744 0.934341 0.1368664 0.3290508 0.934341 0.1368662 0.3290511 0.985942 0.06416851 0.154275 0.985942 0.06416839 0.1542751 0.9994798 0.01238715 0.0297805 0.9994798 0.01238691 0.0297805 0.9999983 -7.2392e-4 -0.001738667 0.9999983 -7.24301e-4 -0.001738667 0.9994236 -0.01303791 -0.03134351 0.9979057 -0.02484154 -0.05972504 0.9979058 -0.02484107 -0.05972504 -0.9894055 0.05575501 0.1340458 -0.9997025 -0.009369015 -0.02252602 -0.9894055 0.05575519 0.1340458 -0.9517395 0.1178661 0.2833718 -0.9198961 0.1506084 0.3620889 -0.9586749 0.1092616 0.2626868 -0.9109818 0.1583986 0.3808179 -0.8496413 0.2025301 0.4869201 -0.8496415 0.2025299 0.4869201 -0.7784286 0.2410776 0.5795952 -0.7018439 0.273567 0.6577053 -0.7018443 0.2735674 0.6577047 -0.6222679 0.3006311 0.722775 -0.6222683 0.3006311 0.7227746 -0.5416668 0.3228243 0.7761325 -0.4612873 0.340743 0.8192121 -0.4612868 0.3407424 0.8192125 -0.3818133 0.3549488 0.8533639 -0.3686059 0.3570017 0.8583003 -0.3140055 0.3646149 0.8766165 -0.2998898 0.3663679 0.8808182 -0.2227095 0.3743986 0.9001256 -0.2111936 0.3753817 0.9024887 -0.1880185 0.3771944 0.9068482 -0.1579028 0.3792254 0.9117318 -0.1503385 0.3796786 0.9128212 -0.09468084 0.3823188 0.9191671 -0.05716496 0.3834154 0.9218053 -0.1005563 0.3820972 0.918635 -0.1124376 0.3816085 0.91746 -0.112438 0.3816081 0.9174601 -0.1124381 0.3816078 0.9174603 -0.1124377 0.3816088 0.9174599 -0.02348303 0.3853698 0.9224634 0.006189584 0.3859428 0.922502 0.03784233 0.3883907 0.9207175 -0.02819085 0.3809751 0.9241555 -0.05056536 0.3835505 0.9221345 0.05715197 0.3765009 0.9246518 0.08811956 0.3844793 0.9189182 0.09468048 0.3823185 0.9191671 0.05715996 0.3960861 0.9164326 0.03741496 0.3837752 0.9226683 0.1648709 0.378788 0.9106796 0.2092574 0.375541 0.9028734 0.1725895 0.3782806 0.9094596 0.2198228 0.3746497 0.9007306 0.119765 0.3812794 0.9166693 0.1124386 0.381609 0.9174597 0.1124375 0.3816084 0.91746 0.1270485 0.3809307 0.9158332 0.2943894 0.3670253 0.8823987 0.3792232 0.3553579 0.8543481 0.3792228 0.3553575 0.8543484 0.2943894 0.3670254 0.8823986 0.4612879 0.3407434 0.8192116 0.5416666 0.3228243 0.7761326 0.4612873 0.340743 0.819212 0.6222677 0.3006309 0.7227752 0.7018448 0.273566 0.6577048 0.6222678 0.3006307 0.7227753 0.8492255 0.2027873 0.4875383 0.7784285 0.2410783 0.579595 0.8492255 0.2027879 0.4875378 0.7784287 0.2410774 0.5795952 0.7018446 0.2735669 0.6577047 0.9106569 0.1586727 0.3814799 0.9363135 0.1348642 0.3242356 0.9106558 0.158675 0.3814815 0.9586749 0.1092622 0.262687 0.9586748 0.1092615 0.2626873 1 -1.29599e-7 -5.16018e-7 0.9894055 0.05575579 0.1340458 0.9997019 -0.009371042 -0.02255213 0.9894054 0.05575579 0.1340459 0.9586747 -0.1092616 -0.2626875 0.9894055 -0.0557565 -0.1340457 0.951734 -0.1178601 -0.283393 0.9973204 -0.02809518 -0.06754833 0.992627 -0.04653483 -0.1119204 0.9973204 -0.02809643 -0.06754845 0.7615908 -0.2488834 -0.5983616 0.8460823 -0.2047157 -0.4921751 0.772091 -0.2440655 -0.5867775 0.7147936 -0.2685763 -0.6457065 0.7018445 -0.2735667 -0.6577048 0.9207537 -0.1498397 -0.3602233 0.9123461 -0.1572349 -0.3780235 0.8460826 -0.2047151 -0.4921749 0.5369544 -0.3239823 -0.7789194 0.4612865 -0.3407436 -0.8192121 0.5369538 -0.3239829 -0.7789197 0.4208685 -0.3483744 -0.837559 0.4612865 -0.3407431 -0.8192125 0.4208676 -0.3483737 -0.8375597 0.3818129 -0.3549488 -0.8533642 0.3818143 -0.3549488 -0.8533635 0.6178774 -0.3019641 -0.7259789 0.6615806 -0.287985 -0.6923696 0.661581 -0.287986 -0.6923689 0.306218 -0.3655952 -0.87896 0.306218 -0.3655951 -0.8789601 0.229179 -0.3738228 -0.8987399 0.1880183 -0.3771949 -0.906848 0.1503385 -0.3796793 -0.912821 0.1880216 -0.3771947 -0.9068474 0.1124384 -0.3816093 -0.9174596 0.1503393 -0.3796783 -0.9128212 0.07497948 -0.3829637 -0.9207155 0.07497954 -0.3829638 -0.9207154 -2.08253e-7 -0.3840436 -0.923315 -1.63755e-7 -0.3840426 -0.9233154 -0.07498139 -0.3829638 -0.9207152 -0.1124396 -0.3816092 -0.9174594 -0.07497966 -0.3829637 -0.9207154 -0.1503388 -0.3796792 -0.9128209 -0.1503389 -0.3796783 -0.9128212 -0.1880183 -0.377195 -0.906848 -0.1880216 -0.3771947 -0.9068474 -0.2291792 -0.3738228 -0.8987399 -0.2291837 -0.3738222 -0.898739 -0.3062179 -0.3655951 -0.8789601 -0.3062177 -0.3655952 -0.8789601 -0.3818143 -0.3549488 -0.8533635 -0.3949224 -0.3528357 -0.848259 -0.420868 -0.3483747 -0.8375592 -0.4479296 -0.3433614 -0.8255072 -0.4208671 -0.348374 -0.8375599 -0.4612866 -0.3407427 -0.8192125 -0.5369545 -0.3239821 -0.7789195 -0.6326761 -0.2974012 -0.715034 -0.5369539 -0.3239828 -0.7789196 -0.6615812 -0.287984 -0.6923695 -0.6178774 -0.301963 -0.7259793 -0.6886528 -0.2784675 -0.6694873 -0.6615811 -0.2879855 -0.6923691 -0.7147935 -0.2685676 -0.6457103 -0.7553542 -0.2445827 -0.6079633 -0.7399776 -0.2583196 -0.6210508 -0.7747194 -0.2363352 -0.5864772 -0.8492487 -0.1982588 -0.4893569 -0.8515434 -0.2016783 -0.4839421 -0.9123462 -0.1572346 -0.3780236 -0.951734 -0.1178713 -0.2833882 -0.9207537 -0.1498323 -0.3602264 -0.9586747 -0.1092616 -0.2626873 -0.9894055 -0.0557565 -0.1340457 -0.9973204 -0.02809643 -0.06754845 -0.9973204 -0.02809518 -0.06754833 -0.992627 -0.04654985 -0.111914 -1 -1.20087e-7 -5.73089e-7 0.998524 -0.020859 -0.05014801 0.9964954 0.03212481 0.07723337 0.9964954 0.03212386 0.07723355 0.9781476 -0.07984751 -0.1919679 0.998524 -0.02085864 -0.05014806 0.9510564 -0.1186765 -0.2853201 0.9781477 -0.07984685 -0.1919679 0.913546 -0.1562032 -0.3755455 0.9135457 -0.1562047 -0.3755455 0.8910066 -0.1743515 -0.4191763 0.8660253 -0.1920221 -0.4616577 0.8660254 -0.1920214 -0.4616577 0.8090171 -0.2257353 -0.5427109 0.8090168 -0.2257359 -0.5427109 0.7431449 -0.2569755 -0.6178182 0.6708578 -0.2848017 -0.6847174 0.6708579 -0.2848019 -0.6847172 0.5896653 -0.3101717 -0.7457133 0.5896652 -0.3101717 -0.7457135 0.4999995 -0.3325909 -0.7996148 0.4999997 -0.3325914 -0.7996145 0.4067367 -0.3508415 -0.84349 0.3090166 -0.3652472 -0.8781248 0.3090171 -0.3652472 -0.8781247 0.2588188 -0.3709574 -0.8918541 0.2588188 -0.3709574 -0.8918539 0.2079114 -0.3756512 -0.9031385 0.1564348 -0.3793158 -0.9119473 0.07842743 -0.3828642 -0.9204696 0.1045283 -0.3819402 -0.9182569 0.1564345 -0.3793157 -0.9119474 0.2079116 -0.375651 -0.9031385 0.05233621 -0.3835169 -0.9220498 0.02597028 -0.3869653 -0.9217284 0.05233579 -0.383517 -0.9220497 0.02616035 -0.3915318 -0.9197927 -0.05233675 -0.3835183 -0.9220492 -0.07842886 -0.3828606 -0.920471 -0.1045281 -0.3819403 -0.9182568 -0.026488 -0.3889879 -0.920862 -0.04602235 -0.3836376 -0.9223362 -0.05233544 -0.383517 -0.9220498 -0.3090168 -0.3652476 -0.8781247 -0.258819 -0.3709576 -0.8918538 -0.3090172 -0.3652473 -0.8781247 -0.2079116 -0.3756515 -0.9031382 -0.2079111 -0.3756515 -0.9031384 -0.1564347 -0.3793158 -0.9119472 -0.1564341 -0.3793154 -0.9119476 -0.4067367 -0.3508415 -0.84349 -0.4999998 -0.3325914 -0.7996144 -0.4999997 -0.3325911 -0.7996147 -0.587785 -0.3106977 -0.7469779 -0.6664242 -0.2863326 -0.6883985 -0.6664236 -0.2863328 -0.688399 -0.5877854 -0.3106977 -0.7469775 -0.8090171 -0.2257352 -0.5427109 -0.7407073 -0.2580114 -0.6203086 -0.809017 -0.2257359 -0.5427109 -0.740707 -0.2580112 -0.6203091 -0.8660256 -0.1920217 -0.4616574 -0.8910067 -0.1743525 -0.4191759 -0.8660261 -0.1920205 -0.4616568 -0.9135458 -0.1562042 -0.3755456 -0.8910066 -0.1743523 -0.419176 -0.913546 -0.1562036 -0.3755452 -0.9781477 -0.07984709 -0.1919679 -0.9510565 -0.118676 -0.2853202 -0.9781476 -0.07984733 -0.1919679 -0.9964954 0.03212445 0.07723343 -0.998524 -0.02085888 -0.05014801 -0.9964954 0.03212416 0.07723355 -0.998524 -0.0208587 -0.05014812 -0.8861429 0.1779699 0.4278758 -0.972968 0.08869111 0.2132303 -0.9013053 0.1663619 0.3999656 -0.6149444 0.3028458 0.7280989 -0.7156487 0.2682397 0.6448987 -0.614943 0.3028467 0.7280997 -0.5101805 0.3303031 0.7941132 -0.8153977 0.2223225 0.5345084 -0.8283982 0.2151175 0.5171855 -0.0184791 0.3839775 0.9231575 -0.2334129 0.3734338 0.8978117 -0.2909436 0.3674293 0.8833728 0.1591498 0.379149 0.9115467 -0.005153834 0.384038 0.923303 0.2964817 0.3667783 0.8818007 -0.4388331 0.3450893 0.829662 -0.438839 0.3450895 0.8296588 -0.5271099 0.3263585 0.7846308 -0.4011871 0.3517824 0.845753 -0.4011837 0.3517822 0.8457548 0.4547392 0.3420393 0.8223267 0.4692204 0.3391425 0.8153616 0.5879792 0.3106431 0.7468476 0.4512052 0.3427287 0.8239849 0.5880426 0.3106251 0.7468053 0.1209297 0.381226 0.9165385 0.4514698 0.3426756 0.823862 0.02451646 0.3839291 0.9230371 0 0.3840448 0.9233145 0.1446741 0.3800041 0.9136009 -0.1446742 0.3800041 0.9136008 -0.1446741 0.3800041 0.9136009 -0.2832906 0.3683115 0.8854903 -0.2832901 0.3683117 0.8854905 -0.3348275 0.3618767 0.8700206 -0.3997188 0.3520295 0.8463452 -0.3996519 0.3520408 0.8463721 -0.4290593 0.3468984 0.8340082 -0.4290293 0.3469041 0.8340212 -0.2898572 0.367556 0.8836772 -0.2898388 0.3675589 0.8836821 -0.09865397 0.3821709 0.9188106 0.2054244 0.3758512 0.9036242 -0.09880739 0.3821635 0.9187973 0.205183 0.3758716 0.9036706 0.4388334 0.3450894 0.8296619 0.4388348 0.3450899 0.8296608 0.5271115 0.3263584 0.7846297 0.5271117 0.3263581 0.7846297 0.6149445 0.3028458 0.7280988 0.614943 0.3028467 0.7280997 0.7156488 0.2682396 0.6448987 0.7156485 0.2682398 0.6448989 0.8283928 0.2151212 0.5171929 0.8153979 0.2223222 0.5345083 0.8861639 0.1779552 0.4278384 0.9013066 0.1663609 0.3999631 0.972968 0.08869099 0.2132304 -0.9925268 0 -0.1220278 -0.9852288 0 -0.1712429 -0.1423194 0 -0.9898208 0.1043283 0 -0.9945429 0.9857012 -4.83197e-7 -0.1685027 0.9648765 0 -0.262704 0.9915366 0 0.1298273 0.9269583 0 0.3751643 0.8118155 0 0.5839142 0.6653927 0 0.7464935 0.5036946 0 0.8638818 0.3364347 0 0.9417069 0.1681073 0 0.9857688 -0.08402401 0 0.9964638 -0.2522982 0 0.9676496 -0.4203904 0 0.9073433 -0.5857137 0 0.810518 -0.7413742 0 0.671092 -0.8744813 0 0.4850593 -0.9666898 0 0.2559513 -0.4273537 0.9040842 -7.88058e-4 -0.3916968 0.9163198 -0.08325773 -0.3564325 0.9207454 -0.158694 -0.2975916 0.916319 -0.2679527 9.35432e-4 0.9999996 -2.36727e-4 0.001654982 0.9999987 1.97533e-4 4.05964e-4 0.9999999 2.54955e-4 0 1 0 -0.1205675 0.9207454 -0.3710682 -7.90841e-4 0.9999997 -3.9383e-4 5.73532e-4 0.9039012 -0.4277408 0.08325779 0.9163192 -0.3916981 -7.54925e-4 0.9999997 -2.67476e-4 0.1628776 0.9163191 -0.3658281 0.2679525 0.9163192 -0.2975915 0.3658286 0.9163191 -0.1628772 0.3916969 0.9163196 -0.08325773 0.4278196 0.903864 5.36635e-4 0.3916968 0.9163198 0.08325773 0.3658282 0.9163192 0.162877 0.2975916 0.916319 0.2679527 -6.01961e-4 0.9072295 0.4206357 0.001613378 0.9999985 -7.36937e-4 -0.1586936 0.9207456 0.3564323 -0.2679525 0.9163192 0.2975915 -0.3816362 0.9207462 0.08111912 0 1 2.67217e-7 0 1 -2.67217e-7 0 1 -2.67217e-7 0 1 2.67217e-7 -0.9990633 0.04327583 0 -0.909229 0.04250717 0.4141204 -0.8129047 0.04261338 0.5808358 -0.5803857 0.04253405 0.8132303 -0.413578 0.04261577 0.9094709 0 0.04327398 0.9990633 0.4068052 0.04211032 0.9125439 0.5807904 0.04254245 0.8129407 0.7467777 0.04305279 0.6636789 0.9944574 0.01138806 -0.1045217 0.9125834 0.0112766 -0.4087352 0.6636787 0.04305273 -0.7467778 0.4066008 0.01108133 -0.9135388 0 0.01138579 -0.9999353 -0.3089209 0.04280167 -0.9501242 -0.8132303 0.0425328 -0.5803856 -0.909471 0.04261457 -0.4135778 0 1 0 0 1 0 0 1 0 0 1 0 0 1 0 0 1 0 0 1 0 0 1 0 0 1 0 0 1 0 0.9994907 0.03191262 0 0.9505014 0.03049415 -0.3092204 0.66879 0.0319097 -0.7427663 0.4994505 0.03048837 -0.8658059 0.3085981 0.03057038 -0.9507012 0 0.03191238 -0.9994907 -0.3092085 0.03053551 -0.950504 -0.7427663 0.03190988 -0.66879 -0.8657982 0.03053557 -0.4994606 -0.9994907 0.03191262 0 -0.9505014 0.03049415 0.3092204 -0.66879 0.0319097 0.7427663 -0.4994505 0.03048837 0.8658059 -0.3085981 0.03057038 0.9507012 0 0.03191238 0.9994907 0.3092085 0.03053551 0.950504 0.7427663 0.03190988 0.66879 0.8657982 0.03053557 0.4994606 0.4415768 0.8972235 1.03568e-4 0.4313272 0.8971878 -0.09492605 0.3553897 0.8972684 -0.2619307 0.2624706 0.8970752 -0.3554791 0.09519207 0.8970754 -0.4315025 1.03358e-4 0.8972228 -0.4415782 -0.09519207 0.8970754 -0.4315025 -0.2621556 0.8971878 -0.3554273 -0.3554788 0.8970754 -0.2624704 -0.4315027 0.8970751 -0.09519243 -0.4415768 0.8972235 -1.03568e-4 -0.4313272 0.8971878 0.09492605 -0.3553897 0.8972684 0.2619307 -0.2624706 0.8970752 0.3554791 -0.09519207 0.8970754 0.4315025 -1.03358e-4 0.8972228 0.4415782 0.09519207 0.8970754 0.4315025 0.2621556 0.8971878 0.3554273 0.3554788 0.8970754 0.2624704 0.4315027 0.8970751 0.09519243 0.3549937 0.9341238 -0.03731107 0.3260852 0.9341256 -0.1451827 0.1451854 0.9341226 -0.3260923 0.03731119 0.9341228 -0.3549967 -0.03731125 0.9341229 -0.3549963 -0.1451853 0.9341228 -0.3260919 -0.3260874 0.9341246 -0.1451837 -0.354996 0.934123 -0.03731131 -0.3549937 0.9341238 0.03731107 -0.3260852 0.9341256 0.1451827 -0.1451854 0.9341226 0.3260923 -0.03731119 0.9341228 0.3549967 0.03731125 0.9341229 0.3549963 0.1451853 0.9341228 0.3260919 0.3260874 0.9341246 0.1451837 0.354996 0.934123 0.03731131 0.825396 0.5366019 -0.1754427 0.6826627 0.5366309 -0.4959828 0.1754432 0.5366099 -0.8253906 -0.1754433 0.53661 -0.8253905 -0.4959893 0.5366143 -0.682671 -0.8253964 0.536601 -0.1754428 -0.825396 0.5366019 0.1754427 -0.6826627 0.5366309 0.4959828 -0.1754432 0.5366099 0.8253906 0.1754433 0.53661 0.8253905 0.4959893 0.5366143 0.682671 0.8253964 0.536601 0.1754428 0 0.8291212 0.5590689 0.8154777 0.5522236 -0.1733359 0.8154726 0.5522317 0.1733349 -0.4394542 0.8766973 -0.1956576 -0.1924065 0.880702 -0.4328324 -0.09777873 0.8807336 -0.463409 0.1929279 0.8806796 -0.4326456 0.27895 0.8807367 -0.38274 0.4394561 0.8766963 -0.1956581 0.4394542 0.8766973 0.1956576 0.1956582 0.876697 0.4394546 -0.09875303 0.8807007 0.4632647 -0.2339887 0.8846346 0.403325 -0.3127573 0.8846127 0.3458949 -0.4328339 0.8807013 0.1924065 -0.4563148 0.8846253 0.09599399 0 -1 0 0 -1 1.21982e-7 0 -1 0 0 -1 0 0 -1 0 0 -1 0 0 -1 -1.21982e-7 0 -1 0 0.8074766 -0.4299932 -0.4038407 0.3318202 -0.6876315 -0.6458005 0.1656029 -0.7188631 -0.6751381 -0.1656039 -0.7188631 -0.6751379 -0.3318224 -0.6876308 -0.6458001 -0.8074777 -0.4299923 -0.4038398 -0.4858341 0.6371226 0.5983645 -0.1578922 0.7197856 0.676002 0.1578922 0.7197856 0.676002 0.4858341 0.6371226 0.5983645 -0.05005604 0.9702812 -0.2367465 -0.2415854 0.9671955 -0.07854545 -0.1497282 0.9670715 0.2058011 0.1410002 0.8765477 0.4601989 0.1491227 0.9672822 0.2052502 0.2378907 0.9676001 0.08460611 -0.006937086 -0.9726652 0.2321084 -1.15927e-6 -0.923315 0.3840438 2.05579e-6 -0.9233148 0.384044 -0.4630908 0.8376031 -0.2897728 -0.4631173 0.8375916 -0.2897632 -0.4594237 0.8444192 -0.2754742 0.003905236 0.9728415 -0.2314396 0 0.9233146 -0.3840447 0 0.9233145 -0.3840447 0.9878845 -0.05960035 -0.1432897 0.3985212 -0.3522296 -0.8468266 -0.4908949 -0.3345849 -0.8044098 -0.9750642 -0.0852285 -0.2049047 -0.9951921 0.03761446 0.09043276 0.9994237 -0.01303809 -0.03134346 -0.7784286 0.2410772 0.5795955 -0.5416668 0.3228246 0.7761323 0.5416668 0.3228245 0.7761324 0.9363144 0.1348618 0.324234 0.6178762 -0.3019639 -0.7259799 0.2291834 -0.3738222 -0.8987392 0.1124399 -0.381609 -0.9174594 -0.1124402 -0.381609 -0.9174594 0.9510565 -0.118676 -0.2853202 0.8910063 -0.1743533 -0.4191763 0.7431448 -0.2569751 -0.6178185 0.406737 -0.3508418 -0.8434898 -0.2588188 -0.370958 -0.8918537 -0.406737 -0.3508418 -0.84349 -0.9510565 -0.1186756 -0.2853203 -0.9729682 0.08869063 0.21323 -0.7156485 0.2682396 0.6448991 -0.334839 0.3618748 0.870017 0.9729681 0.08869117 0.21323</float_array>
          <technique_common>
            <accessor source="#Mesh-mesh-normals-array" count="3737" stride="3">
              <param name="X" type="float"/>
              <param name="Y" type="float"/>
              <param name="Z" type="float"/>
            </accessor>
          </technique_common>
        </source>
        <source id="Mesh-mesh-map-0">
          <float_array id="Mesh-mesh-map-0-array" count="24708">0.861624 0.9214562 0.8797689 0.9357807 0.8793729 0.9416527 0.8566684 0.9158172 0.8074908 0.859858 0.8579055 0.9162333 0.8579055 0.9162333 0.8074908 0.859858 0.8599755 0.9171575 0.8599755 0.9171575 0.8074908 0.859858 0.8614706 0.9181137 0.8797689 0.9357807 0.8614706 0.9181137 0.8074908 0.859858 0.8514966 0.9143855 0.8074908 0.859858 0.852137 0.914521 0.8566684 0.9158172 0.855283 0.9153513 0.8074908 0.859858 0.855283 0.9153513 0.852137 0.914521 0.8074908 0.859858 0.8793729 0.9416527 0.8618906 0.9272646 0.861624 0.9214562 0.8470182 0.9134975 0.8074908 0.859858 0.8485018 0.9137517 0.8514966 0.9143855 0.8485018 0.9137517 0.8074908 0.859858 0.8781894 0.9474604 0.8622046 0.9341057 0.8618906 0.9272646 0.8429113 0.9128427 0.8074908 0.859858 0.8444172 0.9130517 0.8470182 0.9134975 0.8444172 0.9130517 0.8074908 0.859858 0.8762313 0.9531401 0.8623742 0.9378005 0.8622046 0.9341057 0.8623742 0.9378005 0.8762313 0.9531401 0.8626765 0.9422143 0.8735201 0.9586297 0.8626765 0.9422143 0.8762313 0.9531401 0.8390709 0.9123333 0.8074908 0.859858 0.8399282 0.9124287 0.8429113 0.9128427 0.8399282 0.9124287 0.8074908 0.859858 0.8735201 0.9586297 0.8623742 0.9466282 0.8626765 0.9422143 0.8616923 0.9499225 0.8735201 0.9586297 0.8700854 0.9638689 0.8074908 0.859858 0.8390709 0.9123333 0.8350836 0.9118896 0.8700854 0.9638689 0.8614706 0.9509937 0.8616923 0.9499225 0.8593588 0.9564925 0.8599755 0.9552631 0.865965 0.9688004 0.8599755 0.9552631 0.8700854 0.9638689 0.865965 0.9688004 0.8319836 0.9116188 0.8074908 0.859858 0.8350836 0.9118896 0.865965 0.9688004 0.8579055 0.9593895 0.8593588 0.9564925 0.8559663 0.9623016 0.865965 0.9688004 0.8612039 0.97337 0.8286569 0.9113559 0.8074908 0.859858 0.8299368 0.9114316 0.8319836 0.9116188 0.8299368 0.9114316 0.8074908 0.859858 0.8612039 0.97337 0.855283 0.9633277 0.8559663 0.9623016 0.8612039 0.97337 0.8558542 0.9775279 0.852137 0.9670345 0.852137 0.9670345 0.855283 0.9633277 0.8612039 0.97337 0.8074908 0.859858 0.8286569 0.9113559 0.8254429 0.9111445 0.8558542 0.9775279 0.8485018 0.9704695 0.852137 0.9670345 0.8466932 0.9718534 0.8558542 0.9775279 0.8499748 0.9812284 0.8223224 0.9109833 0.8074908 0.859858 0.8245441 0.9111887 0.8254429 0.9111445 0.8245441 0.9111887 0.8074908 0.859858 0.8499748 0.9812284 0.8444172 0.9735949 0.8466932 0.9718534 0.8410852 0.9756594 0.8499748 0.9812284 0.8436298 0.9844309 0.8074908 0.859858 0.8223224 0.9109833 0.8189646 0.9110133 0.8436298 0.9844309 0.8399282 0.9763764 0.8410852 0.9756594 0.8350836 0.9787837 0.8436298 0.9844309 0.8368889 0.9871004 0.8350836 0.9787837 0.8399282 0.9763764 0.8436298 0.9844309 0.8162795 0.9107562 0.8074908 0.859858 0.8189646 0.9110133 0.8368889 0.9871004 0.8299368 0.9807903 0.8350836 0.9787837 0.8299368 0.9807903 0.8298259 0.9892076 0.828448 0.9812276 0.8074908 0.859858 0.8162795 0.9107562 0.8132593 0.9109073 0.8298259 0.9892076 0.8245441 0.9823743 0.828448 0.9812276 0.8216275 0.9829722 0.8245441 0.9823743 0.8225182 0.9907295 0.8104024 0.9106486 0.8074908 0.859858 0.8132593 0.9109073 0.8225182 0.9907295 0.8189646 0.9835182 0.8216275 0.9829722 0.81461 0.9840459 0.8189646 0.9835182 0.8150459 0.9916493 0.8074908 0.859858 0.8104024 0.9106486 0.8074908 0.9103732 0.8150459 0.9916493 0.8132593 0.9842097 0.81461 0.9840459 0.8074908 0.984441 0.8132593 0.9842097 0.8074908 0.9919571 0.8074908 0.859858 0.8074908 0.9103732 0.8045791 0.9106486 0.7999356 0.9916493 0.8017223 0.9842097 0.8074908 0.9919571 0.8074908 0.984441 0.8074908 0.9919571 0.8017223 0.9842097 0.8045791 0.9106486 0.8017223 0.9109073 0.8074908 0.859858 0.7924633 0.9907295 0.796017 0.9835182 0.7999356 0.9916493 0.8003715 0.9840459 0.7999356 0.9916493 0.796017 0.9835182 0.8074908 0.859858 0.8017223 0.9109073 0.798702 0.9107562 0.7851556 0.9892076 0.7904374 0.9823743 0.7924633 0.9907295 0.793354 0.9829722 0.7924633 0.9907295 0.7904374 0.9823743 0.798702 0.9107562 0.796017 0.9110133 0.8074908 0.859858 0.7851556 0.9892076 0.7850447 0.9807903 0.7865335 0.9812276 0.7780926 0.9871004 0.7798979 0.9787837 0.7850447 0.9807903 0.8074908 0.859858 0.796017 0.9110133 0.7926591 0.9109833 0.7780926 0.9871004 0.7713517 0.9844309 0.7798979 0.9787837 0.7798979 0.9787837 0.7713517 0.9844309 0.7750534 0.9763764 0.7713517 0.9844309 0.7738963 0.9756594 0.7750534 0.9763764 0.7926591 0.9109833 0.7904374 0.9111887 0.8074908 0.859858 0.7895386 0.9111445 0.8074908 0.859858 0.7904374 0.9111887 0.7738963 0.9756594 0.7713517 0.9844309 0.7705643 0.9735949 0.7650067 0.9812284 0.7705643 0.9735949 0.7713517 0.9844309 0.8074908 0.859858 0.7895386 0.9111445 0.7863246 0.9113559 0.7682883 0.9718534 0.7591273 0.9775279 0.7664797 0.9704695 0.7591273 0.9775279 0.7628445 0.9670345 0.7664797 0.9704695 0.7863246 0.9113559 0.7850447 0.9114316 0.8074908 0.859858 0.7829979 0.9116188 0.8074908 0.859858 0.7850447 0.9114316 0.7628445 0.9670345 0.7537776 0.97337 0.7596985 0.9633277 0.7537776 0.97337 0.7590152 0.9623016 0.7596985 0.9633277 0.7829979 0.9116188 0.7798979 0.9118896 0.8074908 0.859858 0.7590152 0.9623016 0.7490165 0.9688004 0.757076 0.9593895 0.7490165 0.9688004 0.7556228 0.9564925 0.757076 0.9593895 0.8074908 0.859858 0.7798979 0.9118896 0.7759107 0.9123333 0.7556228 0.9564925 0.7490165 0.9688004 0.755006 0.9552631 0.755006 0.9552631 0.7448961 0.9638689 0.753511 0.9509937 0.7448961 0.9638689 0.7532892 0.9499225 0.753511 0.9509937 0.7759107 0.9123333 0.7750534 0.9124287 0.8074908 0.859858 0.7720702 0.9128427 0.8074908 0.859858 0.7750534 0.9124287 0.7532892 0.9499225 0.7448961 0.9638689 0.7526073 0.9466282 0.7414614 0.9586297 0.7526073 0.9466282 0.7448961 0.9638689 0.7720702 0.9128427 0.7705643 0.9130517 0.8074908 0.859858 0.7679633 0.9134975 0.8074908 0.859858 0.7705643 0.9130517 0.7387502 0.9531401 0.752305 0.9422143 0.7414614 0.9586297 0.7526073 0.9378005 0.7387502 0.9531401 0.7527769 0.9341057 0.7387502 0.9531401 0.7526073 0.9378005 0.752305 0.9422143 0.7679633 0.9134975 0.7664797 0.9137517 0.8074908 0.859858 0.7634849 0.9143855 0.8074908 0.859858 0.7664797 0.9137517 0.7367921 0.9474604 0.7527769 0.9341057 0.7387502 0.9531401 0.7634849 0.9143855 0.7628445 0.914521 0.8074908 0.859858 0.7583132 0.9158172 0.8074908 0.859858 0.7596985 0.9153513 0.7596985 0.9153513 0.8074908 0.859858 0.7628445 0.914521 0.7356086 0.9416527 0.7530909 0.9272646 0.7367921 0.9474604 0.7352126 0.9357807 0.7533575 0.9214562 0.7356086 0.9416527 0.7583132 0.9158172 0.757076 0.9162333 0.8074908 0.859858 0.757076 0.9162333 0.755006 0.9171575 0.8074908 0.859858 0.755006 0.9171575 0.753511 0.9181137 0.8074908 0.859858 0.7352126 0.9357807 0.8074908 0.859858 0.753511 0.9181137 0.7356086 0.9299087 0.8074908 0.859858 0.7352126 0.9357807 0.7662528 0.766061 0.8074908 0.859858 0.7356086 0.9299087 0.7679511 0.7558048 0.8074908 0.859858 0.7662528 0.766061 0.769522 0.7476647 0.8074908 0.859858 0.7679511 0.7558048 0.7712541 0.7430164 0.8074908 0.859858 0.769522 0.7476647 0.7739351 0.7399906 0.8074908 0.859858 0.7712541 0.7430164 0.7766673 0.7389373 0.8074908 0.859858 0.7739351 0.7399906 0.7797372 0.7379789 0.8074908 0.859858 0.7766673 0.7389373 0.7831112 0.7371259 0.8074908 0.859858 0.7797372 0.7379789 0.7867522 0.7363877 0.8074908 0.859858 0.7831112 0.7371259 0.7906205 0.7357724 0.8074908 0.859858 0.7867522 0.7363877 0.7946736 0.7352867 0.8074908 0.859858 0.7906205 0.7357724 0.7988672 0.7349359 0.8074908 0.859858 0.7946736 0.7352867 0.8031552 0.7347239 0.8074908 0.859858 0.7988672 0.7349359 0.8074908 0.7346529 0.8074908 0.859858 0.8031552 0.7347239 0.8118263 0.7347239 0.8074908 0.859858 0.8074908 0.7346529 0.8161143 0.7349359 0.8074908 0.859858 0.8118263 0.7347239 0.8203079 0.7352867 0.8074908 0.859858 0.8161143 0.7349359 0.824361 0.7357724 0.8074908 0.859858 0.8203079 0.7352867 0.8282293 0.7363877 0.8074908 0.859858 0.824361 0.7357724 0.8318704 0.7371259 0.8074908 0.859858 0.8282293 0.7363877 0.8352444 0.7379789 0.8074908 0.859858 0.8318704 0.7371259 0.8383142 0.7389373 0.8074908 0.859858 0.8352444 0.7379789 0.8410464 0.7399906 0.8074908 0.859858 0.8383142 0.7389373 0.8437274 0.7430164 0.8074908 0.859858 0.8410464 0.7399906 0.8454595 0.7476647 0.8074908 0.859858 0.8437274 0.7430164 0.8470304 0.7558048 0.8074908 0.859858 0.8454595 0.7476647 0.8487287 0.766061 0.8074908 0.859858 0.8470304 0.7558048 0.8793729 0.9299087 0.8074908 0.859858 0.8487287 0.766061 0.8797689 0.9357807 0.8074908 0.859858 0.8793729 0.9299087 0.7951533 0.1091504 0.7890971 0.1103187 0.7890971 0.1091504 0.9641402 0.1091504 0.7951533 0.1103187 0.7951533 0.1091504 0.974718 0.1091504 0.9641402 0.1103187 0.9641402 0.1091504 0.9831135 0.1091504 0.974718 0.1103187 0.974718 0.1091504 0.9879075 0.1091504 0.9831135 0.1103187 0.9831135 0.1091504 0.9910283 0.1091504 0.9879075 0.1103187 0.9879075 0.1091504 0.8508517 0.1780993 0.8481194 0.1792677 0.8481194 0.1780993 0.8539215 0.1780993 0.8508517 0.1792677 0.8508517 0.1780993 0.8572955 0.1780993 0.8539215 0.1792677 0.8539215 0.1780993 0.8609366 0.1780993 0.8572955 0.1792677 0.8572955 0.1780993 0.8648049 0.1780993 0.8609366 0.1792677 0.8609366 0.1780993 0.868858 0.1780993 0.8648049 0.1792677 0.8648049 0.1780993 0.8730515 0.1780993 0.868858 0.1792677 0.868858 0.1780993 0.8773396 0.1780993 0.8730515 0.1792677 0.8730515 0.1780993 0.8816751 0.1780993 0.8773396 0.1792677 0.8773396 0.1780993 0.8860107 0.1780993 0.8816751 0.1792677 0.8816751 0.1780993 0.8902987 0.1780993 0.8860107 0.1792677 0.8860107 0.1780993 0.8944922 0.1780993 0.8902987 0.1792677 0.8902987 0.1780993 0.8985454 0.1780993 0.8944922 0.1792677 0.8944922 0.1780993 0.9024137 0.1780993 0.8985454 0.1792677 0.8985454 0.1780993 0.9124986 0.1780993 0.9094287 0.1792677 0.9094287 0.1780993 0.9152308 0.1780993 0.9124986 0.1792677 0.9124986 0.1780993 0.9060547 0.1780993 0.9024137 0.1792677 0.9024137 0.1780993 0.9094287 0.1780993 0.9060547 0.1792677 0.9060547 0.1780993 0.7713519 0.1264045 0.7629566 0.1275728 0.7629566 0.1264045 0.7819298 0.1264045 0.7713519 0.1275728 0.7713519 0.1264045 0.7581624 0.1264045 0.7550417 0.1275728 0.7550417 0.1264045 0.7629566 0.1264045 0.7581624 0.1275728 0.7581624 0.1264045 0.956973 0.1264045 0.9509167 0.1275728 0.9509167 0.1264045 0.9509167 0.1264045 0.7819298 0.1275728 0.7819298 0.1264045 0.969019 0.1264045 0.9630292 0.1275728 0.9630292 0.1264045 0.9630292 0.1264045 0.956973 0.1275728 0.956973 0.1264045 0.9805386 0.1264045 0.9748769 0.1275728 0.9748769 0.1264045 0.9748769 0.1264045 0.969019 0.1275728 0.969019 0.1264045 0.9910283 0.1264045 0.9859421 0.1275728 0.9859421 0.1264045 0.9859421 0.1264045 0.9805386 0.1275728 0.9805386 0.1264045 0.2963799 0.1151474 0.2910302 0.1163158 0.2910302 0.1151474 0.2910302 0.1151474 0.2862691 0.1163158 0.2862691 0.1151474 0.3086043 0.1151474 0.3022593 0.1163158 0.3022593 0.1151474 0.3022593 0.1151474 0.2963799 0.1163158 0.2963799 0.1151474 0.3224082 0.1151474 0.3153452 0.1163158 0.3153452 0.1151474 0.3153452 0.1151474 0.3086043 0.1163158 0.3086043 0.1151474 0.3371883 0.1151474 0.3297159 0.1163158 0.3297159 0.1151474 0.3297159 0.1151474 0.3224082 0.1163158 0.3224082 0.1151474 0.3447434 0.1151474 0.3371883 0.1163158 0.3371883 0.1151474 0.3522985 0.1151474 0.3447434 0.1163158 0.3447434 0.1151474 0.3597708 0.1151474 0.3522985 0.1163158 0.3522985 0.1151474 0.2935768 0.09789335 0.2862691 0.09906172 0.2862691 0.09789335 0.3006398 0.09789335 0.2935768 0.09906172 0.2935768 0.09789335 0.3073807 0.09789335 0.3006398 0.09906172 0.3006398 0.09789335 0.3137257 0.09789335 0.3073807 0.09906172 0.3073807 0.09789335 0.3196052 0.09789335 0.3137257 0.09906172 0.3137257 0.09789335 0.3249548 0.09789335 0.3196052 0.09906172 0.3196052 0.09789335 0.3297159 0.09789335 0.3249548 0.09906172 0.3249548 0.09789335 0.7601279 0.1091504 0.7550417 0.1103187 0.7550417 0.1091504 0.7655314 0.1091504 0.7601279 0.1103187 0.7601279 0.1091504 0.7711931 0.1091504 0.7655314 0.1103187 0.7655314 0.1091504 0.777051 0.1091504 0.7711931 0.1103187 0.7711931 0.1091504 0.7830408 0.1091504 0.777051 0.1103187 0.777051 0.1091504 0.7890971 0.1091504 0.7830408 0.1103187 0.7830408 0.1091504 0.7165551 0.8092826 0.7110193 0.8264657 0.710126 0.8099378 0.1448381 0.07345545 0.1264216 0.06369388 0.1448381 0.06369388 0.7119771 0.1619795 0.6208839 0.1681987 0.6197208 0.1619795 0.7074557 0.7935909 0.7165551 0.8092826 0.710126 0.8099378 0.1630528 0.07345545 0.1448381 0.06369388 0.1630528 0.06369388 0.6221207 0.1748116 0.7104441 0.1773256 0.708653 0.1926451 0.7091858 0.7756672 0.7074557 0.7935909 0.7030377 0.7776041 0.1808661 0.07345545 0.1630528 0.06369388 0.1808661 0.06369388 0.6234688 0.1820197 0.708653 0.1926451 0.7038627 0.2073467 0.6972333 0.7620177 0.7091858 0.7756672 0.7030377 0.7776041 0.198083 0.07345545 0.1808661 0.06369388 0.198083 0.06369388 0.7038627 0.2073467 0.6249786 0.1900917 0.6234688 0.1820197 0.6947693 0.744272 0.6972333 0.7620177 0.6891709 0.747406 0.2145147 0.07345545 0.198083 0.06369388 0.2145147 0.06369388 0.6267212 0.1994094 0.698183 0.2216931 0.6909877 0.2353852 0.685104 0.7298412 0.6891709 0.747406 0.679874 0.7335254 0.2299813 0.07345545 0.2145147 0.06369388 0.2299813 0.06369388 0.6288047 0.2105493 0.6909877 0.2353852 0.6823557 0.2482731 0.6691316 0.7206631 0.685104 0.7298412 0.679874 0.7335254 0.2443132 0.07345545 0.2299813 0.06369388 0.2443132 0.06369388 0.6314027 0.2244402 0.6823557 0.2482731 0.6729044 0.2606721 0.6613871 0.704302 0.6691316 0.7206631 0.6570615 0.70896 0.02157026 0.1260142 0.008529961 0.1162525 0.02157026 0.1162525 0.6317394 0.2379848 0.6616454 0.2715887 0.6315055 0.239133 0.6317394 0.2262408 0.6314027 0.2244402 0.6729044 0.2606721 0.6321354 0.2321128 0.6317394 0.2262408 0.6729044 0.2606721 0.6729044 0.2606721 0.6317394 0.2379848 0.6321354 0.2321128 0.6475955 0.6934735 0.6570615 0.70896 0.6437957 0.6985443 0.0359022 0.1260142 0.02157026 0.1162525 0.0359022 0.1162525 0.6285979 0.2494723 0.6488575 0.2807525 0.6273347 0.2520298 0.6616454 0.2715887 0.6285979 0.2494723 0.6305559 0.2437926 0.6315055 0.239133 0.6616454 0.2715887 0.6305559 0.2437926 0.6327121 0.6841019 0.6437957 0.6985443 0.6294798 0.6895301 0.05136877 0.1260142 0.0359022 0.1162525 0.05136877 0.1162525 0.622452 0.2602011 0.6355655 0.289122 0.6200535 0.2630717 0.6488575 0.2807525 0.622452 0.2602011 0.6258866 0.2549619 0.6273347 0.2520298 0.6488575 0.2807525 0.6258866 0.2549619 0.6168999 0.6762903 0.6294798 0.6895301 0.6142705 0.6820163 0.06780046 0.1260142 0.05136877 0.1162525 0.06780046 0.1162525 0.6135704 0.2697022 0.6214439 0.2960985 0.61044 0.2721351 0.6183315 0.2651326 0.6200535 0.2630717 0.6355655 0.289122 0.6135704 0.2697022 0.6183315 0.2651326 0.6355655 0.289122 0.5984402 0.6757693 0.6168999 0.6762903 0.6142705 0.6820163 0.08501732 0.1260142 0.06780046 0.1162525 0.08501732 0.1162525 0.6023413 0.2775605 0.6066475 0.3016056 0.5991325 0.2791802 0.6214439 0.2960985 0.6023413 0.2775605 0.6082208 0.2738601 0.61044 0.2721351 0.6214439 0.2960985 0.6082208 0.2738601 0.5831903 0.6656705 0.5984402 0.6757693 0.5818462 0.6718015 0.1028307 0.1260142 0.08501732 0.1162525 0.1028307 0.1162525 0.5892555 0.2834326 0.5914848 0.3062501 0.5866529 0.284209 0.5959963 0.280763 0.5991325 0.2791802 0.6066475 0.3016056 0.5892555 0.2834326 0.5959963 0.280763 0.6066475 0.3016056 0.5656623 0.6629787 0.5818462 0.6718015 0.5649866 0.6692124 0.1210454 0.1260142 0.1028307 0.1162525 0.1210454 0.1162525 0.5756846 0.3079867 0.5748848 0.2870617 0.5914848 0.3062501 0.5914848 0.3062501 0.5748848 0.2870617 0.5821925 0.2855398 0.5866529 0.284209 0.5914848 0.3062501 0.5821925 0.2855398 0.5479402 0.6683461 0.5656623 0.6629787 0.5649866 0.6692124 0.1394619 0.1260142 0.1210454 0.1162525 0.1394619 0.1162525 0.5674124 0.2879815 0.5756846 0.3079867 0.5598573 0.3094732 0.5598573 0.3094732 0.5598573 0.2882893 0.5674124 0.2879815 0.5302181 0.6629787 0.5479402 0.6683461 0.5308938 0.6692124 0.1578783 0.1260142 0.1394619 0.1162525 0.1578783 0.1162525 0.54403 0.3079867 0.5523022 0.2879815 0.5598573 0.3094732 0.5523022 0.2879815 0.5598573 0.2882893 0.5598573 0.3094732 0.5140341 0.6718015 0.5302181 0.6629787 0.5308938 0.6692124 0.1760931 0.1260142 0.1578783 0.1162525 0.1760931 0.1162525 0.5448299 0.2870617 0.546279 0.28724 0.54403 0.3079867 0.5375221 0.2855398 0.5448299 0.2870617 0.54403 0.3079867 0.5375221 0.2855398 0.5282298 0.3062501 0.5330618 0.284209 0.4955483 0.6701239 0.5140341 0.6718015 0.497546 0.6760851 0.1939064 0.1260142 0.1760931 0.1162525 0.1939064 0.1162525 0.5304592 0.2834326 0.5282298 0.3062501 0.5130671 0.3016056 0.5130671 0.3016056 0.5205821 0.2791802 0.5237182 0.280763 0.5130671 0.3016056 0.5237182 0.280763 0.5304592 0.2834326 0.4816099 0.6820163 0.4955483 0.6701239 0.497546 0.6760851 0.2111233 0.1260142 0.1939064 0.1162525 0.2111233 0.1162525 0.5114938 0.2738601 0.4982708 0.2960985 0.5092746 0.2721351 0.5173733 0.2775605 0.5130671 0.3016056 0.4982708 0.2960985 0.5114938 0.2738601 0.5173733 0.2775605 0.4982708 0.2960985 0.4631683 0.6841019 0.4816099 0.6820163 0.4664006 0.6895301 0.227555 0.1260142 0.2111233 0.1162525 0.227555 0.1162525 0.5061442 0.2697022 0.4982708 0.2960985 0.4841492 0.289122 0.4841492 0.289122 0.4996611 0.2630717 0.5013831 0.2651326 0.4841492 0.289122 0.5013831 0.2651326 0.5061442 0.2697022 0.4482849 0.6934735 0.4664006 0.6895301 0.4520847 0.6985443 0.2430216 0.1260142 0.227555 0.1162525 0.2430216 0.1162525 0.4938279 0.2549619 0.470857 0.2807525 0.4923799 0.2520298 0.4972626 0.2602011 0.4841492 0.289122 0.470857 0.2807525 0.4938279 0.2549619 0.4972626 0.2602011 0.470857 0.2807525 0.4388189 0.70896 0.4482849 0.6934735 0.4520847 0.6985443 0.2573536 0.1260142 0.2430216 0.1162525 0.2573536 0.1162525 0.4911167 0.2494723 0.470857 0.2807525 0.4580692 0.2715887 0.4580692 0.2715887 0.4882091 0.239133 0.4891586 0.2437926 0.4891586 0.2437926 0.4911167 0.2494723 0.4580692 0.2715887 0.4219446 0.716469 0.4388189 0.70896 0.4267488 0.7206631 0.7482529 0.3851527 0.7352126 0.3753911 0.7482529 0.3753911 0.4879751 0.2262408 0.4468102 0.2606721 0.4883119 0.2244402 0.4879751 0.2379848 0.4882091 0.239133 0.4580692 0.2715887 0.4875792 0.2321128 0.4468102 0.2606721 0.4879751 0.2262408 0.4468102 0.2606721 0.4879751 0.2379848 0.4580692 0.2715887 0.4107764 0.7298412 0.4267488 0.7206631 0.4160063 0.7335254 0.7625849 0.3851527 0.7482529 0.3753911 0.7625849 0.3753911 0.4883119 0.2244402 0.4373589 0.2482731 0.4909099 0.2105493 0.401111 0.744272 0.4160063 0.7335254 0.4067094 0.747406 0.7780514 0.3851527 0.7625849 0.3753911 0.7780514 0.3753911 0.4909099 0.2105493 0.4287269 0.2353852 0.4929934 0.1994094 0.3989599 0.7621527 0.401111 0.744272 0.4067094 0.747406 0.7944831 0.3851527 0.7780514 0.3753911 0.7944831 0.3753911 0.4929934 0.1994094 0.4215316 0.2216931 0.4947361 0.1900917 0.3866946 0.7756672 0.3989599 0.7621527 0.3928427 0.7776041 0.8117 0.3851527 0.7944831 0.3753911 0.8117 0.3753911 0.4947361 0.1900917 0.4158518 0.2073467 0.4962458 0.1820197 0.3884247 0.7935909 0.3866946 0.7756672 0.3928427 0.7776041 0.8295134 0.3851527 0.8117 0.3753911 0.8295134 0.3753911 0.4962458 0.1820197 0.4110617 0.1926451 0.4975939 0.1748116 0.3793253 0.8092826 0.3884247 0.7935909 0.3857544 0.8099378 0.8477281 0.3851527 0.8295134 0.3753911 0.8477281 0.3753911 0.4975939 0.1748116 0.4092705 0.1773256 0.4988307 0.1681987 0.384861 0.8264657 0.3793253 0.8092826 0.3857544 0.8099378 0.8661445 0.3851527 0.8477281 0.3753911 0.8661445 0.3753911 0.4988307 0.1681987 0.4077374 0.1619795 0.4999938 0.1619795 0.3793253 0.8436489 0.384861 0.8264657 0.3857544 0.8429937 0.8845611 0.3851527 0.8661445 0.3753911 0.8845611 0.3753911 0.4999938 0.1619795 0.4092705 0.1466336 0.5011135 0.1559931 0.3884247 0.8593407 0.3793253 0.8436489 0.3857544 0.8429937 0.9027758 0.3851527 0.8845611 0.3753911 0.9027758 0.3753911 0.4092705 0.1466336 0.5022156 0.1501001 0.5011135 0.1559931 0.3866946 0.8772643 0.3884247 0.8593407 0.3928427 0.8753274 0.9205891 0.3851527 0.9027758 0.3753911 0.9205891 0.3753911 0.4158518 0.1166123 0.5022156 0.1501001 0.4110617 0.1313139 0.3989599 0.8907788 0.3866946 0.8772643 0.3928427 0.8753274 0.937806 0.3851527 0.9205891 0.3753911 0.937806 0.3753911 0.4158518 0.1166123 0.504466 0.1380678 0.5033248 0.1441696 0.401111 0.9086596 0.3989599 0.8907788 0.4067094 0.9055256 0.7714734 0.1534203 0.7550417 0.1436587 0.7714734 0.1436587 0.5056674 0.1316444 0.4215316 0.1022659 0.4287269 0.08857381 0.4107764 0.9230903 0.4067094 0.9055256 0.4160063 0.9194062 0.78694 0.1534203 0.7714734 0.1436587 0.78694 0.1436587 0.5069628 0.1247181 0.4287269 0.08857381 0.4373589 0.07568597 0.4267488 0.9322685 0.4107764 0.9230903 0.4160063 0.9194062 0.8012719 0.1534203 0.78694 0.1436587 0.8012719 0.1436587 0.5083964 0.1170531 0.4373589 0.07568597 0.4468102 0.06328713 0.4344933 0.9486295 0.4267488 0.9322685 0.4388189 0.9439715 0.7482529 0.3347823 0.7352126 0.3250207 0.7482529 0.3250207 0.4468102 0.06328713 0.5100292 0.1083228 0.5083964 0.1170531 0.4482849 0.9594581 0.4388189 0.9439715 0.4520847 0.9543873 0.7625849 0.3347823 0.7482529 0.3250207 0.7625849 0.3250207 0.4580692 0.05237042 0.511951 0.09804749 0.5100292 0.1083228 0.4631683 0.9688296 0.4520847 0.9543873 0.4664006 0.9634014 0.7780514 0.3347823 0.7625849 0.3250207 0.7780514 0.3250207 0.470857 0.04320669 0.5143023 0.08547556 0.511951 0.09804749 0.4789806 0.9766413 0.4664006 0.9634014 0.4816099 0.9709153 0.7944831 0.3347823 0.7780514 0.3250207 0.7944831 0.3250207 0.4841492 0.03483712 0.5173195 0.06934356 0.5143023 0.08547556 0.4955483 0.9828076 0.4816099 0.9709153 0.497546 0.9768465 0.8117 0.3347823 0.7944831 0.3250207 0.8117 0.3250207 0.4982708 0.02786064 0.5213153 0.04696714 0.5203177 0.05213689 0.4982708 0.02786064 0.5186194 0.06239306 0.5173195 0.06934356 0.5203177 0.05213689 0.5186194 0.06239306 0.4982708 0.02786064 0.5140341 0.9811301 0.4955483 0.9828076 0.497546 0.9768465 0.8295134 0.3347823 0.8117 0.3250207 0.8295134 0.3250207 0.5290338 0.03526937 0.5282298 0.01770913 0.5321037 0.03431105 0.5218886 0.04399681 0.5213153 0.04696714 0.5130671 0.02235364 0.5236206 0.0393486 0.5218886 0.04399681 0.5130671 0.02235364 0.5263016 0.03632271 0.5236206 0.0393486 0.5130671 0.02235364 0.5290338 0.03526937 0.5263016 0.03632271 0.5130671 0.02235364 0.530858 0.9840494 0.5126901 0.9872611 0.5140341 0.9811301 0.8477281 0.3347823 0.8295134 0.3250207 0.8477281 0.3250207 0.54403 0.01597237 0.5457429 0.03177428 0.5429871 0.03210461 0.54403 0.01597237 0.5429871 0.03210461 0.5391188 0.03271985 0.54403 0.01597237 0.5391188 0.03271985 0.5354777 0.03345811 0.5354777 0.03345811 0.5282298 0.01770913 0.54403 0.01597237 0.5479402 0.9849174 0.5302181 0.9899528 0.530858 0.9840494 0.8661445 0.3347823 0.8477281 0.3250207 0.8661445 0.3250207 0.5598573 0.01448595 0.5598573 0.03098511 0.5555218 0.03105604 0.5470402 0.03161883 0.5457429 0.03177428 0.54403 0.01597237 0.5512337 0.03126811 0.54403 0.01597237 0.5598573 0.01448595 0.5598573 0.01448595 0.5555218 0.03105604 0.5512337 0.03126811 0.5656623 0.9899528 0.5479402 0.9849174 0.5650224 0.9840494 0.8845611 0.3347823 0.8661445 0.3250207 0.8845611 0.3250207 0.5641928 0.03105604 0.5598573 0.03098511 0.5598573 0.01448595 0.5756846 0.01597237 0.5739717 0.03177428 0.5726744 0.03161883 0.5756846 0.01597237 0.5684809 0.03126811 0.5598573 0.01448595 0.5684809 0.03126811 0.5641928 0.03105604 0.5598573 0.01448595 0.5831903 0.9872611 0.5650224 0.9840494 0.5818462 0.9811301 0.9027758 0.3347823 0.8845611 0.3250207 0.9027758 0.3250207 0.5767276 0.03210461 0.5739717 0.03177428 0.5756846 0.01597237 0.5805959 0.03271985 0.5767276 0.03210461 0.5756846 0.01597237 0.5842369 0.03345811 0.5914848 0.01770913 0.5876109 0.03431105 0.5842369 0.03345811 0.5805959 0.03271985 0.5756846 0.01597237 0.5984402 0.9771623 0.5831903 0.9872611 0.5818462 0.9811301 0.9205891 0.3347823 0.9027758 0.3250207 0.9205891 0.3250207 0.5906808 0.03526937 0.5914848 0.01770913 0.6066475 0.02235364 0.6066475 0.02235364 0.5983992 0.04696714 0.597826 0.04399681 0.6066475 0.02235364 0.597826 0.04399681 0.596094 0.0393486 0.6066475 0.02235364 0.596094 0.0393486 0.5934129 0.03632271 0.6066475 0.02235364 0.5934129 0.03632271 0.5906808 0.03526937 0.6144098 0.9712185 0.6003321 0.9828076 0.5984402 0.9771623 0.7722586 0.1792677 0.7550417 0.1695061 0.7722586 0.1695061 0.6010952 0.06239306 0.6214439 0.02786064 0.6023952 0.06934356 0.6214439 0.02786064 0.5983992 0.04696714 0.6066475 0.02235364 0.6214439 0.02786064 0.6010952 0.06239306 0.5993969 0.05213689 0.6327121 0.9688296 0.6144098 0.9712185 0.629651 0.9636889 0.7886903 0.1792677 0.7722586 0.1695061 0.7886903 0.1695061 0.6023952 0.06934356 0.6355655 0.03483712 0.6054123 0.08547556 0.6475955 0.9594581 0.629651 0.9636889 0.6437957 0.9543873 0.8041568 0.1792677 0.7886903 0.1695061 0.8041568 0.1695061 0.6054123 0.08547556 0.6488575 0.04320669 0.6077636 0.09804749 0.6570615 0.9439715 0.6475955 0.9594581 0.6437957 0.9543873 0.8184888 0.1792677 0.8041568 0.1695061 0.8184888 0.1695061 0.6077636 0.09804749 0.6616454 0.05237042 0.6096854 0.1083228 0.6739357 0.9364625 0.6570615 0.9439715 0.6691316 0.9322685 0.8315291 0.1792677 0.8184888 0.1695061 0.8315291 0.1695061 0.6096854 0.1083228 0.6729044 0.06328713 0.6113182 0.1170531 0.685104 0.9230903 0.6691316 0.9322685 0.679874 0.9194062 0.02286189 0.07345545 0.008529961 0.06369388 0.02286189 0.06369388 0.6113182 0.1170531 0.6823557 0.07568597 0.6127518 0.1247181 0.6947693 0.9086596 0.679874 0.9194062 0.6891709 0.9055256 0.03832846 0.07345545 0.02286189 0.06369388 0.03832846 0.06369388 0.6127518 0.1247181 0.6909877 0.08857381 0.6140472 0.1316444 0.6969205 0.8907788 0.6947693 0.9086596 0.6891709 0.9055256 0.05476021 0.07345545 0.03832846 0.06369388 0.05476021 0.06369388 0.6140472 0.1316444 0.698183 0.1022659 0.6152486 0.1380678 0.7033634 0.87543 0.7028261 0.8933282 0.6969205 0.8907788 0.07197707 0.07345545 0.05476021 0.06369388 0.07197707 0.06369388 0.6152486 0.1380678 0.7038627 0.1166123 0.6163898 0.1441696 0.7077906 0.8594097 0.7091858 0.8772643 0.7033634 0.87543 0.0897904 0.07345545 0.07197707 0.06369388 0.0897904 0.06369388 0.7038627 0.1166123 0.6174989 0.1501001 0.6163898 0.1441696 0.7165551 0.8436489 0.7077906 0.8594097 0.7104666 0.8430285 0.1080051 0.07345545 0.0897904 0.06369388 0.1080051 0.06369388 0.7104441 0.1466336 0.6174989 0.1501001 0.708653 0.1313139 0.7110193 0.8264657 0.7165551 0.8436489 0.7104666 0.8430285 0.1264216 0.07345545 0.1080051 0.06369388 0.1264216 0.06369388 0.6197208 0.1619795 0.7104441 0.1466336 0.7119771 0.1619795 0.3606677 0.821129 0.3575947 0.8387706 0.3585483 0.821129 0.3597025 0.8389854 0.3547445 0.8562189 0.3575947 0.8387706 0.3568176 0.8566462 0.3500288 0.8732827 0.3547445 0.8562189 0.3500288 0.8732827 0.3454356 0.8906111 0.3434994 0.8897752 0.3434994 0.8897752 0.3370633 0.906543 0.3352277 0.9055156 0.3352277 0.9055156 0.3270192 0.9215392 0.3253045 0.9203314 0.3253045 0.9203314 0.3154134 0.9354353 0.3138383 0.9340602 0.3154134 0.9354353 0.3009549 0.9465519 0.3138383 0.9340602 0.3023731 0.948079 0.2867954 0.9576693 0.3009549 0.9465519 0.2880411 0.9593318 0.2715148 0.9672908 0.2867954 0.9576693 0.2725746 0.9690704 0.2552808 0.9753109 0.2715148 0.9672908 0.2561429 0.9771882 0.2382711 0.9816418 0.2552808 0.9753109 0.2382711 0.9816418 0.2211126 0.9882241 0.220672 0.9862141 0.220672 0.9862141 0.2028979 0.9910213 0.2026764 0.9889776 0.2026764 0.9889776 0.1844815 0.9919571 0.1844815 0.9899021 0.1844815 0.9919571 0.1662865 0.9889776 0.1844815 0.9899021 0.1660649 0.9910213 0.1482909 0.9862141 0.1662865 0.9889776 0.1478502 0.9882241 0.1306918 0.9816418 0.1482909 0.9862141 0.1306918 0.9816418 0.11282 0.9771882 0.113682 0.9753109 0.113682 0.9753109 0.09638828 0.9690704 0.09744799 0.9672908 0.09744799 0.9672908 0.08092176 0.9593318 0.0821675 0.9576693 0.0821675 0.9576693 0.06658983 0.948079 0.068008 0.9465519 0.06658983 0.948079 0.05512458 0.9340602 0.068008 0.9465519 0.05354952 0.9354353 0.04365837 0.9203314 0.05512458 0.9340602 0.04194372 0.9215392 0.03373515 0.9055156 0.04365837 0.9203314 0.03189963 0.906543 0.02546346 0.8897752 0.03373515 0.9055156 0.02352726 0.8906111 0.01893401 0.8732827 0.02546346 0.8897752 0.01893401 0.8732827 0.01214528 0.8566462 0.01421838 0.8562189 0.01421838 0.8562189 0.009260296 0.8389854 0.01136815 0.8387706 0.01136815 0.8387706 0.008295178 0.821129 0.0104146 0.821129 0.008295178 0.821129 0.01136815 0.8034874 0.0104146 0.821129 0.009260296 0.8032726 0.01421838 0.7860391 0.01136815 0.8034874 0.01214528 0.7856118 0.01893401 0.7689752 0.01421838 0.7860391 0.01893401 0.7689752 0.02352726 0.7516469 0.02546346 0.7524828 0.02546346 0.7524828 0.03189963 0.7357149 0.03373515 0.7367424 0.03373515 0.7367424 0.04194372 0.7207188 0.04365837 0.7219266 0.04365837 0.7219266 0.05354952 0.7068226 0.05512458 0.7081977 0.05354952 0.7068226 0.068008 0.6957061 0.05512458 0.7081977 0.06658983 0.6941789 0.0821675 0.6845886 0.068008 0.6957061 0.08092176 0.6829261 0.09744799 0.6749672 0.0821675 0.6845886 0.09638828 0.6731875 0.113682 0.6669471 0.09744799 0.6749672 0.11282 0.6650697 0.1306918 0.6606162 0.113682 0.6669471 0.1306918 0.6606162 0.1478502 0.6540338 0.1482909 0.656044 0.1482909 0.656044 0.1660649 0.6512367 0.1662865 0.6532804 0.1662865 0.6532804 0.1844815 0.6503009 0.1844815 0.6523559 0.1844815 0.6503009 0.2026764 0.6532804 0.1844815 0.6523559 0.2028979 0.6512367 0.220672 0.656044 0.2026764 0.6532804 0.2211126 0.6540338 0.2382711 0.6606162 0.220672 0.656044 0.2382711 0.6606162 0.2561429 0.6650697 0.2552808 0.6669471 0.2552808 0.6669471 0.2725746 0.6731875 0.2715148 0.6749672 0.2715148 0.6749672 0.2880411 0.6829261 0.2867954 0.6845886 0.2867954 0.6845886 0.3023731 0.6941789 0.3009549 0.6957061 0.3023731 0.6941789 0.3138383 0.7081977 0.3009549 0.6957061 0.3154134 0.7068226 0.3253045 0.7219266 0.3138383 0.7081977 0.3270192 0.7207188 0.3352277 0.7367424 0.3253045 0.7219266 0.3370633 0.7357149 0.3434994 0.7524828 0.3352277 0.7367424 0.3454356 0.7516469 0.3500288 0.7689752 0.3434994 0.7524828 0.3500288 0.7689752 0.3568176 0.7856118 0.3547445 0.7860391 0.3547445 0.7860391 0.3597025 0.8032726 0.3575947 0.8034874 0.3575947 0.8034874 0.3606677 0.821129 0.3585483 0.821129 0.8516861 0.3593053 0.8334912 0.3563953 0.8516861 0.3563953 0.8334912 0.3593053 0.8154956 0.3563953 0.8334912 0.3563953 0.8154956 0.3593053 0.7978965 0.3563953 0.8154956 0.3563953 0.7978965 0.3593053 0.7808867 0.3563953 0.7978965 0.3563953 0.7808867 0.3593053 0.7646527 0.3563953 0.7808867 0.3563953 0.7646527 0.3593053 0.7493722 0.3563953 0.7646527 0.3563953 0.7493722 0.3593053 0.7352126 0.3563953 0.7493722 0.3563953 0.8666131 0.2642566 0.8537297 0.2613466 0.8666131 0.2613466 0.8537297 0.2642566 0.8395701 0.2613466 0.8537297 0.2613466 0.8395701 0.2642566 0.8242896 0.2613466 0.8395701 0.2613466 0.8242896 0.2642566 0.8080556 0.2613466 0.8242896 0.2613466 0.8080556 0.2642566 0.7910458 0.2613466 0.8080556 0.2613466 0.7910458 0.2642566 0.7734467 0.2613466 0.7910458 0.2613466 0.9205891 0.3089348 0.9025935 0.3060248 0.9205891 0.3060248 0.9025935 0.3089348 0.8843986 0.3060248 0.9025935 0.3060248 0.8843986 0.3089348 0.8662037 0.3060248 0.8843986 0.3060248 0.8662037 0.3089348 0.8482081 0.3060248 0.8662037 0.3060248 0.8482081 0.3089348 0.830609 0.3060248 0.8482081 0.3060248 0.830609 0.3089348 0.8135992 0.3060248 0.830609 0.3060248 0.8135992 0.3089348 0.7973652 0.3060248 0.8135992 0.3060248 0.7973652 0.3089348 0.7820847 0.3060248 0.7973652 0.3060248 0.7820847 0.3089348 0.7679252 0.3060248 0.7820847 0.3060248 0.7679252 0.3089348 0.7550417 0.3060248 0.7679252 0.3060248 0.981043 0.4096757 0.9668834 0.4067657 0.981043 0.4067657 0.9668834 0.4096757 0.9516029 0.4067657 0.9668834 0.4067657 0.9516029 0.4096757 0.9353689 0.4067657 0.9516029 0.4067657 0.9353689 0.4096757 0.9183591 0.4067657 0.9353689 0.4067657 0.9183591 0.4096757 0.9007601 0.4067657 0.9183591 0.4067657 0.9007601 0.4096757 0.8827645 0.4067657 0.9007601 0.4067657 0.8827645 0.4096757 0.8645696 0.4067657 0.8827645 0.4067657 0.8645696 0.4096757 0.8463746 0.4067657 0.8645696 0.4067657 0.8463746 0.4096757 0.828379 0.4067657 0.8463746 0.4067657 0.828379 0.4096757 0.8107799 0.4067657 0.828379 0.4067657 0.8107799 0.4096757 0.7937701 0.4067657 0.8107799 0.4067657 0.7937701 0.4096757 0.7775361 0.4067657 0.7937701 0.4067657 0.7775361 0.4096757 0.7622556 0.4067657 0.7775361 0.4067657 0.7622556 0.4096757 0.7480961 0.4067657 0.7622556 0.4067657 0.2672438 0.04760801 0.2543603 0.04469799 0.2672438 0.04469799 0.2543603 0.04760801 0.2402008 0.04469799 0.2543603 0.04469799 0.2402008 0.04760801 0.2249203 0.04469799 0.2402008 0.04469799 0.2249203 0.04760801 0.2086862 0.04469799 0.2249203 0.04469799 0.2086862 0.04760801 0.1916764 0.04469799 0.2086862 0.04469799 0.1916764 0.04760801 0.1740774 0.04469799 0.1916764 0.04469799 0.1740774 0.04760801 0.1560818 0.04469799 0.1740774 0.04469799 0.1560818 0.04760801 0.1378868 0.04469799 0.1560818 0.04469799 0.1378868 0.04760801 0.1196919 0.04469799 0.1378868 0.04469799 0.1196919 0.04760801 0.1016963 0.04469799 0.1196919 0.04469799 0.1016963 0.04760801 0.08409726 0.04469799 0.1016963 0.04469799 0.08409726 0.04760801 0.06708747 0.04469799 0.08409726 0.04469799 0.06708747 0.04760801 0.05085343 0.04469799 0.06708747 0.04469799 0.05085343 0.04760801 0.03557294 0.04469799 0.05085343 0.04469799 0.03557294 0.04760801 0.02141338 0.04469799 0.03557294 0.04469799 0.02141338 0.04760801 0.008529961 0.04469799 0.02141338 0.04469799 0.9681596 0.3593053 0.954 0.3563953 0.9681596 0.3563953 0.954 0.3593053 0.9387195 0.3563953 0.954 0.3563953 0.9387195 0.3593053 0.9224855 0.3563953 0.9387195 0.3563953 0.9224855 0.3593053 0.9054757 0.3563953 0.9224855 0.3563953 0.9054757 0.3593053 0.8878766 0.3563953 0.9054757 0.3563953 0.8878766 0.3593053 0.869881 0.3563953 0.8878766 0.3563953 0.869881 0.3593053 0.8516861 0.3563953 0.869881 0.3563953 0.8516861 0.3563953 0.833845 0.351307 0.8516861 0.351307 0.833845 0.351307 0.8154956 0.3563953 0.8163099 0.3508681 0.8154956 0.3563953 0.798811 0.3518356 0.8163099 0.3508681 0.798811 0.3518356 0.7808867 0.3563953 0.7824799 0.3508681 0.7808867 0.3563953 0.7666111 0.3508681 0.7824799 0.3508681 0.7646527 0.3563953 0.7513617 0.351307 0.7666111 0.3508681 0.7493722 0.3563953 0.7374775 0.351307 0.7513617 0.351307 0.8640977 0.2562584 0.8537297 0.2613466 0.8511087 0.2558194 0.8537297 0.2613466 0.8375806 0.2562584 0.8511087 0.2558194 0.8375806 0.2562584 0.8242896 0.2613466 0.8223312 0.2558194 0.8242896 0.2613466 0.8066788 0.2562584 0.8223312 0.2558194 0.8080556 0.2613466 0.7901313 0.256787 0.8066788 0.2562584 0.7901313 0.256787 0.7734467 0.2613466 0.7726324 0.2558194 0.7734467 0.2613466 0.7550417 0.2558194 0.7726324 0.2558194 0.9025935 0.3060248 0.8843986 0.3009366 0.9021841 0.3004977 0.8843986 0.3060248 0.8665574 0.3009366 0.8843986 0.3009366 0.8665574 0.3009366 0.8482081 0.3060248 0.8490224 0.3004977 0.8482081 0.3060248 0.8315234 0.3014652 0.8490224 0.3004977 0.8315234 0.3014652 0.8135992 0.3060248 0.8151924 0.3004977 0.8135992 0.3060248 0.7993236 0.3004977 0.8151924 0.3004977 0.7993236 0.3004977 0.7820847 0.3060248 0.7843869 0.3004977 0.7843869 0.3004977 0.7679252 0.3060248 0.770546 0.3004977 0.7679252 0.3060248 0.7579525 0.3004977 0.770546 0.3004977 0.981043 0.4067657 0.9645811 0.4012386 0.9784221 0.4012386 0.9668834 0.4067657 0.9496445 0.4012386 0.9645811 0.4012386 0.9496445 0.4012386 0.9353689 0.4067657 0.9337757 0.4012386 0.9337757 0.4012386 0.9183591 0.4067657 0.9171488 0.4012386 0.9171488 0.4012386 0.9007601 0.4067657 0.8999457 0.4012386 0.9007601 0.4067657 0.8824107 0.4016775 0.8999457 0.4012386 0.8827645 0.4067657 0.8645696 0.4016775 0.8824107 0.4016775 0.8645696 0.4016775 0.8463746 0.4067657 0.846784 0.4012386 0.846784 0.4012386 0.828379 0.4067657 0.8291934 0.4012386 0.828379 0.4067657 0.8119903 0.4012386 0.8291934 0.4012386 0.8107799 0.4067657 0.7953633 0.4012386 0.8119903 0.4012386 0.7937701 0.4067657 0.7794945 0.4012386 0.7953633 0.4012386 0.7794945 0.4012386 0.7622556 0.4067657 0.7645579 0.4012386 0.7622556 0.4067657 0.7503609 0.4016775 0.7645579 0.4012386 0.7503609 0.4016775 0.7352126 0.4067657 0.7381235 0.4012386 0.2543603 0.04469799 0.2378985 0.03917086 0.2517394 0.03917086 0.2402008 0.04469799 0.2232279 0.03960978 0.2378985 0.03917086 0.2232279 0.03960978 0.2086862 0.04469799 0.2070931 0.03917086 0.2086862 0.04469799 0.190762 0.04013836 0.2070931 0.03917086 0.190762 0.04013836 0.1740774 0.04469799 0.173263 0.03917086 0.1740774 0.04469799 0.1556724 0.03917086 0.173263 0.03917086 0.1560818 0.04469799 0.1378868 0.03960978 0.1556724 0.03917086 0.1378868 0.03960978 0.1196919 0.04469799 0.1201013 0.03917086 0.1201013 0.03917086 0.1016963 0.04469799 0.1025107 0.03917086 0.1016963 0.04469799 0.08501172 0.04013836 0.1025107 0.03917086 0.08501172 0.04013836 0.06708747 0.04469799 0.06868064 0.03917086 0.06708747 0.04469799 0.05281186 0.03917086 0.06868064 0.03917086 0.05281186 0.03917086 0.03557294 0.04469799 0.03787523 0.03917086 0.03787523 0.03917086 0.02141338 0.04469799 0.02403432 0.03917086 0.02141338 0.04469799 0.01144081 0.03917086 0.02403432 0.03917086 0.9681596 0.3563953 0.9516977 0.3508681 0.9655386 0.3508681 0.954 0.3563953 0.9367611 0.3508681 0.9516977 0.3508681 0.9367611 0.3508681 0.9224855 0.3563953 0.9208923 0.3508681 0.9224855 0.3563953 0.9045612 0.3518356 0.9208923 0.3508681 0.9045612 0.3518356 0.8878766 0.3563953 0.8871729 0.351307 0.8878766 0.3563953 0.8695272 0.351307 0.8871729 0.351307 0.869881 0.3563953 0.8516861 0.351307 0.8695272 0.351307 0.1176512 0.1456524 0.1006048 0.1527254 0.1006379 0.1456524 0.1006379 0.1456524 0.08374518 0.1527254 0.08381086 0.1456524 0.08381086 0.1456524 0.06725698 0.1527254 0.06735467 0.1456524 0.06725698 0.1527254 0.05144947 0.1456524 0.06735467 0.1456524 0.05144947 0.1456524 0.03626966 0.1519855 0.03626966 0.1456524 0.03626966 0.1519855 0.02198141 0.1456524 0.03626966 0.1456524 0.02198141 0.1456524 0.008529961 0.1527254 0.008741378 0.1456524 0.2506781 0.2061481 0.2383964 0.1990751 0.2504432 0.1990751 0.2386079 0.2061481 0.2251564 0.1990751 0.2383964 0.1990751 0.2251564 0.1990751 0.2108682 0.205408 0.2108682 0.1990751 0.2108682 0.205408 0.1956884 0.1990751 0.2108682 0.1990751 0.1956884 0.1990751 0.1798809 0.2061481 0.1797832 0.1990751 0.1798809 0.2061481 0.163327 0.1990751 0.1797832 0.1990751 0.1633927 0.2061481 0.1465 0.1990751 0.163327 0.1990751 0.146533 0.2061481 0.1294866 0.1990751 0.1465 0.1990751 0.1294866 0.1990751 0.1124402 0.2061481 0.1124732 0.1990751 0.1124732 0.1990751 0.09558051 0.2061481 0.09564626 0.1990751 0.09564626 0.1990751 0.07919001 0.205408 0.07919001 0.1990751 0.07919001 0.205408 0.06328487 0.1990751 0.07919001 0.1990751 0.06328487 0.1990751 0.048105 0.205408 0.048105 0.1990751 0.048105 0.205408 0.03381681 0.1990751 0.048105 0.1990751 0.03381681 0.1990751 0.02036535 0.2061481 0.02057677 0.1990751 0.02036535 0.2061481 0.008529961 0.1990751 0.02057677 0.1990751 0.2265611 0.09309375 0.2133675 0.09981989 0.213321 0.09309375 0.213321 0.09309375 0.1990329 0.09942674 0.1990329 0.09309375 0.1990329 0.09942674 0.183853 0.09309375 0.1990329 0.09309375 0.1838851 0.09981989 0.1679478 0.09309375 0.183853 0.09309375 0.1679723 0.09981989 0.1514916 0.09309375 0.1679478 0.09309375 0.151508 0.09981989 0.1346646 0.09309375 0.1514916 0.09309375 0.1346729 0.09981989 0.1176512 0.09309375 0.1346646 0.09309375 0.1176512 0.09981989 0.1006379 0.09309375 0.1176512 0.09309375 0.1006379 0.09309375 0.08379447 0.09981989 0.08381086 0.09309375 0.08381086 0.09309375 0.06733024 0.09981989 0.06735467 0.09309375 0.06733024 0.09981989 0.05144947 0.09309375 0.06735467 0.09309375 0.05144947 0.09309375 0.03626966 0.09942674 0.03626966 0.09309375 0.03626966 0.09942674 0.02198141 0.09309375 0.03626966 0.09309375 0.02193498 0.09981989 0.008741378 0.09309375 0.02198141 0.09309375 0.2506781 0.1794368 0.2383964 0.1723637 0.2504432 0.1723637 0.2383964 0.1723637 0.2252029 0.1790899 0.2251564 0.1723637 0.2251564 0.1723637 0.2108682 0.1786968 0.2108682 0.1723637 0.2108682 0.1786968 0.1956884 0.1723637 0.2108682 0.1723637 0.1956884 0.1723637 0.1797832 0.1786968 0.1797832 0.1723637 0.1797832 0.1786968 0.163327 0.1723637 0.1797832 0.1723637 0.1633434 0.1790899 0.1465 0.1723637 0.163327 0.1723637 0.1465082 0.1790899 0.1294866 0.1723637 0.1465 0.1723637 0.1294866 0.1723637 0.112465 0.1790899 0.1124732 0.1723637 0.1124732 0.1723637 0.09562981 0.1790899 0.09564626 0.1723637 0.09562981 0.1790899 0.07919001 0.1723637 0.09564626 0.1723637 0.07919001 0.1723637 0.06325274 0.1790899 0.06328487 0.1723637 0.06328487 0.1723637 0.048105 0.1786968 0.048105 0.1723637 0.048105 0.1786968 0.03381681 0.1723637 0.048105 0.1723637 0.03377038 0.1790899 0.02057677 0.1723637 0.03381681 0.1723637 0.2388427 0.1527254 0.2265611 0.1456524 0.2386079 0.1456524 0.2267725 0.1527254 0.213321 0.1456524 0.2265611 0.1456524 0.213321 0.1456524 0.1990329 0.1519855 0.1990329 0.1456524 0.1990329 0.1519855 0.183853 0.1456524 0.1990329 0.1456524 0.183853 0.1456524 0.1680455 0.1527254 0.1679478 0.1456524 0.1680455 0.1527254 0.1514916 0.1456524 0.1679478 0.1456524 0.1515573 0.1527254 0.1346646 0.1456524 0.1514916 0.1456524 0.1346977 0.1527254 0.1176512 0.1456524 0.1346646 0.1456524 0.1176512 0.1420999 0.1006379 0.1456524 0.1007856 0.1420999 0.1006379 0.1456524 0.08410465 0.1420999 0.1007856 0.1420999 0.08381086 0.1456524 0.06779128 0.1420999 0.08410465 0.1420999 0.06735467 0.1456524 0.05202418 0.1420999 0.06779128 0.1420999 0.05144947 0.1456524 0.03697609 0.1420999 0.05202418 0.1420999 0.03626966 0.1456524 0.02281194 0.1420999 0.03697609 0.1420999 0.02198141 0.1456524 0.009686887 0.1420999 0.02281194 0.1420999 0.2504432 0.1990751 0.237451 0.1955226 0.2493932 0.1955226 0.237451 0.1955226 0.2251564 0.1990751 0.2243259 0.1955226 0.2251564 0.1990751 0.2101617 0.1955226 0.2243259 0.1955226 0.2108682 0.1990751 0.1951137 0.1955226 0.2101617 0.1955226 0.1951137 0.1955226 0.1797832 0.1990751 0.1793466 0.1955226 0.1793466 0.1955226 0.163327 0.1990751 0.1630332 0.1955226 0.1630332 0.1955226 0.1465 0.1990751 0.1463523 0.1955226 0.1465 0.1990751 0.1294866 0.1955226 0.1463523 0.1955226 0.1294866 0.1955226 0.1124732 0.1990751 0.1126209 0.1955226 0.1124732 0.1990751 0.09593999 0.1955226 0.1126209 0.1955226 0.09564626 0.1990751 0.07962661 0.1955226 0.09593999 0.1955226 0.07919001 0.1990751 0.06385958 0.1955226 0.07962661 0.1955226 0.06328487 0.1990751 0.04881149 0.1955226 0.06385958 0.1955226 0.048105 0.1990751 0.03464728 0.1955226 0.04881149 0.1955226 0.03381681 0.1990751 0.02152222 0.1955226 0.03464728 0.1955226 0.02057677 0.1990751 0.009580016 0.1955226 0.02152222 0.1955226 0.2265611 0.09309375 0.2124905 0.08954131 0.2256156 0.08954131 0.213321 0.09309375 0.1983264 0.08954131 0.2124905 0.08954131 0.1990329 0.09309375 0.1832783 0.08954131 0.1983264 0.08954131 0.1832783 0.08954131 0.1679478 0.09309375 0.1675112 0.08954131 0.1675112 0.08954131 0.1514916 0.09309375 0.1511979 0.08954131 0.1511979 0.08954131 0.1346646 0.09309375 0.134517 0.08954131 0.1346646 0.09309375 0.1176512 0.08954131 0.134517 0.08954131 0.1176512 0.08954131 0.1006379 0.09309375 0.1007856 0.08954131 0.1006379 0.09309375 0.08410465 0.08954131 0.1007856 0.08954131 0.08381086 0.09309375 0.06779128 0.08954131 0.08410465 0.08954131 0.06735467 0.09309375 0.05202418 0.08954131 0.06779128 0.08954131 0.05144947 0.09309375 0.03697609 0.08954131 0.05202418 0.08954131 0.03626966 0.09309375 0.02281194 0.08954131 0.03697609 0.08954131 0.02198141 0.09309375 0.009686887 0.08954131 0.02281194 0.08954131 0.2504432 0.1723637 0.237451 0.1688113 0.2493932 0.1688113 0.237451 0.1688113 0.2251564 0.1723637 0.2243259 0.1688113 0.2251564 0.1723637 0.2101617 0.1688113 0.2243259 0.1688113 0.2108682 0.1723637 0.1951137 0.1688113 0.2101617 0.1688113 0.1951137 0.1688113 0.1797832 0.1723637 0.1793466 0.1688113 0.1793466 0.1688113 0.163327 0.1723637 0.1630332 0.1688113 0.1630332 0.1688113 0.1465 0.1723637 0.1463523 0.1688113 0.1465 0.1723637 0.1294866 0.1688113 0.1463523 0.1688113 0.1294866 0.1688113 0.1124732 0.1723637 0.1126209 0.1688113 0.1124732 0.1723637 0.09593999 0.1688113 0.1126209 0.1688113 0.09564626 0.1723637 0.07962661 0.1688113 0.09593999 0.1688113 0.07919001 0.1723637 0.06385958 0.1688113 0.07962661 0.1688113 0.06328487 0.1723637 0.04881149 0.1688113 0.06385958 0.1688113 0.048105 0.1723637 0.03464728 0.1688113 0.04881149 0.1688113 0.03381681 0.1723637 0.02152222 0.1688113 0.03464728 0.1688113 0.02057677 0.1723637 0.009580016 0.1688113 0.02152222 0.1688113 0.2265611 0.1456524 0.2124905 0.1420999 0.2256156 0.1420999 0.213321 0.1456524 0.1983264 0.1420999 0.2124905 0.1420999 0.1990329 0.1456524 0.1832783 0.1420999 0.1983264 0.1420999 0.1832783 0.1420999 0.1679478 0.1456524 0.1675112 0.1420999 0.1675112 0.1420999 0.1514916 0.1456524 0.1511979 0.1420999 0.1511979 0.1420999 0.1346646 0.1456524 0.134517 0.1420999 0.1346646 0.1456524 0.1176512 0.1420999 0.134517 0.1420999 0.7186223 0.4884454 0.7156305 0.5045833 0.7165029 0.4884454 0.7156305 0.5045833 0.7150964 0.5209717 0.7130233 0.5205445 0.7130233 0.5205445 0.7107253 0.536789 0.7087095 0.5361539 0.7107253 0.536789 0.7027366 0.5512407 0.7087095 0.5361539 0.7027366 0.5512407 0.6970055 0.566667 0.69517 0.5656395 0.69517 0.5656395 0.6878072 0.5804004 0.6860924 0.5791925 0.6860924 0.5791925 0.6771786 0.5931263 0.6756036 0.5917513 0.6771786 0.5931263 0.6638182 0.6031782 0.6756036 0.5917513 0.6652364 0.6047053 0.6508656 0.6133481 0.6638182 0.6031782 0.6521114 0.6150106 0.6368874 0.6221495 0.6508656 0.6133481 0.6379472 0.6239292 0.6220371 0.6294861 0.6368874 0.6221495 0.6220371 0.6294861 0.607132 0.6372317 0.6064771 0.6352773 0.607132 0.6372317 0.590378 0.6394599 0.6064771 0.6352773 0.5908187 0.64147 0.5739162 0.6419879 0.590378 0.6394599 0.5741378 0.6440316 0.557272 0.6428337 0.5739162 0.6419879 0.557272 0.6448886 0.5406279 0.6419879 0.557272 0.6428337 0.5406279 0.6419879 0.5237255 0.64147 0.5241661 0.6394599 0.5241661 0.6394599 0.5074121 0.6372317 0.508067 0.6352773 0.5074121 0.6372317 0.4925071 0.6294861 0.508067 0.6352773 0.4925071 0.6294861 0.4765969 0.6239292 0.4776566 0.6221495 0.4776566 0.6221495 0.4624328 0.6150106 0.4636785 0.6133481 0.4636785 0.6133481 0.4493076 0.6047053 0.4507258 0.6031782 0.4493076 0.6047053 0.4389405 0.5917513 0.4507258 0.6031782 0.4373654 0.5931263 0.4284516 0.5791925 0.4389405 0.5917513 0.426737 0.5804004 0.4193741 0.5656395 0.4284516 0.5791925 0.4175386 0.566667 0.4118074 0.5512407 0.4193741 0.5656395 0.4118074 0.5512407 0.4038189 0.536789 0.4058345 0.5361539 0.4038189 0.536789 0.4015208 0.5205445 0.4058345 0.5361539 0.3994477 0.5209717 0.3989135 0.5045833 0.4015208 0.5205445 0.3968057 0.5047981 0.3980412 0.4884454 0.3989135 0.5045833 0.3959218 0.4884454 0.3989135 0.4723073 0.3980412 0.4884454 0.3989135 0.4723073 0.3994477 0.4559189 0.4015208 0.4563462 0.4015208 0.4563462 0.4038189 0.4401018 0.4058345 0.4407368 0.4038189 0.4401018 0.4118074 0.42565 0.4058345 0.4407368 0.4118074 0.42565 0.4175386 0.4102237 0.4193741 0.4112512 0.4193741 0.4112512 0.426737 0.3964903 0.4284516 0.3976982 0.4284516 0.3976982 0.4373654 0.3837644 0.4389405 0.3851394 0.4373654 0.3837644 0.4507258 0.3737124 0.4389405 0.3851394 0.4493076 0.3721854 0.4636785 0.3635426 0.4507258 0.3737124 0.4624328 0.3618801 0.4776566 0.3547411 0.4636785 0.3635426 0.4765969 0.3529615 0.4925071 0.3474046 0.4776566 0.3547411 0.4925071 0.3474046 0.5074121 0.339659 0.508067 0.3416133 0.5074121 0.339659 0.5241661 0.3374308 0.508067 0.3416133 0.5237255 0.3354207 0.5406279 0.3349028 0.5241661 0.3374308 0.5404064 0.332859 0.557272 0.3340571 0.5406279 0.3349028 0.557272 0.3320021 0.5739162 0.3349028 0.557272 0.3340571 0.5739162 0.3349028 0.5908187 0.3354207 0.590378 0.3374308 0.590378 0.3374308 0.607132 0.339659 0.6064771 0.3416133 0.607132 0.339659 0.6220371 0.3474046 0.6064771 0.3416133 0.6220371 0.3474046 0.6379472 0.3529615 0.6368874 0.3547411 0.6368874 0.3547411 0.6521114 0.3618801 0.6508656 0.3635426 0.6508656 0.3635426 0.6652364 0.3721854 0.6638182 0.3737124 0.6652364 0.3721854 0.6756036 0.3851394 0.6638182 0.3737124 0.6771786 0.3837644 0.6860924 0.3976982 0.6756036 0.3851394 0.6878072 0.3964903 0.69517 0.4112512 0.6860924 0.3976982 0.6970055 0.4102237 0.7027366 0.42565 0.69517 0.4112512 0.7027366 0.42565 0.7107253 0.4401018 0.7087095 0.4407368 0.7107253 0.4401018 0.7130233 0.4563462 0.7087095 0.4407368 0.7150964 0.4559189 0.7156305 0.4723073 0.7130233 0.4563462 0.7177384 0.4720926 0.7165029 0.4884454 0.7156305 0.4723073 0.861588 0.1988903 0.8782321 0.1953536 0.8782199 0.1988903 0.8782199 0.1988903 0.8946939 0.1953536 0.8946697 0.1988903 0.8946939 0.1953536 0.910757 0.1988903 0.8946697 0.1988903 0.910757 0.1988903 0.9263529 0.1953536 0.9261634 0.199423 0.9263529 0.1953536 0.9411451 0.1988903 0.9261634 0.199423 0.9412033 0.1953536 0.955113 0.1988903 0.9411451 0.1988903 0.9551814 0.1953536 0.9680562 0.1988903 0.955113 0.1988903 0.7550417 0.2803424 0.766905 0.2838792 0.7551283 0.2838792 0.766905 0.2838792 0.7797797 0.2803424 0.7798482 0.2838792 0.7797797 0.2803424 0.7938161 0.2838792 0.7798482 0.2838792 0.7938161 0.2838792 0.8086082 0.2803424 0.8087977 0.2844118 0.8086082 0.2803424 0.8242042 0.2838792 0.8087977 0.2844118 0.8242042 0.2838792 0.8402673 0.2803424 0.8402915 0.2838792 0.8402673 0.2803424 0.8567413 0.2838792 0.8402915 0.2838792 0.8567291 0.2803424 0.8733733 0.2838792 0.8567413 0.2838792 0.8733733 0.2838792 0.8900174 0.2803424 0.8900052 0.2838792 0.8900052 0.2838792 0.9064792 0.2803424 0.906455 0.2838792 0.9064792 0.2803424 0.9225423 0.2838792 0.906455 0.2838792 0.9225423 0.2838792 0.9381383 0.2803424 0.9379488 0.2844118 0.9381383 0.2803424 0.9529305 0.2838792 0.9379488 0.2844118 0.9529887 0.2803424 0.9668983 0.2838792 0.9529305 0.2838792 0.9669668 0.2803424 0.9798415 0.2838792 0.9668983 0.2838792 0.9799195 0.2803424 0.9916183 0.2838792 0.9798415 0.2838792 0.7551196 0.2392009 0.7679944 0.2356641 0.7680628 0.2392009 0.7679944 0.2356641 0.7820308 0.2392009 0.7680628 0.2392009 0.7820308 0.2392009 0.7968229 0.2356641 0.7970124 0.2397335 0.7968229 0.2356641 0.8124189 0.2392009 0.7970124 0.2397335 0.8123829 0.2356641 0.8285062 0.2392009 0.8124189 0.2392009 0.828482 0.2356641 0.8449559 0.2392009 0.8285062 0.2392009 0.8449438 0.2356641 0.861588 0.2392009 0.8449559 0.2392009 0.861588 0.2392009 0.8782321 0.2356641 0.8782199 0.2392009 0.8782199 0.2392009 0.8946939 0.2356641 0.8946697 0.2392009 0.8946939 0.2356641 0.910757 0.2392009 0.8946697 0.2392009 0.910757 0.2392009 0.9263529 0.2356641 0.9261634 0.2397335 0.9263529 0.2356641 0.9411451 0.2392009 0.9261634 0.2397335 0.9412033 0.2356641 0.955113 0.2392009 0.9411451 0.2392009 0.9551814 0.2356641 0.9680562 0.2392009 0.955113 0.2392009 0.9681341 0.2356641 0.979833 0.2392009 0.9680562 0.2392009 0.7551196 0.2190456 0.7679944 0.2155088 0.7680628 0.2190456 0.7679944 0.2155088 0.7820308 0.2190456 0.7680628 0.2190456 0.7820308 0.2190456 0.7968229 0.2155088 0.7970124 0.2195782 0.7968229 0.2155088 0.8124189 0.2190456 0.7970124 0.2195782 0.8124189 0.2190456 0.828482 0.2155088 0.8285062 0.2190456 0.828482 0.2155088 0.8449559 0.2190456 0.8285062 0.2190456 0.8449438 0.2155088 0.861588 0.2190456 0.8449559 0.2190456 0.861588 0.2190456 0.8782321 0.2155088 0.8782199 0.2190456 0.8782199 0.2190456 0.8946939 0.2155088 0.8946697 0.2190456 0.8946939 0.2155088 0.910757 0.2190456 0.8946697 0.2190456 0.910757 0.2190456 0.9263529 0.2155088 0.9261634 0.2195782 0.9263529 0.2155088 0.9411451 0.2190456 0.9261634 0.2195782 0.9412033 0.2155088 0.955113 0.2190456 0.9411451 0.2190456 0.9551814 0.2155088 0.9680562 0.2190456 0.955113 0.2190456 0.9681341 0.2155088 0.979833 0.2190456 0.9680562 0.2190456 0.7551196 0.1988903 0.7679944 0.1953536 0.7680628 0.1988903 0.7679944 0.1953536 0.7820308 0.1988903 0.7680628 0.1988903 0.7820308 0.1988903 0.7968229 0.1953536 0.7970124 0.199423 0.7968229 0.1953536 0.8124189 0.1988903 0.7970124 0.199423 0.8123829 0.1953536 0.8285062 0.1988903 0.8124189 0.1988903 0.828482 0.1953536 0.8449559 0.1988903 0.8285062 0.1988903 0.8449438 0.1953536 0.861588 0.1988903 0.8449559 0.1988903 0.7133274 0.1619795 0.7172458 0.1780186 0.7124867 0.1775337 0.7172458 0.1780186 0.7099738 0.1929174 0.7124867 0.1775337 0.7099738 0.1929174 0.7108518 0.2095485 0.7058161 0.2079621 0.7058161 0.2079621 0.7044308 0.2243902 0.7000592 0.2225031 0.7044308 0.2243902 0.6927663 0.236381 0.7000592 0.2225031 0.6969106 0.2387008 0.6840173 0.2494436 0.6927663 0.236381 0.6840173 0.2494436 0.6778427 0.2649833 0.6739078 0.2615482 0.6778427 0.2649833 0.6625488 0.2725617 0.6739078 0.2615482 0.6660918 0.2763769 0.6500648 0.2823637 0.6625488 0.2725617 0.6500648 0.2823637 0.638985 0.2948648 0.6365924 0.2908466 0.6365924 0.2908466 0.6242256 0.3021565 0.6222792 0.2979177 0.6242256 0.3021565 0.6072822 0.3034995 0.6222792 0.2979177 0.6089184 0.308382 0.5917655 0.3075308 0.6072822 0.3034995 0.5917655 0.3075308 0.5763995 0.3145816 0.5758993 0.3099673 0.5763995 0.3145816 0.5598573 0.3107824 0.5758993 0.3099673 0.5598573 0.3107824 0.5433151 0.3145816 0.5438153 0.3099673 0.5433151 0.3145816 0.527949 0.3075308 0.5438153 0.3099673 0.527949 0.3075308 0.5107962 0.308382 0.5124324 0.3034995 0.5124324 0.3034995 0.495489 0.3021565 0.4974353 0.2979177 0.495489 0.3021565 0.4831222 0.2908466 0.4974353 0.2979177 0.4807296 0.2948648 0.4696498 0.2823637 0.4831222 0.2908466 0.4696498 0.2823637 0.4536228 0.2763769 0.4571657 0.2725617 0.4536228 0.2763769 0.4458068 0.2615482 0.4571657 0.2725617 0.4418719 0.2649833 0.4356973 0.2494436 0.4458068 0.2615482 0.4356973 0.2494436 0.4228041 0.2387008 0.4269483 0.236381 0.4269483 0.236381 0.4152837 0.2243902 0.4196553 0.2225031 0.4152837 0.2243902 0.4138985 0.2079621 0.4196553 0.2225031 0.4088628 0.2095485 0.4097408 0.1929174 0.4138985 0.2079621 0.4097408 0.1929174 0.4024688 0.1780186 0.4072279 0.1775337 0.4024688 0.1780186 0.4063872 0.1619795 0.4072279 0.1775337 0.4063872 0.1619795 0.4024688 0.1459404 0.4072279 0.1464254 0.4024688 0.1459404 0.4097408 0.1310417 0.4072279 0.1464254 0.4097408 0.1310417 0.4088628 0.1144105 0.4138985 0.1159969 0.4138985 0.1159969 0.4152837 0.09956884 0.4196553 0.101456 0.4152837 0.09956884 0.4269483 0.08757817 0.4196553 0.101456 0.4228041 0.08525824 0.4356973 0.07451546 0.4269483 0.08757817 0.4356973 0.07451546 0.4418719 0.05897581 0.4458068 0.06241106 0.4418719 0.05897581 0.4571657 0.05139756 0.4458068 0.06241106 0.4536228 0.04758238 0.4696498 0.04159557 0.4571657 0.05139756 0.4696498 0.04159557 0.4807296 0.02909433 0.4831222 0.03311252 0.4831222 0.03311252 0.495489 0.02180278 0.4974353 0.02604138 0.495489 0.02180278 0.5124324 0.02045965 0.4974353 0.02604138 0.5107962 0.01557719 0.527949 0.01642847 0.5124324 0.02045965 0.527949 0.01642847 0.5433151 0.009377598 0.5438153 0.01399195 0.5433151 0.009377598 0.5598573 0.01317679 0.5438153 0.01399195 0.5598573 0.01317679 0.5763995 0.009377598 0.5758993 0.01399195 0.5763995 0.009377598 0.5917655 0.01642847 0.5758993 0.01399195 0.5917655 0.01642847 0.6089184 0.01557719 0.6072822 0.02045965 0.6072822 0.02045965 0.6242256 0.02180278 0.6222792 0.02604138 0.6242256 0.02180278 0.6365924 0.03311252 0.6222792 0.02604138 0.638985 0.02909433 0.6500648 0.04159557 0.6365924 0.03311252 0.6500648 0.04159557 0.6660918 0.04758238 0.6625488 0.05139756 0.6660918 0.04758238 0.6739078 0.06241106 0.6625488 0.05139756 0.6778427 0.05897581 0.6840173 0.07451546 0.6739078 0.06241106 0.6840173 0.07451546 0.6969106 0.08525824 0.6927663 0.08757817 0.6927663 0.08757817 0.7044308 0.09956884 0.7000592 0.101456 0.7044308 0.09956884 0.7058161 0.1159969 0.7000592 0.101456 0.7108518 0.1144105 0.7099738 0.1310417 0.7058161 0.1159969 0.7099738 0.1310417 0.7172458 0.1459404 0.7124867 0.1464254 0.7172458 0.1459404 0.7133274 0.1619795 0.7124867 0.1464254 0.7119771 0.1619795 0.7111438 0.1773968 0.7104441 0.1773256 0.7104441 0.1773256 0.7111438 0.1773968 0.708653 0.1926451 0.708653 0.1926451 0.7045319 0.2075576 0.7038627 0.2073467 0.7038627 0.2073467 0.6988257 0.2219706 0.698183 0.2216931 0.6988257 0.2219706 0.6909877 0.2353852 0.698183 0.2216931 0.6915969 0.2357263 0.6823557 0.2482731 0.6909877 0.2353852 0.6823557 0.2482731 0.6829248 0.2486741 0.6729044 0.2606721 0.6616454 0.2715887 0.6492711 0.2813044 0.6488575 0.2807525 0.6488575 0.2807525 0.6359172 0.2897128 0.6355655 0.289122 0.6355655 0.289122 0.62173 0.2967217 0.6214439 0.2960985 0.62173 0.2967217 0.6066475 0.3016056 0.6214439 0.2960985 0.6066475 0.3016056 0.6068649 0.3022543 0.5914848 0.3062501 0.5914848 0.3062501 0.5757582 0.3086652 0.5756846 0.3079867 0.5756846 0.3079867 0.5757582 0.3086652 0.5598573 0.3094732 0.5598573 0.3094732 0.5439565 0.3086652 0.54403 0.3079867 0.54403 0.3079867 0.5439565 0.3086652 0.5282298 0.3062501 0.5282298 0.3062501 0.5128497 0.3022543 0.5130671 0.3016056 0.5130671 0.3016056 0.4979846 0.2967217 0.4982708 0.2960985 0.4979846 0.2967217 0.4841492 0.289122 0.4982708 0.2960985 0.4837974 0.2897128 0.470857 0.2807525 0.4841492 0.289122 0.470857 0.2807525 0.4704435 0.2813044 0.4580692 0.2715887 0.4468102 0.2606721 0.4367898 0.2486741 0.4373589 0.2482731 0.4373589 0.2482731 0.4281176 0.2357263 0.4287269 0.2353852 0.4287269 0.2353852 0.4208889 0.2219706 0.4215316 0.2216931 0.4208889 0.2219706 0.4158518 0.2073467 0.4215316 0.2216931 0.4158518 0.2073467 0.4151827 0.2075576 0.4110617 0.1926451 0.4110617 0.1926451 0.4085708 0.1773968 0.4092705 0.1773256 0.4092705 0.1773256 0.4085708 0.1773968 0.4077374 0.1619795 0.4077374 0.1619795 0.4085708 0.1465623 0.4092705 0.1466336 0.4092705 0.1466336 0.4085708 0.1465623 0.4110617 0.1313139 0.4110617 0.1313139 0.4151827 0.1164015 0.4158518 0.1166123 0.4158518 0.1166123 0.4208889 0.1019885 0.4215316 0.1022659 0.4208889 0.1019885 0.4287269 0.08857381 0.4215316 0.1022659 0.4281176 0.08823275 0.4373589 0.07568597 0.4287269 0.08857381 0.4373589 0.07568597 0.4367898 0.07528507 0.4468102 0.06328713 0.4580692 0.05237042 0.4704435 0.04265475 0.470857 0.04320669 0.470857 0.04320669 0.4837974 0.03424632 0.4841492 0.03483712 0.4841492 0.03483712 0.4979846 0.02723753 0.4982708 0.02786064 0.4979846 0.02723753 0.5130671 0.02235364 0.4982708 0.02786064 0.5130671 0.02235364 0.5128497 0.02170479 0.5282298 0.01770913 0.5282298 0.01770913 0.5439565 0.01529395 0.54403 0.01597237 0.54403 0.01597237 0.5439565 0.01529395 0.5598573 0.01448595 0.5598573 0.01448595 0.5757582 0.01529395 0.5756846 0.01597237 0.5756846 0.01597237 0.5757582 0.01529395 0.5914848 0.01770913 0.5914848 0.01770913 0.6068649 0.02170479 0.6066475 0.02235364 0.6066475 0.02235364 0.62173 0.02723753 0.6214439 0.02786064 0.62173 0.02723753 0.6355655 0.03483712 0.6214439 0.02786064 0.6359172 0.03424632 0.6488575 0.04320669 0.6355655 0.03483712 0.6488575 0.04320669 0.6492711 0.04265475 0.6616454 0.05237042 0.6729044 0.06328713 0.6829248 0.07528507 0.6823557 0.07568597 0.6823557 0.07568597 0.6915969 0.08823275 0.6909877 0.08857381 0.6909877 0.08857381 0.6988257 0.1019885 0.698183 0.1022659 0.6988257 0.1019885 0.7038627 0.1166123 0.698183 0.1022659 0.7038627 0.1166123 0.7045319 0.1164015 0.708653 0.1313139 0.708653 0.1313139 0.7111438 0.1465623 0.7104441 0.1466336 0.7104441 0.1466336 0.7111438 0.1465623 0.7119771 0.1619795 0.7186223 0.1619795 0.7177525 0.1780703 0.7172458 0.1780186 0.7172458 0.1780186 0.7177525 0.1780703 0.7151529 0.1939848 0.7108518 0.2095485 0.7048963 0.2245912 0.7044308 0.2243902 0.7048963 0.2245912 0.6969106 0.2387008 0.7044308 0.2243902 0.6969106 0.2387008 0.6973518 0.2389478 0.6883009 0.2524613 0.653177 0.2865169 0.6392398 0.2952926 0.638985 0.2948648 0.638985 0.2948648 0.6244328 0.3026077 0.6242256 0.3021565 0.6242256 0.3021565 0.6244328 0.3026077 0.6089184 0.308382 0.5928664 0.3125523 0.5764527 0.315073 0.5763995 0.3145816 0.5763995 0.3145816 0.5764527 0.315073 0.5598573 0.3159162 0.5598573 0.3159162 0.5432618 0.315073 0.5433151 0.3145816 0.5433151 0.3145816 0.5432618 0.315073 0.5268482 0.3125523 0.5107962 0.308382 0.4952818 0.3026077 0.495489 0.3021565 0.4952818 0.3026077 0.4807296 0.2948648 0.495489 0.3021565 0.4807296 0.2948648 0.4804748 0.2952926 0.4665375 0.2865169 0.4314137 0.2524613 0.4223628 0.2389478 0.4228041 0.2387008 0.4228041 0.2387008 0.4148182 0.2245912 0.4152837 0.2243902 0.4152837 0.2243902 0.4148182 0.2245912 0.4088628 0.2095485 0.4045617 0.1939848 0.4019621 0.1780703 0.4024688 0.1780186 0.4024688 0.1780186 0.4019621 0.1780703 0.4010923 0.1619795 0.4010923 0.1619795 0.4019621 0.1458888 0.4024688 0.1459404 0.4024688 0.1459404 0.4019621 0.1458888 0.4045617 0.1299743 0.4088628 0.1144105 0.4148182 0.09936785 0.4152837 0.09956884 0.4148182 0.09936785 0.4228041 0.08525824 0.4152837 0.09956884 0.4228041 0.08525824 0.4223628 0.08501124 0.4314137 0.07149791 0.4665375 0.0374422 0.4804748 0.02866649 0.4807296 0.02909433 0.4807296 0.02909433 0.4952818 0.02135145 0.495489 0.02180278 0.495489 0.02180278 0.4952818 0.02135145 0.5107962 0.01557719 0.5268482 0.01140677 0.5432618 0.008886218 0.5433151 0.009377598 0.5433151 0.009377598 0.5432618 0.008886218 0.5598573 0.008042931 0.5598573 0.008042931 0.5764527 0.008886218 0.5763995 0.009377598 0.5763995 0.009377598 0.5764527 0.008886218 0.5928664 0.01140677 0.6089184 0.01557719 0.6244328 0.02135145 0.6242256 0.02180278 0.6244328 0.02135145 0.638985 0.02909433 0.6242256 0.02180278 0.638985 0.02909433 0.6392398 0.02866649 0.653177 0.0374422 0.6883009 0.07149791 0.6973518 0.08501124 0.6969106 0.08525824 0.6969106 0.08525824 0.7048963 0.09936785 0.7044308 0.09956884 0.7044308 0.09956884 0.7048963 0.09936785 0.7108518 0.1144105 0.7151529 0.1299743 0.7177525 0.1458888 0.7172458 0.1459404 0.7172458 0.1459404 0.7177525 0.1458888 0.7186223 0.1619795 0.7126691 0.1619795 0.7111438 0.1773968 0.7119771 0.1619795 0.7133274 0.1619795 0.711832 0.1774669 0.7126691 0.1619795 0.711832 0.1774669 0.708653 0.1926451 0.7111438 0.1773968 0.711832 0.1774669 0.7099738 0.1929174 0.7093298 0.1927846 0.7093298 0.1927846 0.7045319 0.2075576 0.708653 0.1926451 0.7093298 0.1927846 0.7058161 0.2079621 0.70519 0.2077649 0.7045319 0.2075576 0.6994578 0.2222435 0.6988257 0.2219706 0.7058161 0.2079621 0.6994578 0.2222435 0.70519 0.2077649 0.6988257 0.2219706 0.6921962 0.2360618 0.6915969 0.2357263 0.6994578 0.2222435 0.6927663 0.236381 0.6921962 0.2360618 0.6921962 0.2360618 0.6829248 0.2486741 0.6915969 0.2357263 0.6921962 0.2360618 0.6840173 0.2494436 0.6834846 0.2490684 0.6834846 0.2490684 0.6729044 0.2606721 0.6829248 0.2486741 0.6834846 0.2490684 0.6739078 0.2615482 0.6734186 0.261121 0.6734186 0.261121 0.6616454 0.2715887 0.6729044 0.2606721 0.6739078 0.2615482 0.6621084 0.2720873 0.6734186 0.261121 0.6616454 0.2715887 0.6496778 0.2818472 0.6492711 0.2813044 0.6625488 0.2725617 0.6496778 0.2818472 0.6621084 0.2720873 0.6492711 0.2813044 0.6362632 0.2902938 0.6359172 0.2897128 0.6500648 0.2823637 0.6362632 0.2902938 0.6496778 0.2818472 0.6362632 0.2902938 0.62173 0.2967217 0.6359172 0.2897128 0.6365924 0.2908466 0.6220114 0.2973346 0.6362632 0.2902938 0.6220114 0.2973346 0.6068649 0.3022543 0.62173 0.2967217 0.6220114 0.2973346 0.6072822 0.3034995 0.6070787 0.3028925 0.6068649 0.3022543 0.5916287 0.3069064 0.5914848 0.3062501 0.6072822 0.3034995 0.5916287 0.3069064 0.6070787 0.3028925 0.5914848 0.3062501 0.5758305 0.3093325 0.5757582 0.3086652 0.5917655 0.3075308 0.5758305 0.3093325 0.5916287 0.3069064 0.5757582 0.3086652 0.5598573 0.3101441 0.5598573 0.3094732 0.5758305 0.3093325 0.5598573 0.3107824 0.5598573 0.3101441 0.5598573 0.3101441 0.5439565 0.3086652 0.5598573 0.3094732 0.5598573 0.3107824 0.5438841 0.3093325 0.5598573 0.3101441 0.5438841 0.3093325 0.5282298 0.3062501 0.5439565 0.3086652 0.5438841 0.3093325 0.527949 0.3075308 0.528086 0.3069064 0.528086 0.3069064 0.5128497 0.3022543 0.5282298 0.3062501 0.528086 0.3069064 0.5124324 0.3034995 0.5126358 0.3028925 0.5128497 0.3022543 0.4977031 0.2973346 0.4979846 0.2967217 0.5124324 0.3034995 0.4977031 0.2973346 0.5126358 0.3028925 0.4979846 0.2967217 0.4834514 0.2902938 0.4837974 0.2897128 0.4977031 0.2973346 0.4831222 0.2908466 0.4834514 0.2902938 0.4834514 0.2902938 0.4704435 0.2813044 0.4837974 0.2897128 0.4834514 0.2902938 0.4696498 0.2823637 0.4700368 0.2818472 0.4700368 0.2818472 0.4580692 0.2715887 0.4704435 0.2813044 0.4700368 0.2818472 0.4571657 0.2725617 0.4576062 0.2720873 0.4576062 0.2720873 0.4468102 0.2606721 0.4580692 0.2715887 0.4571657 0.2725617 0.446296 0.261121 0.4576062 0.2720873 0.4468102 0.2606721 0.43623 0.2490684 0.4367898 0.2486741 0.4458068 0.2615482 0.43623 0.2490684 0.446296 0.261121 0.4367898 0.2486741 0.4275184 0.2360618 0.4281176 0.2357263 0.4356973 0.2494436 0.4275184 0.2360618 0.43623 0.2490684 0.4275184 0.2360618 0.4208889 0.2219706 0.4281176 0.2357263 0.4269483 0.236381 0.4202567 0.2222435 0.4275184 0.2360618 0.4202567 0.2222435 0.4151827 0.2075576 0.4208889 0.2219706 0.4202567 0.2222435 0.4138985 0.2079621 0.4145246 0.2077649 0.4151827 0.2075576 0.4103848 0.1927846 0.4110617 0.1926451 0.4138985 0.2079621 0.4103848 0.1927846 0.4145246 0.2077649 0.4110617 0.1926451 0.4078826 0.1774669 0.4085708 0.1773968 0.4097408 0.1929174 0.4078826 0.1774669 0.4103848 0.1927846 0.4085708 0.1773968 0.4070455 0.1619795 0.4077374 0.1619795 0.4078826 0.1774669 0.4063872 0.1619795 0.4070455 0.1619795 0.4070455 0.1619795 0.4085708 0.1465623 0.4077374 0.1619795 0.4063872 0.1619795 0.4078826 0.1464921 0.4070455 0.1619795 0.4078826 0.1464921 0.4110617 0.1313139 0.4085708 0.1465623 0.4078826 0.1464921 0.4097408 0.1310417 0.4103848 0.1311744 0.4103848 0.1311744 0.4151827 0.1164015 0.4110617 0.1313139 0.4103848 0.1311744 0.4138985 0.1159969 0.4145246 0.1161942 0.4151827 0.1164015 0.4202567 0.1017156 0.4208889 0.1019885 0.4138985 0.1159969 0.4202567 0.1017156 0.4145246 0.1161942 0.4208889 0.1019885 0.4275184 0.0878973 0.4281176 0.08823275 0.4202567 0.1017156 0.4269483 0.08757817 0.4275184 0.0878973 0.4275184 0.0878973 0.4367898 0.07528507 0.4281176 0.08823275 0.4275184 0.0878973 0.4356973 0.07451546 0.43623 0.07489073 0.43623 0.07489073 0.4468102 0.06328713 0.4367898 0.07528507 0.43623 0.07489073 0.4458068 0.06241106 0.446296 0.06283819 0.446296 0.06283819 0.4580692 0.05237042 0.4468102 0.06328713 0.4458068 0.06241106 0.4576062 0.05187189 0.446296 0.06283819 0.4580692 0.05237042 0.4700368 0.04211199 0.4704435 0.04265475 0.4571657 0.05139756 0.4700368 0.04211199 0.4576062 0.05187189 0.4704435 0.04265475 0.4834514 0.03366529 0.4837974 0.03424632 0.4696498 0.04159557 0.4834514 0.03366529 0.4700368 0.04211199 0.4834514 0.03366529 0.4979846 0.02723753 0.4837974 0.03424632 0.4831222 0.03311252 0.4977031 0.02662456 0.4834514 0.03366529 0.4977031 0.02662456 0.5128497 0.02170479 0.4979846 0.02723753 0.4977031 0.02662456 0.5124324 0.02045965 0.5126358 0.02106678 0.5128497 0.02170479 0.528086 0.01705276 0.5282298 0.01770913 0.5124324 0.02045965 0.528086 0.01705276 0.5126358 0.02106678 0.5282298 0.01770913 0.5438841 0.01462674 0.5439565 0.01529395 0.527949 0.01642847 0.5438841 0.01462674 0.528086 0.01705276 0.5439565 0.01529395 0.5598573 0.01381504 0.5598573 0.01448595 0.5438841 0.01462674 0.5598573 0.01317679 0.5598573 0.01381504 0.5598573 0.01381504 0.5757582 0.01529395 0.5598573 0.01448595 0.5598573 0.01317679 0.5758305 0.01462674 0.5598573 0.01381504 0.5758305 0.01462674 0.5914848 0.01770913 0.5757582 0.01529395 0.5758305 0.01462674 0.5917655 0.01642847 0.5916287 0.01705276 0.5916287 0.01705276 0.6068649 0.02170479 0.5914848 0.01770913 0.5916287 0.01705276 0.6072822 0.02045965 0.6070787 0.02106678 0.6068649 0.02170479 0.6220114 0.02662456 0.62173 0.02723753 0.6072822 0.02045965 0.6220114 0.02662456 0.6070787 0.02106678 0.62173 0.02723753 0.6362632 0.03366529 0.6359172 0.03424632 0.6220114 0.02662456 0.6365924 0.03311252 0.6362632 0.03366529 0.6362632 0.03366529 0.6492711 0.04265475 0.6359172 0.03424632 0.6362632 0.03366529 0.6500648 0.04159557 0.6496778 0.04211199 0.6496778 0.04211199 0.6616454 0.05237042 0.6492711 0.04265475 0.6496778 0.04211199 0.6625488 0.05139756 0.6621084 0.05187189 0.6621084 0.05187189 0.6729044 0.06328713 0.6616454 0.05237042 0.6625488 0.05139756 0.6734186 0.06283819 0.6621084 0.05187189 0.6729044 0.06328713 0.6834846 0.07489073 0.6829248 0.07528507 0.6739078 0.06241106 0.6834846 0.07489073 0.6734186 0.06283819 0.6829248 0.07528507 0.6921962 0.0878973 0.6915969 0.08823275 0.6840173 0.07451546 0.6921962 0.0878973 0.6834846 0.07489073 0.6921962 0.0878973 0.6988257 0.1019885 0.6915969 0.08823275 0.6927663 0.08757817 0.6994578 0.1017156 0.6921962 0.0878973 0.6994578 0.1017156 0.7045319 0.1164015 0.6988257 0.1019885 0.6994578 0.1017156 0.7058161 0.1159969 0.70519 0.1161942 0.7045319 0.1164015 0.7093298 0.1311744 0.708653 0.1313139 0.7058161 0.1159969 0.7093298 0.1311744 0.70519 0.1161942 0.708653 0.1313139 0.711832 0.1464921 0.7111438 0.1465623 0.7099738 0.1310417 0.711832 0.1464921 0.7093298 0.1311744 0.7111438 0.1465623 0.7126691 0.1619795 0.7119771 0.1619795 0.711832 0.1464921 0.7133274 0.1619795 0.7126691 0.1619795 0.861588 0.1988903 0.8781834 0.199423 0.861588 0.199423 0.8782199 0.1988903 0.894597 0.199423 0.8781834 0.199423 0.894597 0.199423 0.910757 0.1988903 0.910649 0.199423 0.910649 0.199423 0.910757 0.1988903 0.9261634 0.199423 0.9261634 0.199423 0.9411451 0.1988903 0.9409704 0.199423 0.9411451 0.1988903 0.9549077 0.199423 0.9409704 0.199423 0.9549077 0.199423 0.9680562 0.1988903 0.9678224 0.199423 0.7551283 0.2838792 0.7671388 0.2844118 0.7553879 0.2844118 0.766905 0.2838792 0.7800536 0.2844118 0.7671388 0.2844118 0.7798482 0.2838792 0.7939908 0.2844118 0.7800536 0.2844118 0.7939908 0.2844118 0.7938161 0.2838792 0.8087977 0.2844118 0.8087977 0.2844118 0.8242042 0.2838792 0.8243122 0.2844118 0.8242042 0.2838792 0.8403642 0.2844118 0.8243122 0.2844118 0.8403642 0.2844118 0.8567413 0.2838792 0.8567778 0.2844118 0.8567778 0.2844118 0.8733733 0.2838792 0.8733733 0.2844118 0.8733733 0.2838792 0.8899688 0.2844118 0.8733733 0.2844118 0.8900052 0.2838792 0.9063824 0.2844118 0.8899688 0.2844118 0.9063824 0.2844118 0.9225423 0.2838792 0.9224343 0.2844118 0.9224343 0.2844118 0.9225423 0.2838792 0.9379488 0.2844118 0.9379488 0.2844118 0.9529305 0.2838792 0.9527558 0.2844118 0.9529305 0.2838792 0.966693 0.2844118 0.9527558 0.2844118 0.966693 0.2844118 0.9798415 0.2838792 0.9796078 0.2844118 0.9798415 0.2838792 0.9913586 0.2844118 0.9796078 0.2844118 0.7551196 0.2392009 0.7682682 0.2397335 0.7553534 0.2397335 0.7680628 0.2392009 0.7822054 0.2397335 0.7682682 0.2397335 0.7822054 0.2397335 0.7820308 0.2392009 0.7970124 0.2397335 0.7970124 0.2397335 0.8124189 0.2392009 0.8125268 0.2397335 0.8124189 0.2392009 0.8285788 0.2397335 0.8125268 0.2397335 0.8285788 0.2397335 0.8449559 0.2392009 0.8449925 0.2397335 0.8449925 0.2397335 0.861588 0.2392009 0.861588 0.2397335 0.861588 0.2392009 0.8781834 0.2397335 0.861588 0.2397335 0.8782199 0.2392009 0.894597 0.2397335 0.8781834 0.2397335 0.894597 0.2397335 0.910757 0.2392009 0.910649 0.2397335 0.910649 0.2397335 0.910757 0.2392009 0.9261634 0.2397335 0.9261634 0.2397335 0.9411451 0.2392009 0.9409704 0.2397335 0.9411451 0.2392009 0.9549077 0.2397335 0.9409704 0.2397335 0.9549077 0.2397335 0.9680562 0.2392009 0.9678224 0.2397335 0.9680562 0.2392009 0.9795733 0.2397335 0.9678224 0.2397335 0.7551196 0.2190456 0.7682682 0.2195782 0.7553534 0.2195782 0.7680628 0.2190456 0.7822054 0.2195782 0.7682682 0.2195782 0.7822054 0.2195782 0.7820308 0.2190456 0.7970124 0.2195782 0.7970124 0.2195782 0.8124189 0.2190456 0.8125268 0.2195782 0.8124189 0.2190456 0.8285788 0.2195782 0.8125268 0.2195782 0.8285788 0.2195782 0.8449559 0.2190456 0.8449925 0.2195782 0.8449925 0.2195782 0.861588 0.2190456 0.861588 0.2195782 0.861588 0.2190456 0.8781834 0.2195782 0.861588 0.2195782 0.8782199 0.2190456 0.894597 0.2195782 0.8781834 0.2195782 0.894597 0.2195782 0.910757 0.2190456 0.910649 0.2195782 0.910649 0.2195782 0.910757 0.2190456 0.9261634 0.2195782 0.9261634 0.2195782 0.9411451 0.2190456 0.9409704 0.2195782 0.9411451 0.2190456 0.9549077 0.2195782 0.9409704 0.2195782 0.9549077 0.2195782 0.9680562 0.2190456 0.9678224 0.2195782 0.9680562 0.2190456 0.9795733 0.2195782 0.9678224 0.2195782 0.7551196 0.1988903 0.7682682 0.199423 0.7553534 0.199423 0.7680628 0.1988903 0.7822054 0.199423 0.7682682 0.199423 0.7822054 0.199423 0.7820308 0.1988903 0.7970124 0.199423 0.7970124 0.199423 0.8124189 0.1988903 0.8125268 0.199423 0.8124189 0.1988903 0.8285788 0.199423 0.8125268 0.199423 0.8285788 0.199423 0.8449559 0.1988903 0.8449925 0.199423 0.8449925 0.199423 0.861588 0.1988903 0.861588 0.199423 0.7030377 0.7776041 0.6969205 0.7621527 0.6972333 0.7620177 0.6972333 0.7620177 0.6969205 0.7621527 0.6891709 0.747406 0.6142705 0.6820163 0.5983344 0.6760851 0.5984402 0.6757693 0.5984402 0.6757693 0.5983344 0.6760851 0.5818462 0.6718015 0.5140341 0.9811301 0.5308938 0.9837192 0.530858 0.9840494 0.5308938 0.9837192 0.5479402 0.9849174 0.530858 0.9840494 0.5479402 0.9849174 0.5649866 0.9837192 0.5650224 0.9840494 0.5650224 0.9840494 0.5649866 0.9837192 0.5818462 0.9811301 0.5818462 0.9811301 0.5983344 0.9768465 0.5984402 0.9771623 0.5983344 0.9768465 0.6144098 0.9712185 0.5984402 0.9771623 0.6142705 0.9709153 0.629651 0.9636889 0.6144098 0.9712185 0.629651 0.9636889 0.6293613 0.9632024 0.6437957 0.9543873 0.6969205 0.8907788 0.7030377 0.8753274 0.7033634 0.87543 0.7033634 0.87543 0.7074557 0.8593407 0.7077906 0.8594097 0.7074557 0.8593407 0.7104666 0.8430285 0.7077906 0.8594097 0.7104666 0.8430285 0.710126 0.8429937 0.7110193 0.8264657 0.1839815 0.1527254 0.1990329 0.1519855 0.1991908 0.1527254 0.1991908 0.1527254 0.1990329 0.1519855 0.2135068 0.1527254 0.02036535 0.1794368 0.03377038 0.1790899 0.03363108 0.1794368 0.03363108 0.1794368 0.03377038 0.1790899 0.04794698 0.1794368 0.03377038 0.1790899 0.048105 0.1786968 0.04794698 0.1794368 0.04794698 0.1794368 0.06325274 0.1790899 0.0631563 0.1794368 0.04794698 0.1794368 0.048105 0.1786968 0.06325274 0.1790899 0.0631563 0.1794368 0.06325274 0.1790899 0.07909238 0.1794368 0.07909238 0.1794368 0.09562981 0.1790899 0.09558051 0.1794368 0.09558051 0.1794368 0.112465 0.1790899 0.1124402 0.1794368 0.112465 0.1790899 0.1294866 0.1794368 0.1124402 0.1794368 0.1294866 0.1790899 0.146533 0.1794368 0.1294866 0.1794368 0.1465082 0.1790899 0.1633927 0.1794368 0.146533 0.1794368 0.1633927 0.1794368 0.1633434 0.1790899 0.1798809 0.1794368 0.1633434 0.1790899 0.1797832 0.1786968 0.1798809 0.1794368 0.1798809 0.1794368 0.1957205 0.1790899 0.1958169 0.1794368 0.1798809 0.1794368 0.1797832 0.1786968 0.1957205 0.1790899 0.1958169 0.1794368 0.1957205 0.1790899 0.2110262 0.1794368 0.1957205 0.1790899 0.2108682 0.1786968 0.2110262 0.1794368 0.2110262 0.1794368 0.2252029 0.1790899 0.2253422 0.1794368 0.2110262 0.1794368 0.2108682 0.1786968 0.2252029 0.1790899 0.2253422 0.1794368 0.2252029 0.1790899 0.2386079 0.1794368 0.008529961 0.1001667 0.02193498 0.09981989 0.02179569 0.1001667 0.02179569 0.1001667 0.02193498 0.09981989 0.03611165 0.1001667 0.02193498 0.09981989 0.03626966 0.09942674 0.03611165 0.1001667 0.03611165 0.1001667 0.05141735 0.09981989 0.05132097 0.1001667 0.03611165 0.1001667 0.03626966 0.09942674 0.05141735 0.09981989 0.05141735 0.09981989 0.06725698 0.1001667 0.05132097 0.1001667 0.06733024 0.09981989 0.08374518 0.1001667 0.06725698 0.1001667 0.08374518 0.1001667 0.1006296 0.09981989 0.1006048 0.1001667 0.1006048 0.1001667 0.1176512 0.09981989 0.1176512 0.1001667 0.1176512 0.09981989 0.1346977 0.1001667 0.1176512 0.1001667 0.1346729 0.09981989 0.1515573 0.1001667 0.1346977 0.1001667 0.1515573 0.1001667 0.1679723 0.09981989 0.1680455 0.1001667 0.1680455 0.1001667 0.1838851 0.09981989 0.1839815 0.1001667 0.1839815 0.1001667 0.1838851 0.09981989 0.1991908 0.1001667 0.1838851 0.09981989 0.1990329 0.09942674 0.1991908 0.1001667 0.1991908 0.1001667 0.2133675 0.09981989 0.2135068 0.1001667 0.1991908 0.1001667 0.1990329 0.09942674 0.2133675 0.09981989 0.2135068 0.1001667 0.2133675 0.09981989 0.2267725 0.1001667 0.03363108 0.2061481 0.048105 0.205408 0.04794698 0.2061481 0.04794698 0.2061481 0.048105 0.205408 0.0631563 0.2061481 0.0631563 0.2061481 0.07919001 0.205408 0.07909238 0.2061481 0.07909238 0.2061481 0.07919001 0.205408 0.09558051 0.2061481 0.1958169 0.2061481 0.2108682 0.205408 0.2109077 0.2058011 0.2109077 0.2058011 0.2108682 0.205408 0.2253422 0.2061481 0.02179569 0.1527254 0.03626966 0.1519855 0.03611165 0.1527254 0.03611165 0.1527254 0.03626966 0.1519855 0.05132097 0.1527254 0.8871729 0.351307 0.9042654 0.3508681 0.9045612 0.3518356 0.7106732 0.7751987 0.7097624 0.7754856 0.7033799 0.7593643 0.06868064 0.03917086 0.0851432 0.03960978 0.08501172 0.04013836 0.08501172 0.04013836 0.0851432 0.03960978 0.1025107 0.03917086 0.173263 0.03917086 0.1904661 0.03917086 0.190762 0.04013836 0.495065 0.6686819 0.495361 0.6695649 0.478734 0.6757532 0.478734 0.9771783 0.495361 0.9833667 0.495065 0.9842497 0.8315234 0.3014652 0.8318194 0.3004977 0.8490224 0.3004977 0.7726324 0.2558194 0.7899999 0.2562584 0.7901313 0.256787 0.7901313 0.256787 0.7899999 0.2562584 0.8066788 0.2562584 0.7824799 0.3508681 0.7989425 0.351307 0.798811 0.3518356 0.798811 0.3518356 0.7989425 0.351307 0.8163099 0.3508681 0.7186223 0.8264657 0.7165551 0.8092826 0.7176873 0.8091672 0.7176873 0.8091672 0.713779 0.7922877 0.7148925 0.7920582 0.713779 0.7922877 0.7097624 0.7754856 0.7148925 0.7920582 0.7091858 0.7756672 0.7033799 0.7593643 0.7097624 0.7754856 0.7033799 0.7593643 0.6947693 0.744272 0.6952944 0.7439781 0.6952944 0.7439781 0.685104 0.7298412 0.6855944 0.7294957 0.6855944 0.7294957 0.6739357 0.716469 0.6743863 0.7160757 0.6739357 0.716469 0.6617928 0.7038652 0.6743863 0.7160757 0.6613871 0.704302 0.6479519 0.6929979 0.6617928 0.7038652 0.6475955 0.6934735 0.6330152 0.6835929 0.6479519 0.6929979 0.6327121 0.6841019 0.6171464 0.6757532 0.6330152 0.6835929 0.6171464 0.6757532 0.6003321 0.6701239 0.6006839 0.6690742 0.6003321 0.6701239 0.5833163 0.6650955 0.6006839 0.6690742 0.5833163 0.6650955 0.5656623 0.6629787 0.5657257 0.6623942 0.5657257 0.6623942 0.5656623 0.6629787 0.5479402 0.6609745 0.5479402 0.6609745 0.5302181 0.6629787 0.5301547 0.6623942 0.5302181 0.6629787 0.512564 0.6650955 0.5301547 0.6623942 0.5126901 0.6656705 0.495361 0.6695649 0.512564 0.6650955 0.4955483 0.6701239 0.478734 0.6757532 0.495361 0.6695649 0.478734 0.6757532 0.4631683 0.6841019 0.4625991 0.6831461 0.4631683 0.6841019 0.4479286 0.6929979 0.4625991 0.6831461 0.4479286 0.6929979 0.4344933 0.704302 0.4340876 0.7038652 0.4340876 0.7038652 0.4219446 0.716469 0.4210987 0.7157304 0.4219446 0.716469 0.410286 0.7294957 0.4210987 0.7157304 0.4107764 0.7298412 0.400586 0.7439781 0.410286 0.7294957 0.401111 0.744272 0.3925005 0.7593643 0.400586 0.7439781 0.3925005 0.7593643 0.3866946 0.7756672 0.3861179 0.7754856 0.3861179 0.7754856 0.3821014 0.7922877 0.3815084 0.7921655 0.3815084 0.7921655 0.3793253 0.8092826 0.3787223 0.8092212 0.3787223 0.8092212 0.3793253 0.8092826 0.3772581 0.8264657 0.3772581 0.8264657 0.3793253 0.8436489 0.3781931 0.8437643 0.3793253 0.8436489 0.3815084 0.8607661 0.3781931 0.8437643 0.3821014 0.8606439 0.3861179 0.8774459 0.3815084 0.8607661 0.3866946 0.8772643 0.3925005 0.8935673 0.3861179 0.8774459 0.3925005 0.8935673 0.401111 0.9086596 0.400586 0.9089534 0.400586 0.9089534 0.4107764 0.9230903 0.410286 0.9234359 0.410286 0.9234359 0.4219446 0.9364625 0.4214941 0.9368559 0.4219446 0.9364625 0.4340876 0.9490664 0.4214941 0.9368559 0.4344933 0.9486295 0.4479286 0.9599336 0.4340876 0.9490664 0.4482849 0.9594581 0.4628652 0.9693387 0.4479286 0.9599336 0.4631683 0.9688296 0.478734 0.9771783 0.4628652 0.9693387 0.478734 0.9771783 0.4955483 0.9828076 0.495361 0.9833667 0.495361 0.9833667 0.5126901 0.9872611 0.512564 0.987836 0.512564 0.987836 0.5302181 0.9899528 0.530099 0.9910505 0.530099 0.9910505 0.5302181 0.9899528 0.5479402 0.9919571 0.5479402 0.9919571 0.5656623 0.9899528 0.5657257 0.9905374 0.5656623 0.9899528 0.5833163 0.987836 0.5657257 0.9905374 0.5833163 0.987836 0.6003321 0.9828076 0.6006839 0.9838574 0.6006839 0.9838574 0.6168999 0.9766413 0.6173629 0.9776496 0.6168999 0.9766413 0.6330152 0.9693387 0.6173629 0.9776496 0.6330152 0.9693387 0.6475955 0.9594581 0.6482646 0.9603511 0.6475955 0.9594581 0.6617928 0.9490664 0.6482646 0.9603511 0.6617928 0.9490664 0.6739357 0.9364625 0.6747817 0.9372011 0.6739357 0.9364625 0.6860249 0.9237391 0.6747817 0.9372011 0.685104 0.9230903 0.6952944 0.9089534 0.6860249 0.9237391 0.6947693 0.9086596 0.7033799 0.8935673 0.6952944 0.9089534 0.7033799 0.8935673 0.7091858 0.8772643 0.7102685 0.8776054 0.7091858 0.8772643 0.714372 0.8607661 0.7102685 0.8776054 0.714372 0.8607661 0.7165551 0.8436489 0.7176873 0.8437643 0.7176873 0.8437643 0.7165551 0.8436489 0.7186223 0.8264657 0.3606677 0.4633869 0.3554973 0.4459591 0.3597025 0.4455305 0.3597025 0.4455305 0.3526816 0.4287222 0.3568176 0.4278698 0.3554973 0.4808148 0.3606677 0.4633869 0.3597025 0.4812434 0.3568176 0.4278698 0.3480231 0.4118651 0.3520445 0.4105982 0.3526816 0.4980517 0.3597025 0.4812434 0.3568176 0.4989041 0.3520445 0.4105982 0.3415727 0.3955724 0.3454356 0.3939049 0.3480231 0.5149088 0.3568176 0.4989041 0.3520445 0.5161757 0.3415727 0.3955724 0.3370633 0.3779729 0.3454356 0.3939049 0.3415727 0.5312014 0.3520445 0.5161757 0.3454356 0.532869 0.3334013 0.3800228 0.3270192 0.3629767 0.3370633 0.3779729 0.3370633 0.548801 0.3415727 0.5312014 0.3454356 0.532869 0.3235982 0.3653865 0.3154134 0.3490806 0.3270192 0.3629767 0.3270192 0.5637972 0.3334013 0.546751 0.3370633 0.548801 0.312271 0.3518239 0.3023731 0.3364369 0.3154134 0.3490806 0.3154134 0.5776932 0.3235982 0.5613873 0.3270192 0.5637972 0.3023731 0.3364369 0.2855557 0.328501 0.2880411 0.3251841 0.2995437 0.5872902 0.3154134 0.5776932 0.3023731 0.5903369 0.2880411 0.3251841 0.2704604 0.3189961 0.2725746 0.3154454 0.2855557 0.5982729 0.3023731 0.5903369 0.2880411 0.6015897 0.2725746 0.3154454 0.254423 0.3110731 0.2561429 0.3073276 0.2704604 0.6077778 0.2880411 0.6015897 0.2725746 0.6113284 0.254423 0.3110731 0.238926 0.3009198 0.2561429 0.3073276 0.254423 0.6157007 0.2725746 0.6113284 0.2561429 0.6194462 0.2376193 0.304819 0.2211126 0.2962918 0.238926 0.3009198 0.238926 0.6258541 0.254423 0.6157007 0.2561429 0.6194462 0.2202335 0.3003022 0.2028979 0.2934946 0.2211126 0.2962918 0.2211126 0.630482 0.2376193 0.6219549 0.238926 0.6258541 0.2024559 0.297572 0.1844815 0.2925588 0.2028979 0.2934946 0.2028979 0.6332792 0.2202335 0.6264718 0.2211126 0.630482 0.1844815 0.2925588 0.166507 0.297572 0.1660649 0.2934946 0.1844815 0.6342151 0.2024559 0.6292018 0.2028979 0.6332792 0.1660649 0.2934946 0.1487294 0.3003022 0.1478502 0.2962918 0.166507 0.6292018 0.1844815 0.6342151 0.1660649 0.6332792 0.1478502 0.2962918 0.1313436 0.304819 0.1300369 0.3009198 0.1487294 0.6264718 0.1660649 0.6332792 0.1478502 0.630482 0.1300369 0.3009198 0.1145399 0.3110731 0.11282 0.3073276 0.1313436 0.6219549 0.1478502 0.630482 0.1300369 0.6258541 0.1145399 0.3110731 0.09638828 0.3154454 0.11282 0.3073276 0.1145399 0.6157007 0.1300369 0.6258541 0.11282 0.6194462 0.09850251 0.3189961 0.08092176 0.3251841 0.09638828 0.3154454 0.09638828 0.6113284 0.1145399 0.6157007 0.11282 0.6194462 0.08340716 0.328501 0.06658983 0.3364369 0.08092176 0.3251841 0.08092176 0.6015897 0.09850251 0.6077778 0.09638828 0.6113284 0.0694192 0.3394837 0.05354952 0.3490806 0.06658983 0.3364369 0.06658983 0.5903369 0.08340716 0.5982729 0.08092176 0.6015897 0.05354952 0.3490806 0.04536467 0.3653865 0.04194372 0.3629767 0.05669188 0.5749499 0.06658983 0.5903369 0.05354952 0.5776932 0.04194372 0.3629767 0.03556162 0.3800228 0.03189963 0.3779729 0.04536467 0.5613873 0.05354952 0.5776932 0.04194372 0.5637972 0.03189963 0.3779729 0.02739018 0.3955724 0.02352726 0.3939049 0.03556162 0.546751 0.04194372 0.5637972 0.03189963 0.548801 0.02739018 0.3955724 0.01691836 0.4105982 0.02352726 0.3939049 0.02739018 0.5312014 0.03189963 0.548801 0.02352726 0.532869 0.02093982 0.4118651 0.01214528 0.4278698 0.01691836 0.4105982 0.01691836 0.5161757 0.02739018 0.5312014 0.02352726 0.532869 0.0162813 0.4287222 0.009260296 0.4455305 0.01214528 0.4278698 0.01214528 0.4989041 0.02093982 0.5149088 0.01691836 0.5161757 0.01346564 0.4459591 0.008295178 0.4633869 0.009260296 0.4455305 0.009260296 0.4812434 0.0162813 0.4980517 0.01214528 0.4989041 0.008295178 0.4633869 0.01346564 0.4808148 0.009260296 0.4812434 0.06348091 0.2547222 0.1183643 0.2497967 0.1186667 0.2530142 0.06348091 0.2547222 0.1174607 0.2466145 0.1183643 0.2497967 0.06348091 0.2547222 0.1159657 0.2435026 0.1174607 0.2466145 0.06348091 0.2547222 0.1138956 0.2404947 0.1159657 0.2435026 0.06348091 0.2547222 0.1112732 0.237624 0.1138956 0.2404947 0.06348091 0.2547222 0.1081271 0.234922 0.1112732 0.237624 0.06348091 0.2547222 0.104492 0.2324181 0.1081271 0.234922 0.06348091 0.2547222 0.1004074 0.2301399 0.104492 0.2324181 0.06348091 0.2547222 0.09591829 0.2281124 0.1004074 0.2301399 0.06348091 0.2547222 0.09107381 0.2263576 0.09591829 0.2281124 0.06348091 0.2547222 0.085927 0.224895 0.09107381 0.2263576 0.06348091 0.2547222 0.08053427 0.2237404 0.085927 0.224895 0.06348091 0.2547222 0.07495468 0.2229065 0.08053427 0.2237404 0.06348091 0.2547222 0.06924939 0.2224025 0.07495468 0.2229065 0.06348091 0.2547222 0.06348091 0.2222338 0.06924939 0.2224025 0.06348091 0.2547222 0.05771243 0.2224025 0.06348091 0.2222338 0.06348091 0.2547222 0.05200713 0.2229065 0.05771243 0.2224025 0.06348091 0.2547222 0.0464276 0.2237404 0.05200713 0.2229065 0.06348091 0.2547222 0.04103487 0.224895 0.0464276 0.2237404 0.06348091 0.2547222 0.03588801 0.2263576 0.04103487 0.224895 0.06348091 0.2547222 0.03104352 0.2281124 0.03588801 0.2263576 0.06348091 0.2547222 0.02655446 0.2301399 0.03104352 0.2281124 0.06348091 0.2547222 0.02246993 0.2324181 0.02655446 0.2301399 0.06348091 0.2547222 0.01883471 0.234922 0.02246993 0.2324181 0.06348091 0.2547222 0.01568865 0.237624 0.01883471 0.234922 0.06348091 0.2547222 0.01306623 0.2404947 0.01568865 0.237624 0.06348091 0.2547222 0.01099616 0.2435026 0.01306623 0.2404947 0.06348091 0.2547222 0.009501099 0.2466145 0.01099616 0.2435026 0.06348091 0.2547222 0.008597493 0.2497967 0.009501099 0.2466145 0.06348091 0.2547222 0.008295178 0.2530142 0.008597493 0.2497967 0.06348091 0.2547222 0.008597493 0.2562316 0.008295178 0.2530142 0.06348091 0.2547222 0.009501099 0.2705819 0.008597493 0.2562316 0.06348091 0.2547222 0.01099616 0.2712789 0.009501099 0.2705819 0.06348091 0.2547222 0.01306623 0.2719525 0.01099616 0.2712789 0.06348091 0.2547222 0.01568865 0.2725955 0.01306623 0.2719525 0.06348091 0.2547222 0.01883471 0.2732006 0.01568865 0.2725955 0.06348091 0.2547222 0.02246993 0.2737615 0.01883471 0.2732006 0.06348091 0.2547222 0.02655446 0.2742717 0.02246993 0.2737615 0.06348091 0.2547222 0.03104352 0.2747258 0.02655446 0.2742717 0.06348091 0.2547222 0.03588801 0.2751188 0.03104352 0.2747258 0.06348091 0.2547222 0.04103487 0.2754464 0.03588801 0.2751188 0.06348091 0.2547222 0.0464276 0.275705 0.04103487 0.2754464 0.06348091 0.2547222 0.05200713 0.2758918 0.0464276 0.275705 0.06348091 0.2547222 0.05771243 0.2764729 0.05200713 0.2758918 0.06348091 0.2547222 0.06348091 0.2760425 0.05771243 0.2764729 0.06348091 0.2547222 0.06924939 0.2760047 0.06348091 0.2760425 0.06348091 0.2547222 0.07495468 0.2763602 0.06924939 0.2760047 0.06348091 0.2547222 0.08053427 0.275705 0.07495468 0.2763602 0.06348091 0.2547222 0.085927 0.2754464 0.08053427 0.275705 0.06348091 0.2547222 0.09107381 0.2751188 0.085927 0.2754464 0.06348091 0.2547222 0.09591829 0.2747258 0.09107381 0.2751188 0.06348091 0.2547222 0.1004074 0.2742717 0.09591829 0.2747258 0.06348091 0.2547222 0.104492 0.2737615 0.1004074 0.2742717 0.06348091 0.2547222 0.1081271 0.2732006 0.104492 0.2737615 0.06348091 0.2547222 0.1112732 0.2725955 0.1081271 0.2732006 0.06348091 0.2547222 0.1138956 0.2719525 0.1112732 0.2725955 0.06348091 0.2547222 0.1159657 0.2712789 0.1138956 0.2719525 0.06348091 0.2547222 0.1174607 0.2705819 0.1159657 0.2712789 0.06348091 0.2547222 0.1183643 0.2562316 0.1174607 0.2705819 0.06348091 0.2547222 0.1186667 0.2530142 0.1183643 0.2562316 0.1355594 0.2497967 0.1904428 0.2547222 0.1352571 0.2530142 0.136463 0.2466145 0.1904428 0.2547222 0.1355594 0.2497967 0.1379581 0.2435026 0.1904428 0.2547222 0.136463 0.2466145 0.1400281 0.2404947 0.1904428 0.2547222 0.1379581 0.2435026 0.1426506 0.237624 0.1904428 0.2547222 0.1400281 0.2404947 0.1457966 0.234922 0.1904428 0.2547222 0.1426506 0.237624 0.1494318 0.2324181 0.1904428 0.2547222 0.1457966 0.234922 0.1535163 0.2301399 0.1904428 0.2547222 0.1494318 0.2324181 0.1580054 0.2281124 0.1904428 0.2547222 0.1535163 0.2301399 0.1628499 0.2263576 0.1904428 0.2547222 0.1580054 0.2281124 0.1679967 0.224895 0.1904428 0.2547222 0.1628499 0.2263576 0.1733894 0.2237404 0.1904428 0.2547222 0.1679967 0.224895 0.178969 0.2229065 0.1904428 0.2547222 0.1733894 0.2237404 0.1846743 0.2224025 0.1904428 0.2547222 0.178969 0.2229065 0.1904428 0.2222338 0.1904428 0.2547222 0.1846743 0.2224025 0.1962113 0.2224025 0.1904428 0.2547222 0.1904428 0.2222338 0.2019166 0.2229065 0.1904428 0.2547222 0.1962113 0.2224025 0.2074962 0.2237404 0.1904428 0.2547222 0.2019166 0.2229065 0.2128889 0.224895 0.1904428 0.2547222 0.2074962 0.2237404 0.2180357 0.2263576 0.1904428 0.2547222 0.2128889 0.224895 0.2228802 0.2281124 0.1904428 0.2547222 0.2180357 0.2263576 0.2273693 0.2301399 0.1904428 0.2547222 0.2228802 0.2281124 0.2314538 0.2324181 0.1904428 0.2547222 0.2273693 0.2301399 0.235089 0.234922 0.1904428 0.2547222 0.2314538 0.2324181 0.2382351 0.237624 0.1904428 0.2547222 0.235089 0.234922 0.2408575 0.2404947 0.1904428 0.2547222 0.2382351 0.237624 0.2429276 0.2435026 0.1904428 0.2547222 0.2408575 0.2404947 0.2444226 0.2466145 0.1904428 0.2547222 0.2429276 0.2435026 0.2453262 0.2497967 0.1904428 0.2547222 0.2444226 0.2466145 0.2456285 0.2530142 0.1904428 0.2547222 0.2453262 0.2497967 0.2453262 0.2562316 0.1904428 0.2547222 0.2456285 0.2530142 0.2444226 0.2705819 0.1904428 0.2547222 0.2453262 0.2562316 0.2429276 0.2712789 0.1904428 0.2547222 0.2444226 0.2705819 0.2408575 0.2719525 0.1904428 0.2547222 0.2429276 0.2712789 0.2382351 0.2725955 0.1904428 0.2547222 0.2408575 0.2719525 0.235089 0.2732006 0.1904428 0.2547222 0.2382351 0.2725955 0.2314538 0.2737615 0.1904428 0.2547222 0.235089 0.2732006 0.2273693 0.2742717 0.1904428 0.2547222 0.2314538 0.2737615 0.2228802 0.2747258 0.1904428 0.2547222 0.2273693 0.2742717 0.2180357 0.2751188 0.1904428 0.2547222 0.2228802 0.2747258 0.2128889 0.2754464 0.1904428 0.2547222 0.2180357 0.2751188 0.2074962 0.275705 0.1904428 0.2547222 0.2128889 0.2754464 0.2019166 0.2758918 0.1904428 0.2547222 0.2074962 0.275705 0.1962113 0.2760047 0.1904428 0.2547222 0.2019166 0.2758918 0.1904428 0.2760425 0.1904428 0.2547222 0.1962113 0.2760047 0.1846743 0.2760047 0.1904428 0.2547222 0.1904428 0.2760425 0.178969 0.2758918 0.1904428 0.2547222 0.1846743 0.2760047 0.1733894 0.275705 0.1904428 0.2547222 0.178969 0.2758918 0.1679967 0.2754464 0.1904428 0.2547222 0.1733894 0.275705 0.1628499 0.2751188 0.1904428 0.2547222 0.1679967 0.2754464 0.1580054 0.2747258 0.1904428 0.2547222 0.1628499 0.2751188 0.1535163 0.2742717 0.1904428 0.2547222 0.1580054 0.2747258 0.1494318 0.2737615 0.1904428 0.2547222 0.1535163 0.2742717 0.1457966 0.2732006 0.1904428 0.2547222 0.1494318 0.2737615 0.1426506 0.2725955 0.1904428 0.2547222 0.1457966 0.2732006 0.1400281 0.2719525 0.1904428 0.2547222 0.1426506 0.2725955 0.1379581 0.2712789 0.1904428 0.2547222 0.1400281 0.2719525 0.136463 0.2705819 0.1904428 0.2547222 0.1379581 0.2712789 0.1355594 0.2562316 0.1904428 0.2547222 0.136463 0.2705819 0.1352571 0.2530142 0.1904428 0.2547222 0.1355594 0.2562316 0.3371 0.2010989 0.3407307 0.1983498 0.3376142 0.2015671 0.3402165 0.1978815 0.3438131 0.1951676 0.3407307 0.1983498 0.3432988 0.1946994 0.3468275 0.1920555 0.3438131 0.1951676 0.3463132 0.1915873 0.3497409 0.1890478 0.3468275 0.1920555 0.3492267 0.1885794 0.3525215 0.1861771 0.3497409 0.1890478 0.3525215 0.1861771 0.3546246 0.1830067 0.3551388 0.183475 0.3551388 0.183475 0.3570498 0.1805028 0.3575641 0.1809712 0.3575641 0.1809712 0.3592566 0.1782248 0.3597708 0.178693 0.3597708 0.1621389 0.3552817 0.159736 0.3597708 0.1616402 0.3552817 0.1602346 0.3504372 0.158088 0.3552817 0.159736 0.3504372 0.1585867 0.3452904 0.1567143 0.3504372 0.158088 0.3452904 0.1567143 0.3398977 0.1561286 0.3398977 0.1556299 0.3398977 0.1561286 0.3343181 0.1548469 0.3398977 0.1556299 0.3343181 0.1548469 0.3286128 0.1548721 0.3286128 0.1543735 0.3286128 0.1543735 0.3228443 0.1547137 0.3228443 0.1542152 0.3228443 0.1547137 0.3170759 0.1543735 0.3228443 0.1542152 0.3113706 0.1548469 0.305791 0.1561286 0.305791 0.1556299 0.3170759 0.1548721 0.3113706 0.1548469 0.3170759 0.1543735 0.3003983 0.1567143 0.2952514 0.1585867 0.2952514 0.158088 0.305791 0.1561286 0.3003983 0.1567143 0.305791 0.1556299 0.290407 0.159736 0.2859179 0.1621389 0.2859179 0.1616402 0.2952514 0.158088 0.290407 0.1602346 0.290407 0.159736 0.8428025 0.6799352 0.8447135 0.6829073 0.8422882 0.6804034 0.8405958 0.677657 0.8422882 0.6804034 0.8400815 0.6781253 0.8473308 0.6856094 0.8506256 0.6880117 0.8501114 0.68848 0.8452278 0.682439 0.8473308 0.6856094 0.8447135 0.6829073 0.8530248 0.6914879 0.8565536 0.6941316 0.8560393 0.6945999 0.8501114 0.68848 0.8535391 0.6910195 0.8530248 0.6914879 0.8591216 0.697782 0.8627523 0.7005312 0.8622381 0.7009994 0.8560393 0.6945999 0.8596358 0.6973137 0.8591216 0.697782 0.8653545 0.7042168 0.8797689 0.7180988 0.8792546 0.7185671 0.8622381 0.7009994 0.8658688 0.7037486 0.8653545 0.7042168 0.8446486 0.6094688 0.847271 0.6093636 0.8446486 0.6099674 0.847271 0.6088649 0.8504171 0.6087952 0.847271 0.6093636 0.8410835 0.610756 0.8425785 0.6106001 0.8410835 0.6112547 0.8425785 0.6106001 0.8446486 0.6094688 0.8446486 0.6099674 0.8581368 0.6077893 0.862626 0.6068642 0.862626 0.6073628 0.862626 0.6073628 0.8674705 0.6064951 0.8674705 0.6069937 0.8504171 0.6082966 0.8540523 0.6082685 0.8504171 0.6087952 0.8540523 0.6077699 0.8581368 0.6077893 0.8540523 0.6082685 0.8674705 0.6064951 0.8726173 0.6066861 0.8674705 0.6069937 0.8726173 0.6061874 0.87801 0.6064432 0.8726173 0.6066861 0.87801 0.6059446 0.8835896 0.6062678 0.87801 0.6064432 0.8835896 0.6062678 0.8835896 0.6057692 0.8892949 0.6061618 0.2820669 0.1380233 0.2878354 0.1374891 0.2878354 0.1379878 0.2878354 0.1374891 0.2936038 0.1380233 0.2878354 0.1379878 0.2936038 0.1380233 0.2936038 0.1375247 0.2993091 0.1381293 0.8467888 0.5425248 0.8523684 0.5422016 0.8523684 0.5427002 0.8523684 0.5422016 0.8577611 0.5429431 0.8523684 0.5427002 0.8577611 0.5424444 0.8629079 0.5432507 0.8577611 0.5429431 0.8629079 0.5427521 0.8677524 0.5436198 0.8629079 0.5432507 0.8677524 0.5431212 0.8722415 0.5440464 0.8677524 0.5436198 0.8722415 0.5440464 0.876326 0.5440269 0.876326 0.5445255 0.876326 0.5445255 0.8799613 0.5445536 0.8799613 0.5450522 0.8799613 0.5450522 0.8831073 0.545122 0.8831073 0.5456206 0.8831073 0.5456206 0.8857297 0.5457258 0.8857297 0.5462244 0.8857297 0.5457258 0.8877998 0.5468571 0.8857297 0.5462244 0.8877998 0.5468571 0.8892949 0.5470131 0.8892949 0.5475117 0.3200835 0.2186666 0.3344978 0.2047846 0.3205978 0.2191349 0.3339836 0.2043163 0.3376142 0.2015671 0.3344978 0.2047846 0.7807999 0.701679 0.7751966 0.7005242 0.7807999 0.6993694 0.7806447 0.7022406 0.7751966 0.7005242 0.7807999 0.701679 0.7798311 0.7037889 0.7751966 0.7005242 0.7806447 0.7022406 0.7790297 0.7046518 0.7751966 0.7005242 0.7798311 0.7037889 0.7780609 0.7053343 0.7751966 0.7005242 0.7790297 0.7046518 0.7769668 0.7058066 0.7751966 0.7005242 0.7780609 0.7053343 0.7757954 0.706048 0.7751966 0.7005242 0.7769668 0.7058066 0.7745978 0.706048 0.7751966 0.7005242 0.7757954 0.706048 0.7734265 0.7058066 0.7751966 0.7005242 0.7745978 0.706048 0.7723324 0.7053343 0.7751966 0.7005242 0.7734265 0.7058066 0.7713636 0.7046518 0.7751966 0.7005242 0.7723324 0.7053343 0.7705622 0.7037889 0.7751966 0.7005242 0.7713636 0.7046518 0.7699635 0.7027834 0.7751966 0.7005242 0.7705622 0.7037889 0.7697486 0.7022406 0.7751966 0.7005242 0.7699635 0.7027834 0.7695934 0.701679 0.7751966 0.7005242 0.7697486 0.7022406 0.7694682 0.7005242 0.7751966 0.7005242 0.7695934 0.701679 0.7697486 0.6988078 0.7751966 0.7005242 0.7694682 0.7005242 0.7702357 0.6977471 0.7751966 0.7005242 0.7697486 0.6988078 0.7709396 0.6968077 0.7751966 0.7005242 0.7702357 0.6977471 0.7718296 0.6960307 0.7751966 0.7005242 0.7709396 0.6968077 0.7728667 0.6954502 0.7751966 0.7005242 0.7718296 0.6960307 0.7740056 0.6950914 0.7751966 0.7005242 0.7728667 0.6954502 0.7751966 0.69497 0.7751966 0.7005242 0.7740056 0.6950914 0.7763876 0.6950914 0.7751966 0.7005242 0.7751966 0.69497 0.7769668 0.6952418 0.7751966 0.7005242 0.7763876 0.6950914 0.7780609 0.6957141 0.7751966 0.7005242 0.7769668 0.6952418 0.7790297 0.6963967 0.7751966 0.7005242 0.7780609 0.6957141 0.7798311 0.6972596 0.7751966 0.7005242 0.7790297 0.6963967 0.7801576 0.6977471 0.7751966 0.7005242 0.7798311 0.6972596 0.7806447 0.6988078 0.7751966 0.7005242 0.7801576 0.6977471 0.7807999 0.6993694 0.7751966 0.7005242 0.7806447 0.6988078 0.7751966 0.4999676 0.7823109 0.4992374 0.7823509 0.4999676 0.7751966 0.4999676 0.7821946 0.4985254 0.7823109 0.4992374 0.7804731 0.4983053 0.7821946 0.4985254 0.7751966 0.4999676 0.7804731 0.4983053 0.7751966 0.4999676 0.7790285 0.4983134 0.7790285 0.4983134 0.7751966 0.4999676 0.7777187 0.4981909 0.7777187 0.4981909 0.7751966 0.4999676 0.7772115 0.4982087 0.7772115 0.4982087 0.7751966 0.4999676 0.7757937 0.4981858 0.7757937 0.4981858 0.7751966 0.4999676 0.7745995 0.4981858 0.7745995 0.4981858 0.7751966 0.4999676 0.7738877 0.4982208 0.7731818 0.4982087 0.7738877 0.4982208 0.7751966 0.4999676 0.7731818 0.4982087 0.7751966 0.4999676 0.7726745 0.4981909 0.7726745 0.4981909 0.7751966 0.4999676 0.7713647 0.4983134 0.7751966 0.4999676 0.7699202 0.4983053 0.7713647 0.4983134 0.7699202 0.4983053 0.7751966 0.4999676 0.7681987 0.4985254 0.7751966 0.4999676 0.7680824 0.4992374 0.7681987 0.4985254 0.7751966 0.4999676 0.7680423 0.4999676 0.7680824 0.4992374 0.7751966 0.4999676 0.7680816 0.5006927 0.7680423 0.4999676 0.7751966 0.4999676 0.7681987 0.5014098 0.7680816 0.5006927 0.7751966 0.4999676 0.7683925 0.5021111 0.7681987 0.5014098 0.7751966 0.4999676 0.7686609 0.502789 0.7683925 0.5021111 0.7751966 0.4999676 0.7690008 0.503436 0.7686609 0.502789 0.7751966 0.4999676 0.7694087 0.5040449 0.7690008 0.503436 0.7751966 0.4999676 0.7698799 0.5046092 0.7694087 0.5040449 0.7751966 0.4999676 0.7704095 0.5051226 0.7698799 0.5046092 0.7751966 0.4999676 0.7709915 0.5055795 0.7704095 0.5051226 0.7751966 0.4999676 0.7716195 0.505975 0.7709915 0.5055795 0.7751966 0.4999676 0.7722867 0.5063046 0.7716195 0.505975 0.7751966 0.4999676 0.7729858 0.5065648 0.7722867 0.5063046 0.7751966 0.4999676 0.7737092 0.5067527 0.7729858 0.5065648 0.7751966 0.4999676 0.7744488 0.5068663 0.7737092 0.5067527 0.7751966 0.4999676 0.7751966 0.5069043 0.7744488 0.5068663 0.7751966 0.4999676 0.7759445 0.5068663 0.7751966 0.5069043 0.7751966 0.4999676 0.7766841 0.5067527 0.7759445 0.5068663 0.7751966 0.4999676 0.7774074 0.5065648 0.7766841 0.5067527 0.7751966 0.4999676 0.7781066 0.5063046 0.7774074 0.5065648 0.7751966 0.4999676 0.7787738 0.505975 0.7781066 0.5063046 0.7751966 0.4999676 0.7794018 0.5055795 0.7787738 0.505975 0.7751966 0.4999676 0.7799838 0.5051226 0.7794018 0.5055795 0.7751966 0.4999676 0.7805133 0.5046092 0.7799838 0.5051226 0.7751966 0.4999676 0.7809846 0.5040449 0.7805133 0.5046092 0.7751966 0.4999676 0.7813925 0.503436 0.7809846 0.5040449 0.7751966 0.4999676 0.7817324 0.502789 0.7813925 0.503436 0.7751966 0.4999676 0.7820008 0.5021111 0.7817324 0.502789 0.7751966 0.4999676 0.7821946 0.5014098 0.7820008 0.5021111 0.7751966 0.4999676 0.7823117 0.5006927 0.7821946 0.5014098 0.7751966 0.4999676 0.7823509 0.4999676 0.7823117 0.5006927 0.8640697 0.4583705 0.8640697 0.4591583 0.8633219 0.4586424 0.8648093 0.4591583 0.8640697 0.4591583 0.8640697 0.4583705 0.8648093 0.4591583 0.8640697 0.4583705 0.8648093 0.4581133 0.8655326 0.4591583 0.8648093 0.4581133 0.8655326 0.4579419 0.8662317 0.4591583 0.8655326 0.4579419 0.8662317 0.4577729 0.866899 0.4591583 0.8662317 0.4577729 0.866899 0.4576079 0.8675271 0.4591583 0.866899 0.4576079 0.8675271 0.4574522 0.868109 0.4591583 0.8675271 0.4574522 0.868109 0.4573099 0.8686385 0.4591583 0.868109 0.4573099 0.8686385 0.4571778 0.8591167 0.478824 0.8585347 0.4768435 0.8591167 0.4767248 0.8597447 0.478824 0.8591167 0.4767248 0.8597447 0.4766547 0.860412 0.478824 0.8597447 0.478824 0.8597447 0.4766547 0.8597447 0.4766547 0.860412 0.4765931 0.860412 0.478824 0.8611111 0.478824 0.860412 0.4765931 0.8611111 0.4765259 0.8618344 0.478824 0.8611111 0.4765259 0.8618344 0.4764756 0.8625741 0.478824 0.8618344 0.4764756 0.8625741 0.4764487 0.8633219 0.478824 0.8625741 0.4764487 0.8633219 0.4764483 0.8640697 0.4764487 0.8633219 0.478824 0.8633219 0.4764483 0.8655326 0.4765259 0.8648093 0.478824 0.8648093 0.4764756 0.8648093 0.4764756 0.8640697 0.478824 0.8640697 0.4764487 0.8640697 0.478824 0.8648093 0.4764756 0.8648093 0.478824 0.866899 0.4766547 0.8662317 0.478824 0.8662317 0.4765931 0.8662317 0.478824 0.866899 0.4766547 0.866899 0.478824 0.8662317 0.4765931 0.8655326 0.478824 0.8655326 0.4765259 0.8675271 0.478824 0.868109 0.4768435 0.868109 0.478824 0.8675271 0.4767248 0.866899 0.478824 0.866899 0.4766547 0.8602563 0.4381816 0.8596744 0.4398877 0.8596744 0.4380393 0.8686385 0.4769756 0.868109 0.478824 0.868109 0.4768435 0.8615517 0.4385023 0.8608844 0.4398877 0.8608844 0.4383373 0.8608844 0.4398877 0.8602563 0.4398877 0.8602563 0.4381816 0.8602563 0.4381816 0.8608844 0.4383373 0.8608844 0.4398877 0.8629741 0.4388427 0.8622508 0.4398877 0.8622508 0.4386714 0.8622508 0.4386714 0.8615517 0.4398877 0.8615517 0.4385023 0.8644616 0.4391416 0.8637137 0.4398877 0.8637137 0.4389948 0.8629741 0.4388427 0.8637137 0.4389948 0.8637137 0.4398877 0.8629741 0.4388427 0.8637137 0.4398877 0.8629741 0.4398877 0.3799331 0.2679601 0.3806727 0.2673739 0.3806727 0.2681162 0.8652094 0.4392941 0.8644616 0.4398877 0.8644616 0.4391416 0.3820952 0.2684333 0.3827624 0.2673739 0.3827624 0.2685907 0.3827624 0.2685907 0.3833904 0.2673739 0.3833904 0.2687202 0.3833904 0.2673739 0.3827624 0.2685907 0.3827624 0.2673739 0.3806727 0.2681162 0.3813961 0.2673739 0.3813961 0.2682747 0.3813961 0.2682747 0.3820952 0.2673739 0.3820952 0.2684333 0.2554331 0.152206 0.2560151 0.1506443 0.2560151 0.1523325 0.2560151 0.1506443 0.2554331 0.152206 0.2554331 0.1506443 0.2560151 0.1523325 0.2566431 0.1506443 0.2566431 0.1524475 0.3833904 0.2687202 0.3839724 0.2673739 0.3839724 0.268831 0.3839724 0.268831 0.3845019 0.2673739 0.3845019 0.2689357 0.3845019 0.2673739 0.3839724 0.268831 0.3839724 0.2673739 0.2566431 0.1524475 0.2573103 0.1506443 0.2573103 0.1525487 0.2580094 0.1506443 0.2573103 0.1525487 0.2573103 0.1506443 0.2573103 0.1525487 0.2580094 0.1506443 0.2580094 0.1526187 0.2580094 0.1526187 0.2587328 0.1506443 0.2587328 0.152672 0.2587328 0.152672 0.2594724 0.1506443 0.2594724 0.1527076 0.2594724 0.1527076 0.2602202 0.1506443 0.2602202 0.1527254 0.2602202 0.1506443 0.260968 0.1527076 0.2602202 0.1527254 0.260968 0.1506443 0.2617077 0.152672 0.260968 0.1527076 0.2617077 0.1506443 0.262431 0.1526187 0.2617077 0.152672 0.262431 0.1506443 0.2631301 0.1525487 0.262431 0.1526187 0.2631301 0.1506443 0.2637974 0.1524475 0.2631301 0.1525487 0.2637974 0.1506443 0.2644254 0.1523325 0.2637974 0.1524475 0.2644254 0.1506443 0.2650074 0.1506443 0.2650074 0.152206 0.2650074 0.152206 0.2644254 0.1523325 0.2644254 0.1506443 0.3791853 0.2850216 0.3797148 0.2850216 0.3797148 0.2864785 0.3797148 0.2864785 0.3791853 0.2865832 0.3791853 0.2850216 0.3797148 0.2850216 0.3802967 0.2863677 0.3797148 0.2864785 0.3802967 0.2850216 0.3809248 0.2850216 0.3809248 0.2862675 0.3809248 0.2862675 0.3802967 0.2863677 0.3802967 0.2850216 0.3809248 0.2850216 0.381592 0.2862259 0.3809248 0.2862675 0.381592 0.2850216 0.3822911 0.2861353 0.381592 0.2862259 0.3822911 0.2850216 0.3830145 0.2859966 0.3822911 0.2861353 0.3830145 0.2850216 0.3837541 0.2858113 0.3830145 0.2859966 0.3837541 0.2858113 0.3837541 0.2850216 0.3845019 0.2855815 0.8640697 0.4591583 0.8633219 0.4598335 0.8633219 0.4586424 0.8647714 0.4598335 0.8640697 0.4591583 0.8648093 0.4591583 0.8654764 0.4598335 0.8648093 0.4591583 0.8655326 0.4591583 0.8661577 0.4598335 0.8655326 0.4591583 0.8662317 0.4591583 0.866899 0.4591583 0.8661577 0.4598335 0.8662317 0.4591583 0.8675271 0.4591583 0.8668079 0.4598335 0.866899 0.4591583 0.868109 0.4591583 0.86742 0.4598335 0.8675271 0.4591583 0.8585347 0.478824 0.8581405 0.4794991 0.8580052 0.478824 0.8591167 0.478824 0.8586566 0.4794991 0.8585347 0.478824 0.8598358 0.4794991 0.8591167 0.478824 0.8597447 0.478824 0.860486 0.4794991 0.8597447 0.478824 0.860412 0.478824 0.8611111 0.478824 0.860486 0.4794991 0.860412 0.478824 0.8618344 0.478824 0.8611673 0.4794991 0.8611111 0.478824 0.8625741 0.478824 0.8618723 0.4794991 0.8618344 0.478824 0.8633219 0.4794991 0.8625741 0.478824 0.8633219 0.478824 0.8640697 0.478824 0.8633219 0.4794991 0.8633219 0.478824 0.8647714 0.4794991 0.8640697 0.478824 0.8648093 0.478824 0.8654764 0.4794991 0.8648093 0.478824 0.8655326 0.478824 0.8661577 0.4794991 0.8655326 0.478824 0.8662317 0.478824 0.866899 0.478824 0.8661577 0.4794991 0.8662317 0.478824 0.86742 0.4794991 0.866899 0.478824 0.8675271 0.478824 0.8679872 0.4794991 0.8675271 0.478824 0.868109 0.478824 0.8685032 0.4794991 0.868109 0.478824 0.8686385 0.478824 0.8603634 0.4405629 0.8596744 0.4398877 0.8602563 0.4398877 0.8609755 0.4405629 0.8602563 0.4398877 0.8608844 0.4398877 0.8616257 0.4405629 0.8608844 0.4398877 0.8615517 0.4398877 0.8622508 0.4398877 0.8616257 0.4405629 0.8615517 0.4398877 0.8629741 0.4398877 0.862307 0.4405629 0.8622508 0.4398877 0.8637137 0.4398877 0.863012 0.4405629 0.8629741 0.4398877 0.8644616 0.4398877 0.8637328 0.4405629 0.8637137 0.4398877 0.8651903 0.4405629 0.8644616 0.4398877 0.8652094 0.4392941 0.865949 0.4394503 0.8651903 0.4405629 0.8652094 0.4392941 0.8666723 0.4396086 0.8659111 0.4405629 0.865949 0.4394503 0.8673714 0.4397673 0.8666161 0.4405629 0.8666723 0.4396086 0.8680338 0.4399242 0.8679476 0.4405629 0.8672974 0.4405629 0.8672974 0.4405629 0.8673714 0.4397673 0.8680338 0.4399242 0.8680338 0.4399242 0.8686385 0.4400655 0.8679476 0.4405629 0.3793314 0.5743671 0.3787574 0.574656 0.3782691 0.5741587 0.3787574 0.574656 0.3793314 0.5743671 0.3792735 0.574656 0.7363122 0.3006184 0.7357717 0.3007866 0.7357196 0.3004977 0.7803779 0.6960008 0.7799141 0.6954443 0.7804566 0.6959322 0.7809458 0.6964743 0.7803779 0.6960008 0.7804566 0.6959322 0.860424 0.4592683 0.860486 0.4598335 0.8597643 0.4593036 0.8611138 0.4591909 0.860486 0.4598335 0.860424 0.4592683 0.8611138 0.4591909 0.8618344 0.4590575 0.8618723 0.4598335 0.8625931 0.4598335 0.8618344 0.4590575 0.8625741 0.4588722 0.8633219 0.4598335 0.8625741 0.4588722 0.8633219 0.4586424 0.7821306 0.7012308 0.7815872 0.7011755 0.7821688 0.7005242 0.7807999 0.701679 0.7807999 0.6993694 0.7815872 0.7011755 0.7820165 0.7019298 0.7815872 0.7011755 0.7821306 0.7012308 0.7813079 0.7024495 0.7807999 0.701679 0.7815872 0.7011755 0.7818276 0.7026132 0.7813079 0.7024495 0.7820165 0.7019298 0.7806447 0.7022406 0.7807999 0.701679 0.7813079 0.7024495 0.781566 0.7032738 0.7813079 0.7024495 0.7818276 0.7026132 0.7810668 0.7030583 0.7806447 0.7022406 0.7813079 0.7024495 0.7807615 0.7036394 0.781566 0.7032738 0.7812347 0.7039043 0.7807615 0.7036394 0.7798311 0.7037889 0.7810668 0.7030583 0.7808372 0.7044977 0.7807615 0.7036394 0.7812347 0.7039043 0.7799719 0.7046931 0.7798311 0.7037889 0.7807615 0.7036394 0.7803779 0.7050476 0.7799719 0.7046931 0.7808372 0.7044977 0.7790297 0.7046518 0.7798311 0.7037889 0.7799719 0.7046931 0.7794963 0.7051542 0.7803779 0.7050476 0.7798619 0.705548 0.7794963 0.7051542 0.7790297 0.7046518 0.7799719 0.7046931 0.7792948 0.7059933 0.7794963 0.7051542 0.7798619 0.705548 0.7784095 0.7059199 0.7790297 0.7046518 0.7794963 0.7051542 0.7786827 0.7063786 0.7784095 0.7059199 0.7792948 0.7059933 0.7778102 0.7062159 0.7786827 0.7063786 0.7780325 0.7066999 0.7778102 0.7062159 0.7780609 0.7053343 0.7784095 0.7059199 0.7773512 0.7069535 0.7778102 0.7062159 0.7780325 0.7066999 0.7765326 0.7066184 0.7769668 0.7058066 0.7778102 0.7062159 0.7766462 0.7071366 0.7765326 0.7066184 0.7773512 0.7069535 0.7757954 0.706048 0.7769668 0.7058066 0.7765326 0.7066184 0.7759254 0.7072473 0.7765326 0.7066184 0.7766462 0.7071366 0.7751966 0.7067546 0.7757954 0.706048 0.7765326 0.7066184 0.7751966 0.7072843 0.7751966 0.7067546 0.7759254 0.7072473 0.7745978 0.706048 0.7757954 0.706048 0.7751966 0.7067546 0.7744678 0.7072473 0.7751966 0.7067546 0.7751966 0.7072843 0.7738606 0.7066184 0.7745978 0.706048 0.7751966 0.7067546 0.773747 0.7071366 0.7738606 0.7066184 0.7744678 0.7072473 0.7730422 0.7069535 0.7738606 0.7066184 0.773747 0.7071366 0.7734265 0.7058066 0.7738606 0.7066184 0.7725831 0.7062159 0.7723608 0.7066999 0.7725831 0.7062159 0.7730422 0.7069535 0.7717106 0.7063786 0.7725831 0.7062159 0.7723608 0.7066999 0.7723324 0.7053343 0.7725831 0.7062159 0.7714197 0.7055647 0.7710985 0.7059933 0.7714197 0.7055647 0.7717106 0.7063786 0.7713636 0.7046518 0.7723324 0.7053343 0.7714197 0.7055647 0.770897 0.7051542 0.7710985 0.7059933 0.7705314 0.705548 0.770897 0.7051542 0.7713636 0.7046518 0.7714197 0.7055647 0.7700153 0.7050476 0.770897 0.7051542 0.7705314 0.705548 0.7704214 0.7046931 0.7713636 0.7046518 0.770897 0.7051542 0.7695561 0.7044977 0.7704214 0.7046931 0.7700153 0.7050476 0.7696318 0.7036394 0.7695561 0.7044977 0.7691586 0.7039043 0.7696318 0.7036394 0.7705622 0.7037889 0.7704214 0.7046931 0.7688273 0.7032738 0.7696318 0.7036394 0.7691586 0.7039043 0.7690854 0.7024495 0.7688273 0.7032738 0.7685657 0.7026132 0.7690854 0.7024495 0.7699635 0.7027834 0.7696318 0.7036394 0.7683768 0.7019298 0.7690854 0.7024495 0.7685657 0.7026132 0.7695934 0.701679 0.7690854 0.7024495 0.7688061 0.7011755 0.7682627 0.7012308 0.7688061 0.7011755 0.7683768 0.7019298 0.8644616 0.4405629 0.8637899 0.4410919 0.8637328 0.4405629 0.7694682 0.7005242 0.7688061 0.7011755 0.7688061 0.699873 0.7682627 0.6998176 0.7688061 0.699873 0.7682245 0.7005242 0.7689113 0.6992289 0.7682627 0.6998176 0.7683768 0.6991187 0.7689113 0.6992289 0.7694682 0.7005242 0.7688061 0.699873 0.7685657 0.6984353 0.7689113 0.6992289 0.7683768 0.6991187 0.7688273 0.6977747 0.7689113 0.6992289 0.7685657 0.6984353 0.7696318 0.697409 0.7697486 0.6988078 0.7689113 0.6992289 0.7691586 0.6971442 0.7696318 0.697409 0.7688273 0.6977747 0.7699981 0.6968621 0.7691586 0.6971442 0.7694475 0.6964743 0.7699981 0.6968621 0.7702357 0.6977471 0.7696318 0.697409 0.3787574 0.574656 0.3778691 0.5751851 0.3782691 0.5741587 0.7705314 0.6955005 0.7699981 0.6968621 0.7700153 0.6960008 0.7714197 0.6954838 0.7709396 0.6968077 0.7699981 0.6968621 0.7363122 0.3006184 0.7366601 0.3013158 0.7357717 0.3007866 0.7369428 0.3007261 0.7366601 0.3013158 0.7363122 0.3006184 0.7728667 0.6954502 0.7714197 0.6954838 0.773211 0.6945989 0.773211 0.6945989 0.7717024 0.6946561 0.7723731 0.6943753 0.7723731 0.6943753 0.7730692 0.6941757 0.773211 0.6945989 0.7740056 0.6950914 0.7728667 0.6954502 0.773211 0.6945989 0.7730692 0.6941757 0.7737742 0.6940357 0.773211 0.6945989 0.7737742 0.6940357 0.7740056 0.6950914 0.773211 0.6945989 0.7744845 0.6939545 0.7740056 0.6950914 0.7737742 0.6940357 0.7751966 0.6939321 0.7751966 0.69497 0.7744845 0.6939545 0.7759088 0.6939545 0.7751966 0.69497 0.7751966 0.6939321 0.7766191 0.6940357 0.7763876 0.6950914 0.7759088 0.6939545 0.7773241 0.6941757 0.7778102 0.6948325 0.7766191 0.6940357 0.7769668 0.6952418 0.7766191 0.6940357 0.7778102 0.6948325 0.7773241 0.6941757 0.7780202 0.6943753 0.7778102 0.6948325 0.7780609 0.6957141 0.7769668 0.6952418 0.7778102 0.6948325 0.7780202 0.6943753 0.7786909 0.6946561 0.7784095 0.6951286 0.7784095 0.6951286 0.7778102 0.6948325 0.7780202 0.6943753 0.7784095 0.6951286 0.7780609 0.6957141 0.7778102 0.6948325 0.7793214 0.6950196 0.7784095 0.6951286 0.7786909 0.6946561 0.7790297 0.6963967 0.7784095 0.6951286 0.7794963 0.6958942 0.7799141 0.6954443 0.7794963 0.6958942 0.7793214 0.6950196 0.7803779 0.6960008 0.7794963 0.6958942 0.7799141 0.6954443 0.7799719 0.6963554 0.7790297 0.6963967 0.7794963 0.6958942 0.7809458 0.6964743 0.7799719 0.6963554 0.7803779 0.6960008 0.7807615 0.697409 0.7798311 0.6972596 0.7799719 0.6963554 0.8597643 0.4593036 0.860109 0.4603626 0.8591449 0.4593361 0.7801576 0.6977471 0.7798311 0.6972596 0.7807615 0.697409 0.860486 0.4598335 0.860109 0.4603626 0.8597643 0.4593036 0.7813079 0.6985989 0.7801576 0.6977471 0.7807615 0.697409 0.8611138 0.4591909 0.8613362 0.4603626 0.860486 0.4598335 0.8618723 0.4598335 0.8613362 0.4603626 0.8611138 0.4591909 0.7807999 0.6993694 0.7813079 0.6985989 0.781482 0.6992289 0.7821306 0.6998176 0.781482 0.6992289 0.7820165 0.6991187 0.7821688 0.7005242 0.781482 0.6992289 0.7821306 0.6998176 0.7815872 0.7011755 0.7807999 0.6993694 0.781482 0.6992289 0.7751966 0.5395809 0.8145363 0.5334303 0.8152827 0.5394871 0.7751966 0.5395809 0.8135947 0.5274574 0.8145363 0.5334303 0.7751966 0.5395809 0.7816464 0.5364751 0.7827897 0.5362009 0.791489 0.5317357 0.8135947 0.5274574 0.7896395 0.5330764 0.7851909 0.5353757 0.7751966 0.5395809 0.7827897 0.5362009 0.7874825 0.5343304 0.7896395 0.5330764 0.8135947 0.5274574 0.7851909 0.5353757 0.7874825 0.5343304 0.8135947 0.5274574 0.7751966 0.5395809 0.7792108 0.536952 0.7803054 0.5367968 0.7803054 0.5367968 0.7816464 0.5364751 0.7751966 0.5395809 0.7970516 0.5252683 0.8124683 0.5216335 0.7964764 0.5262787 0.8124683 0.5216335 0.791489 0.5317357 0.793457 0.5299992 0.7950756 0.5282098 0.7964764 0.5262787 0.8124683 0.5216335 0.793457 0.5299992 0.7950756 0.5282098 0.8124683 0.5216335 0.7751966 0.5395809 0.7768828 0.5371984 0.7777651 0.537157 0.7777651 0.537157 0.7792108 0.536952 0.7751966 0.5395809 0.7986835 0.507756 0.7982106 0.507064 0.8048802 0.4976404 0.8111695 0.5160225 0.7970516 0.5252683 0.7976441 0.5242272 0.7990767 0.5087293 0.8048802 0.4976404 0.8111695 0.5160225 0.8111695 0.5160225 0.7976441 0.5242272 0.7985658 0.5220776 0.8111695 0.5160225 0.7985658 0.5220776 0.7992315 0.5198535 0.8111695 0.5160225 0.7992315 0.5198535 0.7996338 0.5175794 0.7992082 0.5097135 0.7990767 0.5087293 0.8111695 0.5160225 0.7996338 0.5175794 0.7992082 0.5097135 0.8111695 0.5160225 0.7971323 0.5058841 0.796476 0.5053791 0.8029262 0.4950118 0.8048802 0.4976404 0.7971323 0.5058841 0.8029262 0.4950118 0.7768828 0.5371984 0.7751966 0.5395809 0.7761201 0.5372342 0.8006684 0.4925761 0.8029262 0.4950118 0.796476 0.5053791 0.8006684 0.4925761 0.796476 0.5053791 0.7944308 0.5040868 0.7930407 0.5034137 0.7922022 0.503085 0.7981315 0.4903599 0.8006684 0.4925761 0.7930407 0.5034137 0.7981315 0.4903599 0.7912635 0.502717 0.7898774 0.5029025 0.7953433 0.4883876 0.7981315 0.4903599 0.7912635 0.502717 0.7953433 0.4883876 0.7923344 0.4866806 0.7953433 0.4883876 0.7898774 0.5029025 0.7898774 0.5029025 0.7874903 0.5032713 0.7923344 0.4866806 0.7761201 0.5372342 0.7751966 0.5395809 0.7749031 0.5372638 0.7891378 0.4852578 0.7923344 0.4866806 0.7874903 0.5032713 0.7874903 0.5032713 0.7850637 0.5045504 0.7891378 0.4852578 0.7850637 0.5045504 0.7826166 0.5061665 0.7857884 0.4841346 0.7857884 0.4841346 0.7891378 0.4852578 0.7850637 0.5045504 0.7826166 0.5061665 0.7801469 0.5086356 0.7813925 0.503436 0.7823509 0.4999676 0.7823109 0.4992374 0.7857884 0.4841346 0.7823117 0.5006927 0.7823509 0.4999676 0.7857884 0.4841346 0.7826166 0.5061665 0.7813925 0.503436 0.7817324 0.502789 0.7823117 0.5006927 0.7826166 0.5061665 0.7821946 0.5014098 0.7826166 0.5061665 0.7817324 0.502789 0.7820008 0.5021111 0.7820008 0.5021111 0.7821946 0.5014098 0.7826166 0.5061665 0.7809846 0.5040449 0.7813925 0.503436 0.7801469 0.5086356 0.7805133 0.5046092 0.7809846 0.5040449 0.7801469 0.5086356 0.7821946 0.4985254 0.7857884 0.4841346 0.7823109 0.4992374 0.7821946 0.4985254 0.7804731 0.4983053 0.782323 0.4833233 0.7857884 0.4841346 0.7821946 0.4985254 0.782323 0.4833233 0.7799838 0.5051226 0.7805133 0.5046092 0.7801469 0.5086356 0.7804731 0.4983053 0.7790285 0.4983134 0.7787794 0.482833 0.7787794 0.482833 0.782323 0.4833233 0.7804731 0.4983053 0.7776735 0.5091236 0.7781066 0.5063046 0.7801469 0.5086356 0.7801469 0.5086356 0.7781066 0.5063046 0.7787738 0.505975 0.7794018 0.5055795 0.7799838 0.5051226 0.7801469 0.5086356 0.7787738 0.505975 0.7794018 0.5055795 0.7801469 0.5086356 0.7790285 0.4983134 0.7777187 0.4981909 0.7787794 0.482833 0.7751966 0.482669 0.7787794 0.482833 0.7777187 0.4981909 0.7751966 0.482669 0.7777187 0.4981909 0.7772115 0.4982087 0.7751966 0.5092868 0.7751966 0.5069043 0.7759445 0.5068663 0.7751966 0.5092868 0.7759445 0.5068663 0.7766841 0.5067527 0.7766841 0.5067527 0.7776735 0.5091236 0.7751966 0.5092868 0.7757937 0.4981858 0.7745995 0.4981858 0.7751966 0.482669 0.7772115 0.4982087 0.7757937 0.4981858 0.7751966 0.482669 0.7729858 0.5065648 0.7727198 0.5091236 0.7722867 0.5063046 0.7726745 0.4981909 0.7716138 0.482833 0.7751966 0.482669 0.7731818 0.4982087 0.7726745 0.4981909 0.7751966 0.482669 0.7744488 0.5068663 0.7751966 0.5092868 0.7727198 0.5091236 0.7737092 0.5067527 0.7727198 0.5091236 0.7729858 0.5065648 0.7744488 0.5068663 0.7727198 0.5091236 0.7737092 0.5067527 0.7738877 0.4982208 0.7731818 0.4982087 0.7751966 0.482669 0.7751966 0.482669 0.7745995 0.4981858 0.7738877 0.4982208 0.7702464 0.5086356 0.7698799 0.5046092 0.7704095 0.5051226 0.7716138 0.482833 0.7713647 0.4983134 0.7699202 0.4983053 0.7699202 0.4983053 0.7680703 0.4833233 0.7716138 0.482833 0.7709915 0.5055795 0.7702464 0.5086356 0.7704095 0.5051226 0.7716195 0.505975 0.7722867 0.5063046 0.7727198 0.5091236 0.7716195 0.505975 0.7702464 0.5086356 0.7709915 0.5055795 0.7716138 0.482833 0.7726745 0.4981909 0.7713647 0.4983134 0.3783729 0.5947393 0.3793314 0.5912709 0.378413 0.5954695 0.3785293 0.5932971 0.3783729 0.5947393 0.3784121 0.5940142 0.3793314 0.5912709 0.3787231 0.5925957 0.3789914 0.5919179 0.7646049 0.4841346 0.7680824 0.4992374 0.7680423 0.4999676 0.7690008 0.503436 0.7702464 0.5086356 0.7677767 0.5078096 0.7646049 0.4841346 0.7680423 0.4999676 0.7680816 0.5006927 0.7686609 0.502789 0.7690008 0.503436 0.7677767 0.5078096 0.7677767 0.5078096 0.7680816 0.5006927 0.7681987 0.5014098 0.7683925 0.5021111 0.7686609 0.502789 0.7677767 0.5078096 0.7677767 0.5078096 0.7681987 0.5014098 0.7683925 0.5021111 0.7702464 0.5086356 0.7690008 0.503436 0.7694087 0.5040449 0.7702464 0.5086356 0.7694087 0.5040449 0.7698799 0.5046092 0.7681987 0.4985254 0.7646049 0.4841346 0.7680703 0.4833233 0.7680703 0.4833233 0.7699202 0.4983053 0.7681987 0.4985254 0.7680824 0.4992374 0.7646049 0.4841346 0.7681987 0.4985254 0.7646049 0.4841346 0.7677767 0.5078096 0.7653295 0.5065398 0.7646049 0.4841346 0.7653295 0.5065398 0.7612555 0.4852578 0.7612555 0.4852578 0.762903 0.505051 0.7580588 0.4866806 0.7612555 0.4852578 0.7653295 0.5065398 0.762903 0.505051 0.7580588 0.4866806 0.7605159 0.5039148 0.7550499 0.4883876 0.7580588 0.4866806 0.762903 0.505051 0.7605159 0.5039148 0.7749031 0.5372638 0.7751966 0.5395809 0.7740994 0.537226 0.7550499 0.4883876 0.7605159 0.5039148 0.7591298 0.5033426 0.7591298 0.5033426 0.7522618 0.4903599 0.7550499 0.4883876 0.7522618 0.4903599 0.7581911 0.503085 0.7573525 0.5034137 0.7573525 0.5034137 0.7497249 0.4925761 0.7522618 0.4903599 0.7497249 0.4925761 0.7539173 0.5053791 0.7474671 0.4950118 0.7539173 0.5053791 0.7497249 0.4925761 0.7559625 0.5040868 0.7474671 0.4950118 0.7539173 0.5053791 0.753261 0.5058841 0.745513 0.4976404 0.753261 0.5058841 0.7521827 0.507064 0.7726282 0.537157 0.7740994 0.537226 0.7751966 0.5395809 0.7751966 0.5395809 0.7711832 0.5369521 0.7726282 0.537157 0.745513 0.4976404 0.7521827 0.507064 0.7517098 0.507756 0.7527492 0.5242272 0.7533398 0.5252649 0.7391357 0.5159613 0.7518275 0.5220776 0.7527492 0.5242272 0.7391357 0.5159613 0.7511618 0.5198535 0.7518275 0.5220776 0.7391357 0.5159613 0.745513 0.4976404 0.7513166 0.5087293 0.7391357 0.5159613 0.7507595 0.5175794 0.7511618 0.5198535 0.7391357 0.5159613 0.7391357 0.5159613 0.7513166 0.5087293 0.7511851 0.5097135 0.7391357 0.5159613 0.7511851 0.5097135 0.7507595 0.5175794 0.7700879 0.5367968 0.7711832 0.5369521 0.7751966 0.5395809 0.7751966 0.5395809 0.7688602 0.5365023 0.7700879 0.5367968 0.7569363 0.5299992 0.7382109 0.5216113 0.7391357 0.5159613 0.7391357 0.5159613 0.7533398 0.5252649 0.7539169 0.5262787 0.7391357 0.5159613 0.7539169 0.5262787 0.7553176 0.5282098 0.7391357 0.5159613 0.7553176 0.5282098 0.7569363 0.5299992 0.7373958 0.5274666 0.7382109 0.5216113 0.7586702 0.5315515 0.7676035 0.5362009 0.7688602 0.5365023 0.7751966 0.5395809 0.7652024 0.5353757 0.7751966 0.5395809 0.7373958 0.5274666 0.7373958 0.5274666 0.7586702 0.5315515 0.7607537 0.5330764 0.7373958 0.5274666 0.7607537 0.5330764 0.7629107 0.5343304 0.7373958 0.5274666 0.7629107 0.5343304 0.7652024 0.5353757 0.7751966 0.5395809 0.7366994 0.5334629 0.7373958 0.5274666 0.7751966 0.5395809 0.736129 0.5395345 0.7366994 0.5334629 0.7751966 0.5395809 0.7356911 0.545615 0.736129 0.5395345 0.7751966 0.5395809 0.7353905 0.5516375 0.7356911 0.545615 0.7751966 0.5395809 0.7352305 0.5575364 0.7353905 0.5516375 0.7751966 0.5395809 0.7352126 0.5632467 0.7352305 0.5575364 0.7469967 0.5601866 0.7352126 0.5632467 0.7472543 0.5595719 0.7751966 0.5395809 0.7634544 0.5481609 0.7605065 0.5491049 0.7483564 0.5577356 0.7472543 0.5595719 0.7352126 0.5632467 0.7751966 0.5395809 0.7605065 0.5491049 0.7579273 0.5501762 0.7497525 0.555983 0.7483564 0.5577356 0.7352126 0.5632467 0.7751966 0.5395809 0.7579273 0.5501762 0.7555373 0.551414 0.7514274 0.5543335 0.7497525 0.555983 0.7352126 0.5632467 0.7352126 0.5632467 0.7751966 0.5395809 0.7555373 0.551414 0.7533628 0.5528048 0.7514274 0.5543335 0.7352126 0.5632467 0.7352126 0.5632467 0.7555373 0.551414 0.7533628 0.5528048 0.7464583 0.5614718 0.7353374 0.5687062 0.7469967 0.5601866 0.7458163 0.5653787 0.7459094 0.5665148 0.7366008 0.5750753 0.7459772 0.5634145 0.7458163 0.5653787 0.7366008 0.5750753 0.7459772 0.5634145 0.7353374 0.5687062 0.7464583 0.5614718 0.7634544 0.5481609 0.7751966 0.5395809 0.7666833 0.5474101 0.7459772 0.5673429 0.7366008 0.5750753 0.7459094 0.5665148 0.7464583 0.5692856 0.7472008 0.5710579 0.7392244 0.580026 0.7464583 0.5692856 0.7366008 0.5750753 0.7459772 0.5673429 0.7666833 0.5474101 0.7751966 0.5395809 0.768512 0.5470967 0.7483564 0.5730218 0.7500836 0.5751004 0.7436495 0.5842007 0.7483564 0.5730218 0.7392244 0.580026 0.7472008 0.5710579 0.7751966 0.5395809 0.7700193 0.5469037 0.768512 0.5470967 0.7514274 0.576424 0.7436495 0.5842007 0.7500836 0.5751004 0.7514274 0.576424 0.7474846 0.5863484 0.7436495 0.5842007 0.7700193 0.5469037 0.7751966 0.5395809 0.770911 0.5468134 0.7533628 0.5779525 0.7474846 0.5863484 0.7527475 0.5774666 0.7474846 0.5863484 0.7558435 0.5795019 0.7516234 0.5882071 0.7558435 0.5795019 0.7474846 0.5863484 0.7533628 0.5779525 0.770911 0.5468134 0.7751966 0.5395809 0.7717307 0.5467303 0.7579273 0.5805812 0.7516234 0.5882071 0.7558435 0.5795019 0.7579273 0.5805812 0.7560204 0.5897564 0.7516234 0.5882071 0.7751966 0.5395809 0.7724841 0.5466783 0.7717307 0.5467303 0.7605065 0.5816524 0.7606276 0.5909794 0.7560204 0.5897564 0.7560204 0.5897564 0.7593079 0.5811546 0.7605065 0.5816524 0.7724841 0.5466783 0.7751966 0.5395809 0.7738747 0.5466317 0.7661176 0.5832503 0.7653943 0.5918627 0.7606276 0.5909794 0.7661176 0.5832503 0.7606276 0.5909794 0.7630375 0.5824773 0.7653943 0.5918627 0.7669813 0.5833983 0.7690881 0.5837594 0.7690881 0.5837594 0.7702685 0.5923966 0.7653943 0.5918627 0.7702685 0.5923966 0.7721256 0.5840671 0.7751966 0.5925752 0.7721256 0.5840671 0.7751966 0.58417 0.7751966 0.5925752 0.7782678 0.5840671 0.7801248 0.5923966 0.7751966 0.5925752 0.7751966 0.5925752 0.7751966 0.58417 0.7782678 0.5840671 0.7738747 0.5466317 0.7751966 0.5395809 0.7765186 0.5466317 0.7813051 0.5837594 0.7834119 0.5833983 0.784999 0.5918627 0.7801248 0.5923966 0.7813051 0.5837594 0.784999 0.5918627 0.784999 0.5918627 0.7842757 0.5832503 0.7897657 0.5909794 0.7897657 0.5909794 0.7842757 0.5832503 0.7873557 0.5824773 0.7898868 0.5816524 0.7897657 0.5909794 0.7873557 0.5824773 0.7898868 0.5816524 0.7910854 0.5811546 0.7943729 0.5897564 0.7765186 0.5466317 0.7751966 0.5395809 0.7779092 0.5466783 0.7943729 0.5897564 0.792466 0.5805812 0.7987699 0.5882071 0.792466 0.5805812 0.7945498 0.5795019 0.7987699 0.5882071 0.7779092 0.5466783 0.7751966 0.5395809 0.7786626 0.5467303 0.8029087 0.5863484 0.7987699 0.5882071 0.7945498 0.5795019 0.8029087 0.5863484 0.7945498 0.5795019 0.7970305 0.5779525 0.7970305 0.5779525 0.7976458 0.5774666 0.8029087 0.5863484 0.7786626 0.5467303 0.7751966 0.5395809 0.7794822 0.5468134 0.8029087 0.5863484 0.7989658 0.576424 0.8067438 0.5842007 0.7989658 0.576424 0.8003097 0.5751004 0.8067438 0.5842007 0.7794822 0.5468134 0.7751966 0.5395809 0.780374 0.5469037 0.8067438 0.5842007 0.8003097 0.5751004 0.802037 0.5730218 0.802037 0.5730218 0.8111688 0.580026 0.8067438 0.5842007 0.7813051 0.546998 0.780374 0.5469037 0.7751966 0.5395809 0.7813051 0.546998 0.7751966 0.5395809 0.7818813 0.5470967 0.804416 0.5673429 0.8137925 0.5750753 0.8111688 0.580026 0.8111688 0.580026 0.8031925 0.5710579 0.8039349 0.5692856 0.8111688 0.580026 0.8039349 0.5692856 0.804416 0.5673429 0.7818813 0.5470967 0.7751966 0.5395809 0.78371 0.5474101 0.8039349 0.5614718 0.8158811 0.5687118 0.8137925 0.5750753 0.8137925 0.5750753 0.8044839 0.5665148 0.804577 0.5653787 0.8137925 0.5750753 0.804577 0.5653787 0.804416 0.5634145 0.804416 0.5634145 0.8039349 0.5614718 0.8137925 0.5750753 0.787338 0.5482743 0.78371 0.5474101 0.7751966 0.5395809 0.8161876 0.5632249 0.8158811 0.5687118 0.8031488 0.5595951 0.7898868 0.5491049 0.787338 0.5482743 0.7751966 0.5395809 0.792466 0.5501762 0.7898868 0.5491049 0.7751966 0.5395809 0.8161876 0.5632249 0.8031488 0.5595951 0.802037 0.5577356 0.7948559 0.551414 0.792466 0.5501762 0.7751966 0.5395809 0.8161876 0.5632249 0.802037 0.5577356 0.8006408 0.555983 0.7948559 0.551414 0.7751966 0.5395809 0.8161876 0.5632249 0.8161876 0.5632249 0.8006408 0.555983 0.7989658 0.5543335 0.7970305 0.5528048 0.7948559 0.551414 0.8161876 0.5632249 0.7989658 0.5543335 0.7970305 0.5528048 0.8161876 0.5632249 0.7751966 0.5395809 0.8162808 0.5574954 0.8161876 0.5632249 0.7751966 0.5395809 0.8161598 0.5515858 0.8162808 0.5574954 0.7751966 0.5395809 0.8158259 0.545561 0.8161598 0.5515858 0.7751966 0.5395809 0.8152827 0.5394871 0.8158259 0.545561 0.8145363 0.6678058 0.7751966 0.6616553 0.8152827 0.6617491 0.8135947 0.6737788 0.7751966 0.6616553 0.8145363 0.6678058 0.7827897 0.6650353 0.7816464 0.664761 0.7751966 0.6616553 0.8135947 0.6737788 0.791489 0.6695005 0.7896395 0.6681598 0.8135947 0.6737788 0.7896395 0.6681598 0.7874825 0.6669058 0.7851909 0.6658604 0.7751966 0.6616553 0.8135947 0.6737788 0.8135947 0.6737788 0.7874825 0.6669058 0.7851909 0.6658604 0.7803054 0.6644393 0.7792108 0.6642842 0.7751966 0.6616553 0.7751966 0.6616553 0.7816464 0.664761 0.7803054 0.6644393 0.8124683 0.6796027 0.7970516 0.6759679 0.7964764 0.6749574 0.793457 0.6712369 0.791489 0.6695005 0.8124683 0.6796027 0.8124683 0.6796027 0.7964764 0.6749574 0.7950756 0.6730263 0.8124683 0.6796027 0.7950756 0.6730263 0.793457 0.6712369 0.7777651 0.6640791 0.7768828 0.6640378 0.7751966 0.6616553 0.7751966 0.6616553 0.7792108 0.6642842 0.7777651 0.6640791 0.8048802 0.7035959 0.7982106 0.6941722 0.7986835 0.6934801 0.7976441 0.677009 0.7970516 0.6759679 0.8111695 0.6852136 0.7985658 0.6791586 0.7976441 0.677009 0.8111695 0.6852136 0.7992315 0.6813826 0.7985658 0.6791586 0.8111695 0.6852136 0.8048802 0.7035959 0.7990767 0.6925069 0.8111695 0.6852136 0.7996338 0.6836568 0.7992315 0.6813826 0.8111695 0.6852136 0.8111695 0.6852136 0.7990767 0.6925069 0.7992082 0.6915227 0.8111695 0.6852136 0.7992082 0.6915227 0.7996338 0.6836568 0.7761201 0.664002 0.7751966 0.6616553 0.7768828 0.6640378 0.8029262 0.7062244 0.796476 0.6958571 0.7971323 0.695352 0.8048802 0.7035959 0.7971323 0.695352 0.7982106 0.6941722 0.8006684 0.7086601 0.796476 0.6958571 0.8029262 0.7062244 0.796476 0.6958571 0.8006684 0.7086601 0.7944308 0.6971493 0.7981315 0.7108762 0.7922022 0.6981512 0.7930407 0.6978224 0.7930407 0.6978224 0.8006684 0.7086601 0.7981315 0.7108762 0.7953433 0.7128486 0.7898774 0.6983336 0.7912635 0.6985192 0.7912635 0.6985192 0.7981315 0.7108762 0.7953433 0.7128486 0.7923344 0.7145556 0.7898774 0.6983336 0.7953433 0.7128486 0.7923344 0.7145556 0.7874903 0.6979649 0.7898774 0.6983336 0.7891378 0.7159785 0.7874903 0.6979649 0.7923344 0.7145556 0.7891378 0.7159785 0.7850637 0.6966858 0.7874903 0.6979649 0.7857884 0.7171016 0.7826166 0.6950696 0.7850637 0.6966858 0.7857884 0.7171016 0.7850637 0.6966858 0.7891378 0.7159785 0.7823509 0.7005242 0.7823117 0.7012493 0.7813585 0.6970749 0.7813585 0.6970749 0.7819924 0.6983833 0.7823509 0.7005242 0.3792143 0.6115553 0.3793314 0.6122725 0.3783782 0.6164469 0.7819924 0.6983833 0.7823117 0.6997991 0.7823509 0.7005242 0.7857884 0.7171016 0.7821946 0.7019665 0.7823117 0.7012493 0.7813585 0.6970749 0.7801469 0.6926006 0.7826166 0.6950696 0.7857884 0.7171016 0.7823117 0.7012493 0.7823509 0.7005242 0.7817053 0.6977145 0.7813585 0.6970749 0.7826166 0.6950696 0.7857884 0.7171016 0.7823509 0.7005242 0.7823117 0.6997991 0.7819924 0.6983833 0.7817053 0.6977145 0.7826166 0.6950696 0.7826166 0.6950696 0.7823117 0.6997991 0.7821946 0.699082 0.7826166 0.6950696 0.7821946 0.699082 0.7819924 0.6983833 0.7813925 0.7039926 0.7804566 0.6959322 0.7809458 0.6964743 0.7817324 0.7033457 0.7821946 0.7019665 0.7820008 0.7026678 0.7809458 0.6964743 0.7817324 0.7033457 0.7813925 0.7039926 0.7801469 0.6926006 0.7813585 0.6970749 0.7809458 0.6964743 0.7801469 0.6926006 0.7809458 0.6964743 0.7804566 0.6959322 0.7821946 0.7019665 0.7857884 0.7171016 0.782323 0.7179128 0.782323 0.7179128 0.7809846 0.7046015 0.7813925 0.7039926 0.782323 0.7179128 0.7813925 0.7039926 0.7817324 0.7033457 0.782323 0.7179128 0.7817324 0.7033457 0.7820008 0.7026678 0.782323 0.7179128 0.7820008 0.7026678 0.7821946 0.7019665 0.7799141 0.6954443 0.7801469 0.6926006 0.7804566 0.6959322 0.7799838 0.7056792 0.782323 0.7179128 0.7787794 0.7184031 0.7787794 0.7184031 0.7794018 0.7061362 0.7799838 0.7056792 0.782323 0.7179128 0.7805133 0.7051658 0.7809846 0.7046015 0.7799838 0.7056792 0.7799141 0.6954443 0.7804566 0.6959322 0.7805133 0.7051658 0.7799838 0.7056792 0.7804566 0.6959322 0.7804566 0.6959322 0.7809846 0.7046015 0.7805133 0.7051658 0.3787838 0.6448886 0.3773341 0.6325328 0.3780301 0.6327323 0.3787009 0.6330131 0.3793314 0.6333766 0.3787838 0.6448886 0.7793214 0.6950196 0.7799141 0.6954443 0.7794018 0.7061362 0.7793214 0.6950196 0.7794018 0.7061362 0.7787738 0.7065316 0.3787838 0.6448886 0.3780301 0.6327323 0.3787009 0.6330131 0.7780202 0.6943753 0.7773241 0.6941757 0.7776735 0.6921125 0.7793214 0.6950196 0.7801469 0.6926006 0.7799141 0.6954443 0.7786909 0.6946561 0.7780202 0.6943753 0.7776735 0.6921125 0.7801469 0.6926006 0.7786909 0.6946561 0.7776735 0.6921125 0.7787794 0.7184031 0.7787738 0.7065316 0.7794018 0.7061362 0.7742731 0.664002 0.7751966 0.6616553 0.7761201 0.664002 0.7766841 0.7073094 0.7787794 0.7184031 0.7751966 0.7185671 0.7751966 0.7185671 0.7759445 0.7074229 0.7766841 0.7073094 0.7781066 0.7068612 0.7787738 0.7065316 0.7787794 0.7184031 0.7787794 0.7184031 0.7774074 0.7071214 0.7781066 0.7068612 0.3823398 0.3026691 0.3830795 0.3027827 0.3837195 0.3159162 0.7773241 0.6941757 0.7787738 0.7065316 0.7781066 0.7068612 0.3830795 0.3027827 0.3838028 0.3029705 0.3837195 0.3159162 0.3845019 0.3032308 0.3837195 0.3159162 0.3838028 0.3029705 0.7759088 0.6939545 0.7751966 0.6939321 0.7751966 0.6919494 0.7766191 0.6940357 0.7759088 0.6939545 0.7751966 0.6919494 0.7766191 0.6940357 0.7776735 0.6921125 0.7773241 0.6941757 0.7751966 0.7185671 0.7751966 0.7074609 0.7759445 0.7074229 0.7759445 0.7074229 0.7751966 0.6939321 0.7759088 0.6939545 0.7759445 0.7074229 0.7766191 0.6940357 0.7773241 0.6941757 0.7759088 0.6939545 0.7766191 0.6940357 0.7759445 0.7074229 0.7722867 0.7068612 0.7716138 0.7184031 0.7716195 0.7065316 0.7729858 0.7071214 0.7716138 0.7184031 0.7722867 0.7068612 0.7716138 0.7184031 0.7737092 0.7073094 0.7751966 0.7185671 0.7751966 0.6919494 0.7744845 0.6939545 0.7727198 0.6921125 0.7727198 0.6921125 0.7744845 0.6939545 0.7737742 0.6940357 0.7730692 0.6941757 0.7723731 0.6943753 0.7727198 0.6921125 0.7737742 0.6940357 0.7730692 0.6941757 0.7727198 0.6921125 0.7744488 0.7074229 0.7751966 0.7074609 0.7751966 0.7185671 0.7744488 0.7074229 0.7751966 0.7185671 0.7737092 0.7073094 0.7704095 0.7056792 0.7709915 0.7061362 0.7716138 0.7184031 0.7698799 0.7051658 0.7680703 0.7179128 0.7694087 0.7046015 0.7680703 0.7179128 0.7704095 0.7056792 0.7716138 0.7184031 0.7727198 0.6921125 0.7723731 0.6943753 0.7717024 0.6946561 0.7710718 0.6950196 0.7704792 0.6954443 0.7702464 0.6926006 0.7717024 0.6946561 0.7702464 0.6926006 0.7727198 0.6921125 0.7709915 0.7061362 0.7716195 0.7065316 0.7716138 0.7184031 0.7677767 0.6934265 0.7702464 0.6926006 0.7690094 0.6970607 0.7680816 0.7012493 0.7681987 0.7019665 0.7646049 0.7171016 0.7680423 0.7005242 0.7680816 0.7012493 0.7646049 0.7171016 0.7680816 0.6997991 0.7680423 0.7005242 0.7646049 0.7171016 0.7677767 0.6934265 0.7690094 0.6970607 0.7686609 0.6977028 0.7677767 0.6934265 0.7686609 0.6977028 0.7683925 0.6983807 0.7680816 0.6997991 0.7677767 0.6934265 0.7681987 0.699082 0.7683925 0.6983807 0.7681987 0.699082 0.7677767 0.6934265 0.7694475 0.6964743 0.7690094 0.6970607 0.7702464 0.6926006 0.7704792 0.6954443 0.7694475 0.6964743 0.7702464 0.6926006 0.7690008 0.7039926 0.7694087 0.7046015 0.7680703 0.7179128 0.7686609 0.7033457 0.7690008 0.7039926 0.7680703 0.7179128 0.7683925 0.7026678 0.7646049 0.7171016 0.7681987 0.7019665 0.7683925 0.7026678 0.7686609 0.7033457 0.7680703 0.7179128 0.7653295 0.6946964 0.7677767 0.6934265 0.7646049 0.7171016 0.7646049 0.7171016 0.7612555 0.7159785 0.7653295 0.6946964 0.7612555 0.7159785 0.7580588 0.7145556 0.762903 0.6961852 0.762903 0.6961852 0.7653295 0.6946964 0.7612555 0.7159785 0.7580588 0.7145556 0.7550499 0.7128486 0.7605159 0.6973214 0.7605159 0.6973214 0.762903 0.6961852 0.7580588 0.7145556 0.7735104 0.6640378 0.7751966 0.6616553 0.7742731 0.664002 0.7591298 0.6978935 0.7605159 0.6973214 0.7550499 0.7128486 0.7522618 0.7108762 0.7591298 0.6978935 0.7550499 0.7128486 0.7573525 0.6978224 0.7581911 0.6981512 0.7522618 0.7108762 0.7497249 0.7086601 0.7573525 0.6978224 0.7522618 0.7108762 0.7497249 0.7086601 0.7474671 0.7062244 0.7539173 0.6958571 0.7497249 0.7086601 0.7539173 0.6958571 0.7559625 0.6971493 0.753261 0.695352 0.7539173 0.6958571 0.7474671 0.7062244 0.745513 0.7035959 0.753261 0.695352 0.7474671 0.7062244 0.7751966 0.6616553 0.7735104 0.6640378 0.7726282 0.6640791 0.7726282 0.6640791 0.7711832 0.6642841 0.7751966 0.6616553 0.7517098 0.6934801 0.7521827 0.6941722 0.745513 0.7035959 0.7391357 0.6852749 0.7533398 0.6759713 0.7527492 0.677009 0.7391357 0.6852749 0.7527492 0.677009 0.7518275 0.6791586 0.7391357 0.6852749 0.7518275 0.6791586 0.7511618 0.6813826 0.7513166 0.6925069 0.745513 0.7035959 0.7391357 0.6852749 0.7391357 0.6852749 0.7511618 0.6813826 0.7507595 0.6836568 0.7511851 0.6915227 0.7513166 0.6925069 0.7391357 0.6852749 0.7507595 0.6836568 0.7511851 0.6915227 0.7391357 0.6852749 0.7751966 0.6616553 0.7711832 0.6642841 0.7700879 0.6644393 0.7700879 0.6644393 0.7688602 0.6647338 0.7751966 0.6616553 0.7569363 0.6712369 0.7382109 0.6796248 0.7586702 0.6696847 0.7539169 0.6749574 0.7533398 0.6759713 0.7391357 0.6852749 0.7553176 0.6730263 0.7382109 0.6796248 0.7569363 0.6712369 0.7382109 0.6796248 0.7539169 0.6749574 0.7391357 0.6852749 0.7586702 0.6696847 0.7382109 0.6796248 0.7373958 0.6737695 0.7751966 0.6616553 0.7688602 0.6647338 0.7676035 0.6650353 0.7652024 0.6658604 0.7751966 0.6616553 0.7676035 0.6650353 0.7607537 0.6681598 0.7586702 0.6696847 0.7373958 0.6737695 0.7629107 0.6669058 0.7607537 0.6681598 0.7373958 0.6737695 0.7652024 0.6658604 0.7629107 0.6669058 0.7373958 0.6737695 0.7366994 0.6677733 0.7751966 0.6616553 0.7373958 0.6737695 0.736129 0.6617017 0.7751966 0.6616553 0.7366994 0.6677733 0.7356911 0.6556212 0.7751966 0.6616553 0.736129 0.6617017 0.7353905 0.6495986 0.7751966 0.6616553 0.7356911 0.6556212 0.7352305 0.6436998 0.7751966 0.6616553 0.7353905 0.6495986 0.7352126 0.6379894 0.7751966 0.6616553 0.7352305 0.6436998 0.7352126 0.6379894 0.7469967 0.6410495 0.7472543 0.6416643 0.7605065 0.6521313 0.7634544 0.6530752 0.7751966 0.6616553 0.7352126 0.6379894 0.7472543 0.6416643 0.7483564 0.6435006 0.7579273 0.65106 0.7605065 0.6521313 0.7751966 0.6616553 0.7352126 0.6379894 0.7483564 0.6435006 0.7497525 0.6452531 0.7555373 0.6498222 0.7579273 0.65106 0.7751966 0.6616553 0.7352126 0.6379894 0.7497525 0.6452531 0.7514274 0.6469027 0.7555373 0.6498222 0.7751966 0.6616553 0.7352126 0.6379894 0.7352126 0.6379894 0.7514274 0.6469027 0.7533628 0.6484313 0.7533628 0.6484313 0.7555373 0.6498222 0.7352126 0.6379894 0.7464583 0.6397644 0.7353374 0.63253 0.7366008 0.6261608 0.7366008 0.6261608 0.7459094 0.6347214 0.7458163 0.6358575 0.7366008 0.6261608 0.7458163 0.6358575 0.7459772 0.6378217 0.7459772 0.6378217 0.7464583 0.6397644 0.7366008 0.6261608 0.7666833 0.653826 0.7751966 0.6616553 0.7634544 0.6530752 0.7472008 0.6301783 0.7366008 0.6261608 0.7392244 0.6212102 0.7366008 0.6261608 0.7464583 0.6319506 0.7459772 0.6338933 0.7459772 0.6338933 0.7459094 0.6347214 0.7366008 0.6261608 0.768512 0.6541394 0.7751966 0.6616553 0.7666833 0.653826 0.7436495 0.6170355 0.7500836 0.6261358 0.7483564 0.6282144 0.7483564 0.6282144 0.7392244 0.6212102 0.7436495 0.6170355 0.768512 0.6541394 0.7700193 0.6543325 0.7751966 0.6616553 0.7474846 0.6148878 0.7514274 0.6248123 0.7436495 0.6170355 0.7514274 0.6248123 0.7500836 0.6261358 0.7436495 0.6170355 0.770911 0.6544228 0.7751966 0.6616553 0.7700193 0.6543325 0.7558435 0.6217343 0.7474846 0.6148878 0.7516234 0.6130291 0.7474846 0.6148878 0.7558435 0.6217343 0.7533628 0.6232836 0.7533628 0.6232836 0.7527475 0.6237696 0.7474846 0.6148878 0.7717307 0.6545059 0.7751966 0.6616553 0.770911 0.6544228 0.7560204 0.6114798 0.7579273 0.620655 0.7516234 0.6130291 0.7579273 0.620655 0.7558435 0.6217343 0.7516234 0.6130291 0.7717307 0.6545059 0.7724841 0.6545579 0.7751966 0.6616553 0.7605065 0.6195837 0.7606276 0.6102567 0.7630375 0.6187589 0.7605065 0.6195837 0.7593079 0.6200816 0.7560204 0.6114798 0.7731916 0.6545816 0.7751966 0.6616553 0.7724841 0.6545579 0.7661176 0.6179859 0.7653943 0.6093735 0.7669813 0.6178379 0.7606276 0.6102567 0.7661176 0.6179859 0.7630375 0.6187589 0.7690881 0.6174768 0.7669813 0.6178379 0.7653943 0.6093735 0.7702685 0.6088396 0.7690881 0.6174768 0.7653943 0.6093735 0.7745409 0.6546268 0.7751966 0.6616553 0.7731916 0.6545816 0.7721256 0.6171692 0.7702685 0.6088396 0.7751966 0.608661 0.7751966 0.608661 0.7751966 0.6170662 0.7721256 0.6171692 0.7801248 0.6088396 0.7782678 0.6171692 0.7751966 0.608661 0.7782678 0.6171692 0.7751966 0.6170662 0.7751966 0.608661 0.7772017 0.6545816 0.7751966 0.6616553 0.7745409 0.6546268 0.784999 0.6093735 0.7834119 0.6178379 0.7813051 0.6174768 0.7813051 0.6174768 0.7801248 0.6088396 0.784999 0.6093735 0.7842757 0.6179859 0.784999 0.6093735 0.7897657 0.6102567 0.7842757 0.6179859 0.7897657 0.6102567 0.7873557 0.6187589 0.7898868 0.6195837 0.7897657 0.6102567 0.7943729 0.6114798 0.7943729 0.6114798 0.7910854 0.6200816 0.7898868 0.6195837 0.7779092 0.6545579 0.7751966 0.6616553 0.7772017 0.6545816 0.792466 0.620655 0.7987699 0.6130291 0.7945498 0.6217343 0.792466 0.620655 0.7943729 0.6114798 0.7987699 0.6130291 0.7786626 0.6545059 0.7751966 0.6616553 0.7779092 0.6545579 0.7970305 0.6232836 0.8029087 0.6148878 0.7976458 0.6237696 0.7987699 0.6130291 0.8029087 0.6148878 0.7945498 0.6217343 0.7945498 0.6217343 0.8029087 0.6148878 0.7970305 0.6232836 0.7794822 0.6544228 0.7751966 0.6616553 0.7786626 0.6545059 0.7989658 0.6248123 0.8067438 0.6170355 0.8003097 0.6261358 0.7989658 0.6248123 0.8029087 0.6148878 0.8067438 0.6170355 0.780374 0.6543325 0.7751966 0.6616553 0.7794822 0.6544228 0.8006408 0.6264618 0.8003097 0.6261358 0.8067438 0.6170355 0.802037 0.6282144 0.8006408 0.6264618 0.8067438 0.6170355 0.802037 0.6282144 0.8111688 0.6212102 0.8031925 0.6301783 0.7751966 0.6616553 0.780374 0.6543325 0.7813051 0.6542382 0.804416 0.6338933 0.8137925 0.6261608 0.8044839 0.6347214 0.8039349 0.6319506 0.8031925 0.6301783 0.8111688 0.6212102 0.8137925 0.6261608 0.8039349 0.6319506 0.8111688 0.6212102 0.78371 0.653826 0.7751966 0.6616553 0.7813051 0.6542382 0.8039349 0.6397644 0.8158811 0.6325244 0.8031488 0.6416411 0.804577 0.6358575 0.8044839 0.6347214 0.8137925 0.6261608 0.804416 0.6378217 0.804577 0.6358575 0.8137925 0.6261608 0.804416 0.6378217 0.8158811 0.6325244 0.8039349 0.6397644 0.7751966 0.6616553 0.78371 0.653826 0.787338 0.6529619 0.8031488 0.6416411 0.8158811 0.6325244 0.8161876 0.6380112 0.7751966 0.6616553 0.787338 0.6529619 0.7898868 0.6521313 0.7751966 0.6616553 0.7898868 0.6521313 0.792466 0.65106 0.802037 0.6435006 0.8031488 0.6416411 0.8161876 0.6380112 0.7751966 0.6616553 0.792466 0.65106 0.7948559 0.6498222 0.8006408 0.6452531 0.802037 0.6435006 0.8161876 0.6380112 0.8161876 0.6380112 0.7751966 0.6616553 0.7948559 0.6498222 0.7989658 0.6469027 0.8006408 0.6452531 0.8161876 0.6380112 0.8161876 0.6380112 0.7948559 0.6498222 0.7970305 0.6484313 0.8161876 0.6380112 0.7970305 0.6484313 0.7989658 0.6469027 0.8162808 0.6437408 0.7751966 0.6616553 0.8161876 0.6380112 0.8161598 0.6496503 0.7751966 0.6616553 0.8162808 0.6437408 0.8158259 0.6556751 0.7751966 0.6616553 0.8161598 0.6496503 0.8152827 0.6617491 0.7751966 0.6616553 0.8158259 0.6556751 0.7813288 0.4461955 0.7883431 0.4454658 0.7820965 0.4479851 0.7875755 0.4436762 0.7945035 0.4429814 0.7883431 0.4454658 0.7945035 0.4429814 0.7997424 0.4387695 0.8005101 0.440559 0.8005101 0.440559 0.8055293 0.4364356 0.806297 0.4382252 0.806297 0.4382252 0.8244881 0.4287897 0.8252558 0.4305793 0.8252558 0.4305793 0.8271991 0.4276964 0.8279668 0.4294859 0.8279668 0.4294859 0.8297111 0.4266833 0.8304788 0.4284729 0.8304788 0.4284729 0.8319968 0.4257615 0.8327645 0.427551 0.8434251 0.5685861 0.8462132 0.5659761 0.8462132 0.5677657 0.8462132 0.5659761 0.8492221 0.5670557 0.8462132 0.5677657 0.8492221 0.5652661 0.8524188 0.5664638 0.8492221 0.5670557 0.8524188 0.5664638 0.8557682 0.5642071 0.8557682 0.5659967 0.8557682 0.5659967 0.8592337 0.5638697 0.8592337 0.5656592 0.8592337 0.5656592 0.8627772 0.5636658 0.8627772 0.5654553 0.8627772 0.5654553 0.86636 0.5635976 0.86636 0.5653871 0.86636 0.5635976 0.8699427 0.5654553 0.86636 0.5653871 0.8734863 0.5638697 0.8769517 0.5659967 0.8734863 0.5656592 0.8699427 0.5636658 0.8734863 0.5656592 0.8699427 0.5654553 0.8803011 0.5646743 0.8834978 0.5670557 0.8803011 0.5664638 0.8769517 0.5642071 0.8803011 0.5664638 0.8769517 0.5659967 0.8865067 0.5659761 0.8892949 0.5685861 0.8865067 0.5677657 0.8834978 0.5670557 0.8865067 0.5659761 0.8865067 0.5677657 0.2652723 0.2361425 0.2670167 0.2389451 0.2645047 0.237932 0.2629867 0.2352207 0.2645047 0.237932 0.262219 0.2370102 0.2704954 0.2382489 0.2886233 0.2476589 0.2697277 0.2400385 0.2677844 0.2371556 0.2697277 0.2400385 0.2670167 0.2389451 0.2944506 0.2500091 0.3012572 0.2506549 0.3004896 0.2524445 0.2886233 0.2476589 0.2952183 0.2482194 0.2944506 0.2500091 0.3066739 0.2549386 0.3137036 0.2556745 0.312936 0.2574639 0.3004896 0.2524445 0.3074416 0.253149 0.3066739 0.2549386 0.3199748 0.2582035 0.3254186 0.2624981 0.3192071 0.2599931 0.3137036 0.2556745 0.3192071 0.2599931 0.312936 0.2574639 0.3381596 0.2655373 0.3430225 0.2695977 0.3373919 0.2673268 0.3430225 0.2695977 0.3503592 0.2704573 0.3495915 0.2722468 0.3261863 0.2607086 0.3315024 0.2649517 0.3254186 0.2624981 0.3322701 0.2631621 0.3373919 0.2673268 0.3315024 0.2649517 0.8178623 0.1454483 0.8216974 0.1445521 0.8216974 0.1463415 0.8216974 0.1463415 0.8258362 0.1453251 0.8258362 0.1471147 0.3495915 0.2722468 0.3554652 0.2725165 0.3546975 0.2743061 0.3546975 0.2743061 0.3597708 0.2742529 0.3590031 0.2760425 0.8258362 0.1471147 0.8302332 0.1459696 0.8302332 0.147759 0.8302332 0.147759 0.8348404 0.1464782 0.8348404 0.1482678 0.8348404 0.1482678 0.8396071 0.1468456 0.8396071 0.1486352 0.8396071 0.1486352 0.8444813 0.1470677 0.8444813 0.1488572 0.8444813 0.1470677 0.8494095 0.1489316 0.8444813 0.1488572 0.8494095 0.147142 0.8543376 0.1488572 0.8494095 0.1489316 0.8543376 0.1470677 0.8592118 0.1486352 0.8543376 0.1488572 0.8592118 0.1468456 0.8639785 0.1482678 0.8592118 0.1486352 0.8639785 0.1464782 0.8685857 0.147759 0.8639785 0.1482678 0.8685857 0.1459696 0.8729827 0.1471147 0.8685857 0.147759 0.8729827 0.1453251 0.8771215 0.1463415 0.8729827 0.1471147 0.8771215 0.1445521 0.8809566 0.1454483 0.8771215 0.1463415 0.7352126 0.4647937 0.7402859 0.4648469 0.7359803 0.4665833 0.7395183 0.4630573 0.745392 0.4627876 0.7402859 0.4648469 0.7446243 0.4609981 0.7519552 0.4601407 0.745392 0.4627876 0.7511875 0.4583511 0.7576141 0.4578586 0.7519552 0.4601407 0.7568464 0.456069 0.7635233 0.4554753 0.7576141 0.4578586 0.7627556 0.4536859 0.7696182 0.4530174 0.7635233 0.4554753 0.7696182 0.4530174 0.7750643 0.4487219 0.775832 0.4505115 0.7750643 0.4487219 0.7820965 0.4479851 0.775832 0.4505115 0.2900756 0.183306 0.2913337 0.1859127 0.2893079 0.1850956 0.2873042 0.1842876 0.2900756 0.183306 0.2893079 0.1850956 0.2873042 0.1842876 0.2861365 0.1817175 0.2880719 0.182498 0.2873042 0.1842876 0.2853688 0.183507 0.2861365 0.1817175 0.2842186 0.180944 0.2853688 0.183507 0.2834509 0.1827336 0.2816434 0.1820046 0.2842186 0.180944 0.2834509 0.1827336 0.2807098 0.1795289 0.2816434 0.1820046 0.279942 0.1813185 0.8892949 0.6323335 0.8873595 0.6299082 0.8892949 0.630544 0.8873595 0.6316977 0.885185 0.6293297 0.8873595 0.6299082 0.885185 0.6293297 0.882795 0.6306044 0.882795 0.6288148 0.882795 0.6306044 0.8802158 0.6283692 0.882795 0.6288148 0.8802158 0.6301588 0.877667 0.6280238 0.8802158 0.6283692 0.8802158 0.6301588 0.877667 0.6298133 0.877667 0.6280238 0.877667 0.6280238 0.874039 0.6294538 0.874039 0.6276643 0.8722103 0.627534 0.8716342 0.6292824 0.8716342 0.6274929 0.8716342 0.6292824 0.8722103 0.627534 0.874039 0.6276643 0.874039 0.6276643 0.874039 0.6294538 0.8716342 0.6292824 0.8689916 0.6291711 0.8682382 0.6273599 0.8689916 0.6273816 0.8716342 0.6292824 0.870703 0.6274536 0.8716342 0.6274929 0.8689916 0.6273816 0.8698112 0.6292057 0.8689916 0.6291711 0.870703 0.6292432 0.870703 0.6274536 0.8716342 0.6292824 0.8698112 0.6274161 0.8698112 0.6292057 0.8689916 0.6273816 0.8668476 0.6273405 0.8648698 0.6291208 0.8642037 0.6273405 0.8675307 0.6291396 0.8648698 0.6291208 0.8668476 0.6273405 0.8668476 0.6273405 0.8682382 0.6273599 0.8682382 0.6291494 0.8668476 0.6273405 0.8682382 0.6291494 0.8675307 0.6291396 0.8628131 0.6273599 0.8620597 0.6291711 0.8620597 0.6273816 0.8620597 0.6291711 0.8628131 0.6273599 0.8642037 0.6273405 0.8628131 0.6291494 0.8620597 0.6291711 0.8642037 0.6273405 0.8642037 0.6273405 0.8648698 0.6291208 0.8635206 0.6291396 0.8628131 0.6291494 0.8642037 0.6273405 0.8635206 0.6291396 0.858841 0.6293235 0.8570123 0.6294538 0.858841 0.627534 0.858841 0.627534 0.8570123 0.6294538 0.8570123 0.6276643 0.8603483 0.6274536 0.8620597 0.6291711 0.8612401 0.6292057 0.8620597 0.6291711 0.8612401 0.6274161 0.8620597 0.6273816 0.8603483 0.6274536 0.858841 0.6293235 0.858841 0.627534 0.8603483 0.6274536 0.8612401 0.6292057 0.8603483 0.6292432 0.8620597 0.6291711 0.8603483 0.6274536 0.8612401 0.6274161 0.8537834 0.6279766 0.8508355 0.6301588 0.8508355 0.6283692 0.8537834 0.6279766 0.8570123 0.6294538 0.8537834 0.6297662 0.8482563 0.6306044 0.8458664 0.6293297 0.8482563 0.6288148 0.8508355 0.6301588 0.8482563 0.6288148 0.8508355 0.6283692 0.8436918 0.6316977 0.8417565 0.630544 0.8436918 0.6299082 0.8458664 0.6293297 0.8436918 0.6316977 0.8436918 0.6299082 0.8660633 0.5165529 0.8686385 0.5176135 0.866831 0.5183425 0.8400815 0.6312301 0.8417565 0.6323335 0.8400815 0.6330197 0.8649371 0.5191063 0.8635354 0.5175725 0.8641695 0.5173167 0.8635354 0.5175725 0.8629776 0.5198965 0.86221 0.518107 0.8649371 0.5191063 0.8660633 0.5165529 0.866831 0.5183425 0.8581805 0.519732 0.860974 0.5207046 0.8589482 0.5215216 0.8602063 0.518915 0.8629776 0.5198965 0.860974 0.5207046 0.854151 0.5213571 0.8569223 0.5223386 0.8549187 0.5231466 0.8589482 0.5215216 0.8570088 0.5202046 0.8581805 0.519732 0.8561546 0.520549 0.8577765 0.5219941 0.8569223 0.5223386 0.8577765 0.5219941 0.8570088 0.5202046 0.8589482 0.5215216 0.8481538 0.5237757 0.8510653 0.5247007 0.8489215 0.5255652 0.8489215 0.5255652 0.8475565 0.5261157 0.8481538 0.5237757 0.8467888 0.5243262 0.8481538 0.5237757 0.8475565 0.5261157 0.8549187 0.5231466 0.8523231 0.5220943 0.854151 0.5213571 0.8530908 0.5238838 0.8523231 0.5220943 0.8549187 0.5231466 0.8502976 0.5229111 0.8530908 0.5238838 0.8510653 0.5247007 0.8848788 0.5877417 0.882795 0.5864011 0.8848788 0.5859521 0.8814144 0.5866395 0.882795 0.5881906 0.8814144 0.5884291 0.8814144 0.5866395 0.8802158 0.5886362 0.8802158 0.5868466 0.8873595 0.5870972 0.8879747 0.5851055 0.8879747 0.5868951 0.8892949 0.5846719 0.8879747 0.5868951 0.8879747 0.5851055 0.8848788 0.5859521 0.8873595 0.5870972 0.8848788 0.5877417 0.8802158 0.5868466 0.8776847 0.5889793 0.8776847 0.5871897 0.8746047 0.5893008 0.8776847 0.5871897 0.8776847 0.5889793 0.873741 0.5893623 0.8716342 0.587723 0.873741 0.5875728 0.873741 0.5875728 0.8746047 0.5893008 0.873741 0.5893623 0.8696665 0.5895954 0.8716342 0.587723 0.8716342 0.5895125 0.8685967 0.5878509 0.8696665 0.5895954 0.8685967 0.5896405 0.8655257 0.5878938 0.8685967 0.5896405 0.8655257 0.5896833 0.8624545 0.5896405 0.8655257 0.5878938 0.8655257 0.5896833 0.8613848 0.5895954 0.8624545 0.5878509 0.8624545 0.5896405 0.8594172 0.587723 0.8613848 0.5895954 0.8594172 0.5895125 0.8573104 0.5893623 0.8594172 0.587723 0.8594172 0.5895125 0.8573104 0.5875728 0.8564466 0.5893008 0.8564466 0.5875113 0.8533666 0.5871897 0.8564466 0.5893008 0.8533666 0.5889793 0.8508355 0.5868466 0.8533666 0.5889793 0.8508355 0.5886362 0.8496369 0.5866395 0.8508355 0.5868466 0.8508355 0.5886362 0.8482563 0.5864011 0.8496369 0.5884291 0.8482563 0.5881906 0.8496369 0.5884291 0.8496369 0.5866395 0.8508355 0.5886362 0.8461725 0.5877417 0.8482563 0.5864011 0.8482563 0.5881906 0.8436918 0.5870972 0.8461725 0.5859521 0.8461725 0.5877417 0.8430765 0.5851055 0.8436918 0.5853077 0.8436918 0.5870972 0.8417565 0.5846719 0.8430765 0.5868951 0.8417565 0.5864614 0.8430765 0.5868951 0.8430765 0.5851055 0.8436918 0.5870972 0.3027254 0.1905068 0.3021281 0.1881667 0.3034931 0.1887172 0.3021281 0.1881667 0.3013604 0.1899563 0.3010241 0.1898207 0.3013604 0.1899563 0.3021281 0.1881667 0.3027254 0.1905068 0.2999843 0.1873022 0.3010241 0.1898207 0.2992166 0.1890918 0.2971911 0.1882748 0.2999843 0.1873022 0.2992166 0.1890918 0.2971911 0.1882748 0.2953632 0.1875377 0.2979587 0.1864852 0.2953632 0.1875377 0.2961309 0.1857482 0.2979587 0.1864852 0.2933596 0.1867296 0.2961309 0.1857482 0.2953632 0.1875377 0.2925055 0.1863852 0.2932732 0.1845957 0.2941272 0.18494 0.2913337 0.1859127 0.2921014 0.1841231 0.2932732 0.1845957 0.2941272 0.18494 0.2933596 0.1867296 0.2925055 0.1863852 0.8552596 0.6557596 0.8626046 0.6506983 0.8633723 0.6524878 0.8529141 0.6567055 0.8544919 0.65397 0.8552596 0.6557596 0.8506203 0.6576306 0.8521464 0.6549159 0.8529141 0.6567055 0.8476356 0.6567351 0.8506203 0.6576306 0.8484033 0.6585247 0.8484033 0.6585247 0.8465654 0.6571667 0.8476356 0.6567351 0.8465654 0.6571667 0.8462874 0.659378 0.8455197 0.6575884 0.843528 0.6583917 0.8462874 0.659378 0.8442957 0.6601812 0.8424502 0.6609255 0.843528 0.6583917 0.8442957 0.6601812 0.8400815 0.6597816 0.8424502 0.6609255 0.8408492 0.6615712 0.8686385 0.495585 0.866555 0.4980087 0.866555 0.4962193 0.866555 0.4980087 0.864398 0.4967408 0.866555 0.4962193 0.864398 0.4985304 0.8621063 0.4971756 0.864398 0.4967408 0.8621063 0.4971756 0.8597052 0.4993084 0.8597052 0.4975188 0.8597052 0.4975188 0.8584485 0.4994338 0.8584485 0.4976442 0.8584485 0.4994338 0.8572208 0.4977667 0.8584485 0.4976442 0.8561255 0.4978314 0.8546805 0.499706 0.8546805 0.4979166 0.8561255 0.4996209 0.8572208 0.4977667 0.8572208 0.4995563 0.8546805 0.499706 0.8532094 0.4979452 0.8546805 0.4979166 0.8546805 0.499706 0.8524056 0.4979609 0.8532094 0.4979452 0.8524056 0.4979609 0.8537983 0.4997233 0.8530356 0.4997382 0.8546805 0.499706 0.8537983 0.4997233 0.8524056 0.4979609 0.8504259 0.4979338 0.8495436 0.499706 0.8495436 0.4979166 0.8524056 0.4979609 0.8530356 0.4997382 0.8511886 0.4997382 0.8495436 0.499706 0.8504259 0.4979338 0.8511886 0.4979487 0.8511886 0.4997382 0.8511886 0.4979487 0.8524056 0.4979609 0.8511886 0.4979487 0.8511886 0.4997382 0.8504259 0.4997233 0.8511886 0.4979487 0.8504259 0.4997233 0.8495436 0.499706 0.844519 0.4975188 0.8456624 0.4994224 0.844519 0.4993084 0.8456624 0.4994224 0.8470034 0.4977667 0.8470034 0.4995563 0.8480979 0.4978312 0.8495436 0.499706 0.8480979 0.4996208 0.8480979 0.4996208 0.8470034 0.4977667 0.8480979 0.4978312 0.8421179 0.4971756 0.8398262 0.4985304 0.8398262 0.4967408 0.844519 0.4993084 0.8421179 0.4971756 0.844519 0.4975188 0.8376691 0.4962193 0.8358198 0.4974511 0.8358198 0.4956616 0.8398262 0.4967408 0.8376691 0.4980087 0.8376691 0.4962193 0.2998567 0.2158788 0.3009345 0.2184126 0.299089 0.2176684 0.3027254 0.2191349 0.3017022 0.216623 0.3034931 0.2173453 0.2970974 0.2168651 0.2968229 0.2146552 0.2978651 0.2150756 0.2957491 0.2142223 0.2960551 0.2164448 0.2949815 0.2160118 0.2970974 0.2168651 0.2998567 0.2158788 0.299089 0.2176684 0.2912383 0.212403 0.2927644 0.2151176 0.2904706 0.2141926 0.2927644 0.2151176 0.2957491 0.2142223 0.2949815 0.2160118 0.2807801 0.2081854 0.2881251 0.2132467 0.2800125 0.209975 0.2888928 0.2114572 0.2904706 0.2141926 0.2881251 0.2132467 0.2787613 0.2073712 0.2789975 0.2095656 0.2779936 0.2091608 0.2789975 0.2095656 0.2807801 0.2081854 0.2800125 0.209975 0.3591145 0.1361297 0.3597708 0.1381293 0.3591145 0.1379193 0.3570693 0.1373817 0.3591145 0.1361297 0.3591145 0.1379193 0.2780476 0.2070834 0.2787613 0.2073712 0.2772799 0.2088729 0.2787613 0.2073712 0.2779936 0.2091608 0.2772799 0.2088729 0.276063 0.2083822 0.2780476 0.2070834 0.2772799 0.2088729 0.3525159 0.1361613 0.3539021 0.1350224 0.3539021 0.1368119 0.3501288 0.1354041 0.3525159 0.1343717 0.3525159 0.1361613 0.3501288 0.1336145 0.3525159 0.1343717 0.3501288 0.1354041 0.3556792 0.1353121 0.3570693 0.1373817 0.3556792 0.1371017 0.3556792 0.1353121 0.3570693 0.1355922 0.3570693 0.1373817 0.3548407 0.136965 0.3556792 0.1353121 0.3556792 0.1371017 0.3548407 0.136965 0.3548407 0.1351754 0.3556792 0.1353121 0.3548407 0.1351754 0.3539021 0.1368119 0.3539021 0.1350224 0.3477022 0.1352084 0.3501288 0.1336145 0.3501288 0.1354041 0.3477022 0.1334189 0.3501288 0.1336145 0.3477022 0.1352084 0.3452551 0.1350046 0.3477022 0.1334189 0.3477022 0.1352084 0.3427854 0.1345348 0.3452551 0.133215 0.3452551 0.1350046 0.340312 0.1347377 0.3427854 0.1327452 0.3427854 0.1345348 0.3378351 0.1330161 0.340312 0.1347377 0.3378351 0.1348056 0.3378351 0.1330161 0.340312 0.1329482 0.340312 0.1347377 0.3378351 0.1330161 0.3353583 0.1347377 0.3353583 0.1329482 0.3328849 0.1327452 0.3353583 0.1347377 0.3328849 0.1345348 0.3304151 0.1341912 0.3328849 0.1327452 0.3328849 0.1345348 0.3279681 0.1333702 0.3304151 0.1341912 0.3279681 0.1351598 0.3279681 0.1351598 0.3255415 0.133627 0.3279681 0.1333702 0.3255415 0.1354166 0.3231545 0.1338821 0.3255415 0.133627 0.3231545 0.1356717 0.3217683 0.1345548 0.3231545 0.1338821 0.3208296 0.1351754 0.3217683 0.1363444 0.3208296 0.136965 0.3208296 0.1351754 0.3199911 0.1371017 0.3199911 0.1353121 0.318601 0.1355922 0.3199911 0.1371017 0.318601 0.1373817 0.3165558 0.1361297 0.318601 0.1373817 0.3165558 0.1379193 0.3165558 0.1361297 0.3158995 0.1381293 0.3158995 0.1363397 0.8653371 0.6495962 0.8673217 0.6508951 0.8661048 0.6513858 0.8661048 0.6513858 0.8653911 0.6516736 0.8653371 0.6495962 0.8653911 0.6516736 0.8646234 0.6498841 0.8653371 0.6495962 0.8643872 0.6520785 0.8646234 0.6498841 0.8653911 0.6516736 0.8626046 0.6506983 0.8643872 0.6520785 0.8633723 0.6524878 0.861624 0.9214562 0.8614706 0.9181137 0.8797689 0.9357807 0.8793729 0.9416527 0.8781894 0.9474604 0.8618906 0.9272646 0.8781894 0.9474604 0.8762313 0.9531401 0.8622046 0.9341057 0.8616923 0.9499225 0.8623742 0.9466282 0.8735201 0.9586297 0.8599755 0.9552631 0.8614706 0.9509937 0.8700854 0.9638689 0.8559663 0.9623016 0.8579055 0.9593895 0.865965 0.9688004 0.8466932 0.9718534 0.8485018 0.9704695 0.8558542 0.9775279 0.8410852 0.9756594 0.8444172 0.9735949 0.8499748 0.9812284 0.8299368 0.9807903 0.8368889 0.9871004 0.8298259 0.9892076 0.8298259 0.9892076 0.8225182 0.9907295 0.8245441 0.9823743 0.8225182 0.9907295 0.8150459 0.9916493 0.8189646 0.9835182 0.8150459 0.9916493 0.8074908 0.9919571 0.8132593 0.9842097 0.7999356 0.9916493 0.8003715 0.9840459 0.8017223 0.9842097 0.7924633 0.9907295 0.793354 0.9829722 0.796017 0.9835182 0.7851556 0.9892076 0.7865335 0.9812276 0.7904374 0.9823743 0.7851556 0.9892076 0.7780926 0.9871004 0.7850447 0.9807903 0.7650067 0.9812284 0.7682883 0.9718534 0.7705643 0.9735949 0.7682883 0.9718534 0.7650067 0.9812284 0.7591273 0.9775279 0.7628445 0.9670345 0.7591273 0.9775279 0.7537776 0.97337 0.7590152 0.9623016 0.7537776 0.97337 0.7490165 0.9688004 0.755006 0.9552631 0.7490165 0.9688004 0.7448961 0.9638689 0.7414614 0.9586297 0.752305 0.9422143 0.7526073 0.9466282 0.7367921 0.9474604 0.7530909 0.9272646 0.7527769 0.9341057 0.7356086 0.9416527 0.7533575 0.9214562 0.7530909 0.9272646 0.7352126 0.9357807 0.753511 0.9181137 0.7533575 0.9214562 0.7951533 0.1091504 0.7951533 0.1103187 0.7890971 0.1103187 0.9641402 0.1091504 0.9641402 0.1103187 0.7951533 0.1103187 0.974718 0.1091504 0.974718 0.1103187 0.9641402 0.1103187 0.9831135 0.1091504 0.9831135 0.1103187 0.974718 0.1103187 0.9879075 0.1091504 0.9879075 0.1103187 0.9831135 0.1103187 0.9910283 0.1091504 0.9910283 0.1103187 0.9879075 0.1103187 0.8508517 0.1780993 0.8508517 0.1792677 0.8481194 0.1792677 0.8539215 0.1780993 0.8539215 0.1792677 0.8508517 0.1792677 0.8572955 0.1780993 0.8572955 0.1792677 0.8539215 0.1792677 0.8609366 0.1780993 0.8609366 0.1792677 0.8572955 0.1792677 0.8648049 0.1780993 0.8648049 0.1792677 0.8609366 0.1792677 0.868858 0.1780993 0.868858 0.1792677 0.8648049 0.1792677 0.8730515 0.1780993 0.8730515 0.1792677 0.868858 0.1792677 0.8773396 0.1780993 0.8773396 0.1792677 0.8730515 0.1792677 0.8816751 0.1780993 0.8816751 0.1792677 0.8773396 0.1792677 0.8860107 0.1780993 0.8860107 0.1792677 0.8816751 0.1792677 0.8902987 0.1780993 0.8902987 0.1792677 0.8860107 0.1792677 0.8944922 0.1780993 0.8944922 0.1792677 0.8902987 0.1792677 0.8985454 0.1780993 0.8985454 0.1792677 0.8944922 0.1792677 0.9024137 0.1780993 0.9024137 0.1792677 0.8985454 0.1792677 0.9124986 0.1780993 0.9124986 0.1792677 0.9094287 0.1792677 0.9152308 0.1780993 0.9152308 0.1792677 0.9124986 0.1792677 0.9060547 0.1780993 0.9060547 0.1792677 0.9024137 0.1792677 0.9094287 0.1780993 0.9094287 0.1792677 0.9060547 0.1792677 0.7713519 0.1264045 0.7713519 0.1275728 0.7629566 0.1275728 0.7819298 0.1264045 0.7819298 0.1275728 0.7713519 0.1275728 0.7581624 0.1264045 0.7581624 0.1275728 0.7550417 0.1275728 0.7629566 0.1264045 0.7629566 0.1275728 0.7581624 0.1275728 0.956973 0.1264045 0.956973 0.1275728 0.9509167 0.1275728 0.9509167 0.1264045 0.9509167 0.1275728 0.7819298 0.1275728 0.969019 0.1264045 0.969019 0.1275728 0.9630292 0.1275728 0.9630292 0.1264045 0.9630292 0.1275728 0.956973 0.1275728 0.9805386 0.1264045 0.9805386 0.1275728 0.9748769 0.1275728 0.9748769 0.1264045 0.9748769 0.1275728 0.969019 0.1275728 0.9910283 0.1264045 0.9910283 0.1275728 0.9859421 0.1275728 0.9859421 0.1264045 0.9859421 0.1275728 0.9805386 0.1275728 0.2963799 0.1151474 0.2963799 0.1163158 0.2910302 0.1163158 0.2910302 0.1151474 0.2910302 0.1163158 0.2862691 0.1163158 0.3086043 0.1151474 0.3086043 0.1163158 0.3022593 0.1163158 0.3022593 0.1151474 0.3022593 0.1163158 0.2963799 0.1163158 0.3224082 0.1151474 0.3224082 0.1163158 0.3153452 0.1163158 0.3153452 0.1151474 0.3153452 0.1163158 0.3086043 0.1163158 0.3371883 0.1151474 0.3371883 0.1163158 0.3297159 0.1163158 0.3297159 0.1151474 0.3297159 0.1163158 0.3224082 0.1163158 0.3447434 0.1151474 0.3447434 0.1163158 0.3371883 0.1163158 0.3522985 0.1151474 0.3522985 0.1163158 0.3447434 0.1163158 0.3597708 0.1151474 0.3597708 0.1163158 0.3522985 0.1163158 0.2935768 0.09789335 0.2935768 0.09906172 0.2862691 0.09906172 0.3006398 0.09789335 0.3006398 0.09906172 0.2935768 0.09906172 0.3073807 0.09789335 0.3073807 0.09906172 0.3006398 0.09906172 0.3137257 0.09789335 0.3137257 0.09906172 0.3073807 0.09906172 0.3196052 0.09789335 0.3196052 0.09906172 0.3137257 0.09906172 0.3249548 0.09789335 0.3249548 0.09906172 0.3196052 0.09906172 0.3297159 0.09789335 0.3297159 0.09906172 0.3249548 0.09906172 0.7601279 0.1091504 0.7601279 0.1103187 0.7550417 0.1103187 0.7655314 0.1091504 0.7655314 0.1103187 0.7601279 0.1103187 0.7711931 0.1091504 0.7711931 0.1103187 0.7655314 0.1103187 0.777051 0.1091504 0.777051 0.1103187 0.7711931 0.1103187 0.7830408 0.1091504 0.7830408 0.1103187 0.777051 0.1103187 0.7890971 0.1091504 0.7890971 0.1103187 0.7830408 0.1103187 0.7165551 0.8092826 0.7186223 0.8264657 0.7110193 0.8264657 0.1448381 0.07345545 0.1264216 0.07345545 0.1264216 0.06369388 0.7119771 0.1619795 0.7104441 0.1773256 0.6208839 0.1681987 0.7074557 0.7935909 0.713779 0.7922877 0.7165551 0.8092826 0.1630528 0.07345545 0.1448381 0.07345545 0.1448381 0.06369388 0.6221207 0.1748116 0.6208839 0.1681987 0.7104441 0.1773256 0.7091858 0.7756672 0.713779 0.7922877 0.7074557 0.7935909 0.1808661 0.07345545 0.1630528 0.07345545 0.1630528 0.06369388 0.6234688 0.1820197 0.6221207 0.1748116 0.708653 0.1926451 0.6972333 0.7620177 0.7028261 0.7596033 0.7091858 0.7756672 0.198083 0.07345545 0.1808661 0.07345545 0.1808661 0.06369388 0.7038627 0.2073467 0.698183 0.2216931 0.6249786 0.1900917 0.6947693 0.744272 0.7028261 0.7596033 0.6972333 0.7620177 0.2145147 0.07345545 0.198083 0.07345545 0.198083 0.06369388 0.6267212 0.1994094 0.6249786 0.1900917 0.698183 0.2216931 0.685104 0.7298412 0.6947693 0.744272 0.6891709 0.747406 0.2299813 0.07345545 0.2145147 0.07345545 0.2145147 0.06369388 0.6288047 0.2105493 0.6267212 0.1994094 0.6909877 0.2353852 0.6691316 0.7206631 0.6739357 0.716469 0.685104 0.7298412 0.2443132 0.07345545 0.2299813 0.07345545 0.2299813 0.06369388 0.6314027 0.2244402 0.6288047 0.2105493 0.6823557 0.2482731 0.6613871 0.704302 0.6739357 0.716469 0.6691316 0.7206631 0.02157026 0.1260142 0.008529961 0.1260142 0.008529961 0.1162525 0.6317394 0.2379848 0.6729044 0.2606721 0.6616454 0.2715887 0.6475955 0.6934735 0.6613871 0.704302 0.6570615 0.70896 0.0359022 0.1260142 0.02157026 0.1260142 0.02157026 0.1162525 0.6285979 0.2494723 0.6616454 0.2715887 0.6488575 0.2807525 0.6327121 0.6841019 0.6475955 0.6934735 0.6437957 0.6985443 0.05136877 0.1260142 0.0359022 0.1260142 0.0359022 0.1162525 0.622452 0.2602011 0.6488575 0.2807525 0.6355655 0.289122 0.6168999 0.6762903 0.6327121 0.6841019 0.6294798 0.6895301 0.06780046 0.1260142 0.05136877 0.1260142 0.05136877 0.1162525 0.6135704 0.2697022 0.6355655 0.289122 0.6214439 0.2960985 0.5984402 0.6757693 0.6003321 0.6701239 0.6168999 0.6762903 0.08501732 0.1260142 0.06780046 0.1260142 0.06780046 0.1162525 0.6023413 0.2775605 0.6214439 0.2960985 0.6066475 0.3016056 0.5831903 0.6656705 0.6003321 0.6701239 0.5984402 0.6757693 0.1028307 0.1260142 0.08501732 0.1260142 0.08501732 0.1162525 0.5892555 0.2834326 0.6066475 0.3016056 0.5914848 0.3062501 0.5656623 0.6629787 0.5831903 0.6656705 0.5818462 0.6718015 0.1210454 0.1260142 0.1028307 0.1260142 0.1028307 0.1162525 0.5756846 0.3079867 0.5734357 0.28724 0.5748848 0.2870617 0.5479402 0.6683461 0.5479402 0.6609745 0.5656623 0.6629787 0.1394619 0.1260142 0.1210454 0.1260142 0.1210454 0.1162525 0.5674124 0.2879815 0.5734357 0.28724 0.5756846 0.3079867 0.5302181 0.6629787 0.5479402 0.6609745 0.5479402 0.6683461 0.1578783 0.1260142 0.1394619 0.1260142 0.1394619 0.1162525 0.54403 0.3079867 0.546279 0.28724 0.5523022 0.2879815 0.5140341 0.6718015 0.5126901 0.6656705 0.5302181 0.6629787 0.1760931 0.1260142 0.1578783 0.1260142 0.1578783 0.1162525 0.5375221 0.2855398 0.54403 0.3079867 0.5282298 0.3062501 0.4955483 0.6701239 0.5126901 0.6656705 0.5140341 0.6718015 0.1939064 0.1260142 0.1760931 0.1260142 0.1760931 0.1162525 0.5304592 0.2834326 0.5330618 0.284209 0.5282298 0.3062501 0.4816099 0.6820163 0.4789806 0.6762903 0.4955483 0.6701239 0.2111233 0.1260142 0.1939064 0.1260142 0.1939064 0.1162525 0.5173733 0.2775605 0.5205821 0.2791802 0.5130671 0.3016056 0.4631683 0.6841019 0.4789806 0.6762903 0.4816099 0.6820163 0.227555 0.1260142 0.2111233 0.1260142 0.2111233 0.1162525 0.5061442 0.2697022 0.5092746 0.2721351 0.4982708 0.2960985 0.4482849 0.6934735 0.4631683 0.6841019 0.4664006 0.6895301 0.2430216 0.1260142 0.227555 0.1260142 0.227555 0.1162525 0.4972626 0.2602011 0.4996611 0.2630717 0.4841492 0.289122 0.4388189 0.70896 0.4344933 0.704302 0.4482849 0.6934735 0.2573536 0.1260142 0.2430216 0.1260142 0.2430216 0.1162525 0.4911167 0.2494723 0.4923799 0.2520298 0.470857 0.2807525 0.4219446 0.716469 0.4344933 0.704302 0.4388189 0.70896 0.7482529 0.3851527 0.7352126 0.3851527 0.7352126 0.3753911 0.4468102 0.2606721 0.4875792 0.2321128 0.4879751 0.2379848 0.4107764 0.7298412 0.4219446 0.716469 0.4267488 0.7206631 0.7625849 0.3851527 0.7482529 0.3851527 0.7482529 0.3753911 0.4883119 0.2244402 0.4468102 0.2606721 0.4373589 0.2482731 0.401111 0.744272 0.4107764 0.7298412 0.4160063 0.7335254 0.7780514 0.3851527 0.7625849 0.3851527 0.7625849 0.3753911 0.4909099 0.2105493 0.4373589 0.2482731 0.4287269 0.2353852 0.3989599 0.7621527 0.3930543 0.7596033 0.401111 0.744272 0.7944831 0.3851527 0.7780514 0.3851527 0.7780514 0.3753911 0.4929934 0.1994094 0.4287269 0.2353852 0.4215316 0.2216931 0.3866946 0.7756672 0.3930543 0.7596033 0.3989599 0.7621527 0.8117 0.3851527 0.7944831 0.3851527 0.7944831 0.3753911 0.4947361 0.1900917 0.4215316 0.2216931 0.4158518 0.2073467 0.3884247 0.7935909 0.3821014 0.7922877 0.3866946 0.7756672 0.8295134 0.3851527 0.8117 0.3851527 0.8117 0.3753911 0.4962458 0.1820197 0.4158518 0.2073467 0.4110617 0.1926451 0.3793253 0.8092826 0.3821014 0.7922877 0.3884247 0.7935909 0.8477281 0.3851527 0.8295134 0.3851527 0.8295134 0.3753911 0.4975939 0.1748116 0.4110617 0.1926451 0.4092705 0.1773256 0.384861 0.8264657 0.3772581 0.8264657 0.3793253 0.8092826 0.8661445 0.3851527 0.8477281 0.3851527 0.8477281 0.3753911 0.4988307 0.1681987 0.4092705 0.1773256 0.4077374 0.1619795 0.3793253 0.8436489 0.3772581 0.8264657 0.384861 0.8264657 0.8845611 0.3851527 0.8661445 0.3851527 0.8661445 0.3753911 0.4999938 0.1619795 0.4077374 0.1619795 0.4092705 0.1466336 0.3884247 0.8593407 0.3821014 0.8606439 0.3793253 0.8436489 0.9027758 0.3851527 0.8845611 0.3851527 0.8845611 0.3753911 0.4092705 0.1466336 0.4110617 0.1313139 0.5022156 0.1501001 0.3866946 0.8772643 0.3821014 0.8606439 0.3884247 0.8593407 0.9205891 0.3851527 0.9027758 0.3851527 0.9027758 0.3753911 0.4158518 0.1166123 0.5033248 0.1441696 0.5022156 0.1501001 0.3989599 0.8907788 0.3930543 0.8933282 0.3866946 0.8772643 0.937806 0.3851527 0.9205891 0.3851527 0.9205891 0.3753911 0.4158518 0.1166123 0.4215316 0.1022659 0.504466 0.1380678 0.401111 0.9086596 0.3930543 0.8933282 0.3989599 0.8907788 0.7714734 0.1534203 0.7550417 0.1534203 0.7550417 0.1436587 0.5056674 0.1316444 0.504466 0.1380678 0.4215316 0.1022659 0.4107764 0.9230903 0.401111 0.9086596 0.4067094 0.9055256 0.78694 0.1534203 0.7714734 0.1534203 0.7714734 0.1436587 0.5069628 0.1247181 0.5056674 0.1316444 0.4287269 0.08857381 0.4267488 0.9322685 0.4219446 0.9364625 0.4107764 0.9230903 0.8012719 0.1534203 0.78694 0.1534203 0.78694 0.1436587 0.5083964 0.1170531 0.5069628 0.1247181 0.4373589 0.07568597 0.4344933 0.9486295 0.4219446 0.9364625 0.4267488 0.9322685 0.7482529 0.3347823 0.7352126 0.3347823 0.7352126 0.3250207 0.4468102 0.06328713 0.4580692 0.05237042 0.5100292 0.1083228 0.4482849 0.9594581 0.4344933 0.9486295 0.4388189 0.9439715 0.7625849 0.3347823 0.7482529 0.3347823 0.7482529 0.3250207 0.4580692 0.05237042 0.470857 0.04320669 0.511951 0.09804749 0.4631683 0.9688296 0.4482849 0.9594581 0.4520847 0.9543873 0.7780514 0.3347823 0.7625849 0.3347823 0.7625849 0.3250207 0.470857 0.04320669 0.4841492 0.03483712 0.5143023 0.08547556 0.4789806 0.9766413 0.4631683 0.9688296 0.4664006 0.9634014 0.7944831 0.3347823 0.7780514 0.3347823 0.7780514 0.3250207 0.4841492 0.03483712 0.4982708 0.02786064 0.5173195 0.06934356 0.4955483 0.9828076 0.4789806 0.9766413 0.4816099 0.9709153 0.8117 0.3347823 0.7944831 0.3347823 0.7944831 0.3250207 0.4982708 0.02786064 0.5130671 0.02235364 0.5213153 0.04696714 0.5140341 0.9811301 0.5126901 0.9872611 0.4955483 0.9828076 0.8295134 0.3347823 0.8117 0.3347823 0.8117 0.3250207 0.5290338 0.03526937 0.5130671 0.02235364 0.5282298 0.01770913 0.530858 0.9840494 0.5302181 0.9899528 0.5126901 0.9872611 0.8477281 0.3347823 0.8295134 0.3347823 0.8295134 0.3250207 0.5354777 0.03345811 0.5321037 0.03431105 0.5282298 0.01770913 0.5479402 0.9849174 0.5479402 0.9919571 0.5302181 0.9899528 0.8661445 0.3347823 0.8477281 0.3347823 0.8477281 0.3250207 0.5512337 0.03126811 0.5470402 0.03161883 0.54403 0.01597237 0.5656623 0.9899528 0.5479402 0.9919571 0.5479402 0.9849174 0.8845611 0.3347823 0.8661445 0.3347823 0.8661445 0.3250207 0.5756846 0.01597237 0.5726744 0.03161883 0.5684809 0.03126811 0.5831903 0.9872611 0.5656623 0.9899528 0.5650224 0.9840494 0.9027758 0.3347823 0.8845611 0.3347823 0.8845611 0.3250207 0.5842369 0.03345811 0.5756846 0.01597237 0.5914848 0.01770913 0.5984402 0.9771623 0.6003321 0.9828076 0.5831903 0.9872611 0.9205891 0.3347823 0.9027758 0.3347823 0.9027758 0.3250207 0.5906808 0.03526937 0.5876109 0.03431105 0.5914848 0.01770913 0.6144098 0.9712185 0.6168999 0.9766413 0.6003321 0.9828076 0.7722586 0.1792677 0.7550417 0.1792677 0.7550417 0.1695061 0.6214439 0.02786064 0.5993969 0.05213689 0.5983992 0.04696714 0.6327121 0.9688296 0.6168999 0.9766413 0.6144098 0.9712185 0.7886903 0.1792677 0.7722586 0.1792677 0.7722586 0.1695061 0.6023952 0.06934356 0.6214439 0.02786064 0.6355655 0.03483712 0.6475955 0.9594581 0.6327121 0.9688296 0.629651 0.9636889 0.8041568 0.1792677 0.7886903 0.1792677 0.7886903 0.1695061 0.6054123 0.08547556 0.6355655 0.03483712 0.6488575 0.04320669 0.6570615 0.9439715 0.6613871 0.9486295 0.6475955 0.9594581 0.8184888 0.1792677 0.8041568 0.1792677 0.8041568 0.1695061 0.6077636 0.09804749 0.6488575 0.04320669 0.6616454 0.05237042 0.6739357 0.9364625 0.6613871 0.9486295 0.6570615 0.9439715 0.8315291 0.1792677 0.8184888 0.1792677 0.8184888 0.1695061 0.6096854 0.1083228 0.6616454 0.05237042 0.6729044 0.06328713 0.685104 0.9230903 0.6739357 0.9364625 0.6691316 0.9322685 0.02286189 0.07345545 0.008529961 0.07345545 0.008529961 0.06369388 0.6113182 0.1170531 0.6729044 0.06328713 0.6823557 0.07568597 0.6947693 0.9086596 0.685104 0.9230903 0.679874 0.9194062 0.03832846 0.07345545 0.02286189 0.07345545 0.02286189 0.06369388 0.6127518 0.1247181 0.6823557 0.07568597 0.6909877 0.08857381 0.6969205 0.8907788 0.7028261 0.8933282 0.6947693 0.9086596 0.05476021 0.07345545 0.03832846 0.07345545 0.03832846 0.06369388 0.6140472 0.1316444 0.6909877 0.08857381 0.698183 0.1022659 0.7033634 0.87543 0.7091858 0.8772643 0.7028261 0.8933282 0.07197707 0.07345545 0.05476021 0.07345545 0.05476021 0.06369388 0.6152486 0.1380678 0.698183 0.1022659 0.7038627 0.1166123 0.7077906 0.8594097 0.713779 0.8606439 0.7091858 0.8772643 0.0897904 0.07345545 0.07197707 0.07345545 0.07197707 0.06369388 0.7038627 0.1166123 0.708653 0.1313139 0.6174989 0.1501001 0.7165551 0.8436489 0.713779 0.8606439 0.7077906 0.8594097 0.1080051 0.07345545 0.0897904 0.07345545 0.0897904 0.06369388 0.7104441 0.1466336 0.6186011 0.1559931 0.6174989 0.1501001 0.7110193 0.8264657 0.7186223 0.8264657 0.7165551 0.8436489 0.1264216 0.07345545 0.1080051 0.07345545 0.1080051 0.06369388 0.6197208 0.1619795 0.6186011 0.1559931 0.7104441 0.1466336 0.3606677 0.821129 0.3597025 0.8389854 0.3575947 0.8387706 0.3597025 0.8389854 0.3568176 0.8566462 0.3547445 0.8562189 0.3568176 0.8566462 0.3520445 0.8739178 0.3500288 0.8732827 0.3500288 0.8732827 0.3520445 0.8739178 0.3454356 0.8906111 0.3434994 0.8897752 0.3454356 0.8906111 0.3370633 0.906543 0.3352277 0.9055156 0.3370633 0.906543 0.3270192 0.9215392 0.3253045 0.9203314 0.3270192 0.9215392 0.3154134 0.9354353 0.3154134 0.9354353 0.3023731 0.948079 0.3009549 0.9465519 0.3023731 0.948079 0.2880411 0.9593318 0.2867954 0.9576693 0.2880411 0.9593318 0.2725746 0.9690704 0.2715148 0.9672908 0.2725746 0.9690704 0.2561429 0.9771882 0.2552808 0.9753109 0.2561429 0.9771882 0.238926 0.9835962 0.2382711 0.9816418 0.2382711 0.9816418 0.238926 0.9835962 0.2211126 0.9882241 0.220672 0.9862141 0.2211126 0.9882241 0.2028979 0.9910213 0.2026764 0.9889776 0.2028979 0.9910213 0.1844815 0.9919571 0.1844815 0.9919571 0.1660649 0.9910213 0.1662865 0.9889776 0.1660649 0.9910213 0.1478502 0.9882241 0.1482909 0.9862141 0.1478502 0.9882241 0.1300369 0.9835962 0.1306918 0.9816418 0.1306918 0.9816418 0.1300369 0.9835962 0.11282 0.9771882 0.113682 0.9753109 0.11282 0.9771882 0.09638828 0.9690704 0.09744799 0.9672908 0.09638828 0.9690704 0.08092176 0.9593318 0.0821675 0.9576693 0.08092176 0.9593318 0.06658983 0.948079 0.06658983 0.948079 0.05354952 0.9354353 0.05512458 0.9340602 0.05354952 0.9354353 0.04194372 0.9215392 0.04365837 0.9203314 0.04194372 0.9215392 0.03189963 0.906543 0.03373515 0.9055156 0.03189963 0.906543 0.02352726 0.8906111 0.02546346 0.8897752 0.02352726 0.8906111 0.01691836 0.8739178 0.01893401 0.8732827 0.01893401 0.8732827 0.01691836 0.8739178 0.01214528 0.8566462 0.01421838 0.8562189 0.01214528 0.8566462 0.009260296 0.8389854 0.01136815 0.8387706 0.009260296 0.8389854 0.008295178 0.821129 0.008295178 0.821129 0.009260296 0.8032726 0.01136815 0.8034874 0.009260296 0.8032726 0.01214528 0.7856118 0.01421838 0.7860391 0.01214528 0.7856118 0.01691836 0.7683402 0.01893401 0.7689752 0.01893401 0.7689752 0.01691836 0.7683402 0.02352726 0.7516469 0.02546346 0.7524828 0.02352726 0.7516469 0.03189963 0.7357149 0.03373515 0.7367424 0.03189963 0.7357149 0.04194372 0.7207188 0.04365837 0.7219266 0.04194372 0.7207188 0.05354952 0.7068226 0.05354952 0.7068226 0.06658983 0.6941789 0.068008 0.6957061 0.06658983 0.6941789 0.08092176 0.6829261 0.0821675 0.6845886 0.08092176 0.6829261 0.09638828 0.6731875 0.09744799 0.6749672 0.09638828 0.6731875 0.11282 0.6650697 0.113682 0.6669471 0.11282 0.6650697 0.1300369 0.6586618 0.1306918 0.6606162 0.1306918 0.6606162 0.1300369 0.6586618 0.1478502 0.6540338 0.1482909 0.656044 0.1478502 0.6540338 0.1660649 0.6512367 0.1662865 0.6532804 0.1660649 0.6512367 0.1844815 0.6503009 0.1844815 0.6503009 0.2028979 0.6512367 0.2026764 0.6532804 0.2028979 0.6512367 0.2211126 0.6540338 0.220672 0.656044 0.2211126 0.6540338 0.238926 0.6586618 0.2382711 0.6606162 0.2382711 0.6606162 0.238926 0.6586618 0.2561429 0.6650697 0.2552808 0.6669471 0.2561429 0.6650697 0.2725746 0.6731875 0.2715148 0.6749672 0.2725746 0.6731875 0.2880411 0.6829261 0.2867954 0.6845886 0.2880411 0.6829261 0.3023731 0.6941789 0.3023731 0.6941789 0.3154134 0.7068226 0.3138383 0.7081977 0.3154134 0.7068226 0.3270192 0.7207188 0.3253045 0.7219266 0.3270192 0.7207188 0.3370633 0.7357149 0.3352277 0.7367424 0.3370633 0.7357149 0.3454356 0.7516469 0.3434994 0.7524828 0.3454356 0.7516469 0.3520445 0.7683402 0.3500288 0.7689752 0.3500288 0.7689752 0.3520445 0.7683402 0.3568176 0.7856118 0.3547445 0.7860391 0.3568176 0.7856118 0.3597025 0.8032726 0.3575947 0.8034874 0.3597025 0.8032726 0.3606677 0.821129 0.8516861 0.3593053 0.8334912 0.3593053 0.8334912 0.3563953 0.8334912 0.3593053 0.8154956 0.3593053 0.8154956 0.3563953 0.8154956 0.3593053 0.7978965 0.3593053 0.7978965 0.3563953 0.7978965 0.3593053 0.7808867 0.3593053 0.7808867 0.3563953 0.7808867 0.3593053 0.7646527 0.3593053 0.7646527 0.3563953 0.7646527 0.3593053 0.7493722 0.3593053 0.7493722 0.3563953 0.7493722 0.3593053 0.7352126 0.3593053 0.7352126 0.3563953 0.8666131 0.2642566 0.8537297 0.2642566 0.8537297 0.2613466 0.8537297 0.2642566 0.8395701 0.2642566 0.8395701 0.2613466 0.8395701 0.2642566 0.8242896 0.2642566 0.8242896 0.2613466 0.8242896 0.2642566 0.8080556 0.2642566 0.8080556 0.2613466 0.8080556 0.2642566 0.7910458 0.2642566 0.7910458 0.2613466 0.7910458 0.2642566 0.7734467 0.2642566 0.7734467 0.2613466 0.9205891 0.3089348 0.9025935 0.3089348 0.9025935 0.3060248 0.9025935 0.3089348 0.8843986 0.3089348 0.8843986 0.3060248 0.8843986 0.3089348 0.8662037 0.3089348 0.8662037 0.3060248 0.8662037 0.3089348 0.8482081 0.3089348 0.8482081 0.3060248 0.8482081 0.3089348 0.830609 0.3089348 0.830609 0.3060248 0.830609 0.3089348 0.8135992 0.3089348 0.8135992 0.3060248 0.8135992 0.3089348 0.7973652 0.3089348 0.7973652 0.3060248 0.7973652 0.3089348 0.7820847 0.3089348 0.7820847 0.3060248 0.7820847 0.3089348 0.7679252 0.3089348 0.7679252 0.3060248 0.7679252 0.3089348 0.7550417 0.3089348 0.7550417 0.3060248 0.981043 0.4096757 0.9668834 0.4096757 0.9668834 0.4067657 0.9668834 0.4096757 0.9516029 0.4096757 0.9516029 0.4067657 0.9516029 0.4096757 0.9353689 0.4096757 0.9353689 0.4067657 0.9353689 0.4096757 0.9183591 0.4096757 0.9183591 0.4067657 0.9183591 0.4096757 0.9007601 0.4096757 0.9007601 0.4067657 0.9007601 0.4096757 0.8827645 0.4096757 0.8827645 0.4067657 0.8827645 0.4096757 0.8645696 0.4096757 0.8645696 0.4067657 0.8645696 0.4096757 0.8463746 0.4096757 0.8463746 0.4067657 0.8463746 0.4096757 0.828379 0.4096757 0.828379 0.4067657 0.828379 0.4096757 0.8107799 0.4096757 0.8107799 0.4067657 0.8107799 0.4096757 0.7937701 0.4096757 0.7937701 0.4067657 0.7937701 0.4096757 0.7775361 0.4096757 0.7775361 0.4067657 0.7775361 0.4096757 0.7622556 0.4096757 0.7622556 0.4067657 0.7622556 0.4096757 0.7480961 0.4096757 0.7480961 0.4067657 0.2672438 0.04760801 0.2543603 0.04760801 0.2543603 0.04469799 0.2543603 0.04760801 0.2402008 0.04760801 0.2402008 0.04469799 0.2402008 0.04760801 0.2249203 0.04760801 0.2249203 0.04469799 0.2249203 0.04760801 0.2086862 0.04760801 0.2086862 0.04469799 0.2086862 0.04760801 0.1916764 0.04760801 0.1916764 0.04469799 0.1916764 0.04760801 0.1740774 0.04760801 0.1740774 0.04469799 0.1740774 0.04760801 0.1560818 0.04760801 0.1560818 0.04469799 0.1560818 0.04760801 0.1378868 0.04760801 0.1378868 0.04469799 0.1378868 0.04760801 0.1196919 0.04760801 0.1196919 0.04469799 0.1196919 0.04760801 0.1016963 0.04760801 0.1016963 0.04469799 0.1016963 0.04760801 0.08409726 0.04760801 0.08409726 0.04469799 0.08409726 0.04760801 0.06708747 0.04760801 0.06708747 0.04469799 0.06708747 0.04760801 0.05085343 0.04760801 0.05085343 0.04469799 0.05085343 0.04760801 0.03557294 0.04760801 0.03557294 0.04469799 0.03557294 0.04760801 0.02141338 0.04760801 0.02141338 0.04469799 0.02141338 0.04760801 0.008529961 0.04760801 0.008529961 0.04469799 0.9681596 0.3593053 0.954 0.3593053 0.954 0.3563953 0.954 0.3593053 0.9387195 0.3593053 0.9387195 0.3563953 0.9387195 0.3593053 0.9224855 0.3593053 0.9224855 0.3563953 0.9224855 0.3593053 0.9054757 0.3593053 0.9054757 0.3563953 0.9054757 0.3593053 0.8878766 0.3593053 0.8878766 0.3563953 0.8878766 0.3593053 0.869881 0.3593053 0.869881 0.3563953 0.869881 0.3593053 0.8516861 0.3593053 0.8516861 0.3563953 0.8516861 0.3563953 0.8334912 0.3563953 0.833845 0.351307 0.833845 0.351307 0.8334912 0.3563953 0.8154956 0.3563953 0.8154956 0.3563953 0.7978965 0.3563953 0.798811 0.3518356 0.798811 0.3518356 0.7978965 0.3563953 0.7808867 0.3563953 0.7808867 0.3563953 0.7646527 0.3563953 0.7666111 0.3508681 0.7646527 0.3563953 0.7493722 0.3563953 0.7513617 0.351307 0.7493722 0.3563953 0.7352126 0.3563953 0.7374775 0.351307 0.8640977 0.2562584 0.8666131 0.2613466 0.8537297 0.2613466 0.8537297 0.2613466 0.8395701 0.2613466 0.8375806 0.2562584 0.8375806 0.2562584 0.8395701 0.2613466 0.8242896 0.2613466 0.8242896 0.2613466 0.8080556 0.2613466 0.8066788 0.2562584 0.8080556 0.2613466 0.7910458 0.2613466 0.7901313 0.256787 0.7901313 0.256787 0.7910458 0.2613466 0.7734467 0.2613466 0.7734467 0.2613466 0.7554512 0.2613466 0.7550417 0.2558194 0.9025935 0.3060248 0.8843986 0.3060248 0.8843986 0.3009366 0.8843986 0.3060248 0.8662037 0.3060248 0.8665574 0.3009366 0.8665574 0.3009366 0.8662037 0.3060248 0.8482081 0.3060248 0.8482081 0.3060248 0.830609 0.3060248 0.8315234 0.3014652 0.8315234 0.3014652 0.830609 0.3060248 0.8135992 0.3060248 0.8135992 0.3060248 0.7973652 0.3060248 0.7993236 0.3004977 0.7993236 0.3004977 0.7973652 0.3060248 0.7820847 0.3060248 0.7843869 0.3004977 0.7820847 0.3060248 0.7679252 0.3060248 0.7679252 0.3060248 0.7550417 0.3060248 0.7579525 0.3004977 0.981043 0.4067657 0.9668834 0.4067657 0.9645811 0.4012386 0.9668834 0.4067657 0.9516029 0.4067657 0.9496445 0.4012386 0.9496445 0.4012386 0.9516029 0.4067657 0.9353689 0.4067657 0.9337757 0.4012386 0.9353689 0.4067657 0.9183591 0.4067657 0.9171488 0.4012386 0.9183591 0.4067657 0.9007601 0.4067657 0.9007601 0.4067657 0.8827645 0.4067657 0.8824107 0.4016775 0.8827645 0.4067657 0.8645696 0.4067657 0.8645696 0.4016775 0.8645696 0.4016775 0.8645696 0.4067657 0.8463746 0.4067657 0.846784 0.4012386 0.8463746 0.4067657 0.828379 0.4067657 0.828379 0.4067657 0.8107799 0.4067657 0.8119903 0.4012386 0.8107799 0.4067657 0.7937701 0.4067657 0.7953633 0.4012386 0.7937701 0.4067657 0.7775361 0.4067657 0.7794945 0.4012386 0.7794945 0.4012386 0.7775361 0.4067657 0.7622556 0.4067657 0.7622556 0.4067657 0.7480961 0.4067657 0.7503609 0.4016775 0.7503609 0.4016775 0.7480961 0.4067657 0.7352126 0.4067657 0.2543603 0.04469799 0.2402008 0.04469799 0.2378985 0.03917086 0.2402008 0.04469799 0.2249203 0.04469799 0.2232279 0.03960978 0.2232279 0.03960978 0.2249203 0.04469799 0.2086862 0.04469799 0.2086862 0.04469799 0.1916764 0.04469799 0.190762 0.04013836 0.190762 0.04013836 0.1916764 0.04469799 0.1740774 0.04469799 0.1740774 0.04469799 0.1560818 0.04469799 0.1556724 0.03917086 0.1560818 0.04469799 0.1378868 0.04469799 0.1378868 0.03960978 0.1378868 0.03960978 0.1378868 0.04469799 0.1196919 0.04469799 0.1201013 0.03917086 0.1196919 0.04469799 0.1016963 0.04469799 0.1016963 0.04469799 0.08409726 0.04469799 0.08501172 0.04013836 0.08501172 0.04013836 0.08409726 0.04469799 0.06708747 0.04469799 0.06708747 0.04469799 0.05085343 0.04469799 0.05281186 0.03917086 0.05281186 0.03917086 0.05085343 0.04469799 0.03557294 0.04469799 0.03787523 0.03917086 0.03557294 0.04469799 0.02141338 0.04469799 0.02141338 0.04469799 0.008529961 0.04469799 0.01144081 0.03917086 0.9681596 0.3563953 0.954 0.3563953 0.9516977 0.3508681 0.954 0.3563953 0.9387195 0.3563953 0.9367611 0.3508681 0.9367611 0.3508681 0.9387195 0.3563953 0.9224855 0.3563953 0.9224855 0.3563953 0.9054757 0.3563953 0.9045612 0.3518356 0.9045612 0.3518356 0.9054757 0.3563953 0.8878766 0.3563953 0.8878766 0.3563953 0.869881 0.3563953 0.8695272 0.351307 0.869881 0.3563953 0.8516861 0.3563953 0.8516861 0.351307 0.1176512 0.1456524 0.1176512 0.1527254 0.1006048 0.1527254 0.1006379 0.1456524 0.1006048 0.1527254 0.08374518 0.1527254 0.08381086 0.1456524 0.08374518 0.1527254 0.06725698 0.1527254 0.06725698 0.1527254 0.05132097 0.1527254 0.05144947 0.1456524 0.05144947 0.1456524 0.05132097 0.1527254 0.03626966 0.1519855 0.03626966 0.1519855 0.02179569 0.1527254 0.02198141 0.1456524 0.02198141 0.1456524 0.02179569 0.1527254 0.008529961 0.1527254 0.2506781 0.2061481 0.2386079 0.2061481 0.2383964 0.1990751 0.2386079 0.2061481 0.2253422 0.2061481 0.2251564 0.1990751 0.2251564 0.1990751 0.2253422 0.2061481 0.2108682 0.205408 0.2108682 0.205408 0.1958169 0.2061481 0.1956884 0.1990751 0.1956884 0.1990751 0.1958169 0.2061481 0.1798809 0.2061481 0.1798809 0.2061481 0.1633927 0.2061481 0.163327 0.1990751 0.1633927 0.2061481 0.146533 0.2061481 0.1465 0.1990751 0.146533 0.2061481 0.1294866 0.2061481 0.1294866 0.1990751 0.1294866 0.1990751 0.1294866 0.2061481 0.1124402 0.2061481 0.1124732 0.1990751 0.1124402 0.2061481 0.09558051 0.2061481 0.09564626 0.1990751 0.09558051 0.2061481 0.07919001 0.205408 0.07919001 0.205408 0.0631563 0.2061481 0.06328487 0.1990751 0.06328487 0.1990751 0.0631563 0.2061481 0.048105 0.205408 0.048105 0.205408 0.03363108 0.2061481 0.03381681 0.1990751 0.03381681 0.1990751 0.03363108 0.2061481 0.02036535 0.2061481 0.02036535 0.2061481 0.008295178 0.2061481 0.008529961 0.1990751 0.2265611 0.09309375 0.2267725 0.1001667 0.2133675 0.09981989 0.213321 0.09309375 0.2133675 0.09981989 0.1990329 0.09942674 0.1990329 0.09942674 0.1838851 0.09981989 0.183853 0.09309375 0.1838851 0.09981989 0.1679723 0.09981989 0.1679478 0.09309375 0.1679723 0.09981989 0.151508 0.09981989 0.1514916 0.09309375 0.151508 0.09981989 0.1346729 0.09981989 0.1346646 0.09309375 0.1346729 0.09981989 0.1176512 0.09981989 0.1176512 0.09309375 0.1176512 0.09981989 0.1006296 0.09981989 0.1006379 0.09309375 0.1006379 0.09309375 0.1006296 0.09981989 0.08379447 0.09981989 0.08381086 0.09309375 0.08379447 0.09981989 0.06733024 0.09981989 0.06733024 0.09981989 0.05141735 0.09981989 0.05144947 0.09309375 0.05144947 0.09309375 0.05141735 0.09981989 0.03626966 0.09942674 0.03626966 0.09942674 0.02193498 0.09981989 0.02198141 0.09309375 0.02193498 0.09981989 0.008529961 0.1001667 0.008741378 0.09309375 0.2506781 0.1794368 0.2386079 0.1794368 0.2383964 0.1723637 0.2383964 0.1723637 0.2386079 0.1794368 0.2252029 0.1790899 0.2251564 0.1723637 0.2252029 0.1790899 0.2108682 0.1786968 0.2108682 0.1786968 0.1957205 0.1790899 0.1956884 0.1723637 0.1956884 0.1723637 0.1957205 0.1790899 0.1797832 0.1786968 0.1797832 0.1786968 0.1633434 0.1790899 0.163327 0.1723637 0.1633434 0.1790899 0.1465082 0.1790899 0.1465 0.1723637 0.1465082 0.1790899 0.1294866 0.1790899 0.1294866 0.1723637 0.1294866 0.1723637 0.1294866 0.1790899 0.112465 0.1790899 0.1124732 0.1723637 0.112465 0.1790899 0.09562981 0.1790899 0.09562981 0.1790899 0.07909238 0.1794368 0.07919001 0.1723637 0.07919001 0.1723637 0.07909238 0.1794368 0.06325274 0.1790899 0.06328487 0.1723637 0.06325274 0.1790899 0.048105 0.1786968 0.048105 0.1786968 0.03377038 0.1790899 0.03381681 0.1723637 0.03377038 0.1790899 0.02036535 0.1794368 0.02057677 0.1723637 0.2388427 0.1527254 0.2267725 0.1527254 0.2265611 0.1456524 0.2267725 0.1527254 0.2135068 0.1527254 0.213321 0.1456524 0.213321 0.1456524 0.2135068 0.1527254 0.1990329 0.1519855 0.1990329 0.1519855 0.1839815 0.1527254 0.183853 0.1456524 0.183853 0.1456524 0.1839815 0.1527254 0.1680455 0.1527254 0.1680455 0.1527254 0.1515573 0.1527254 0.1514916 0.1456524 0.1515573 0.1527254 0.1346977 0.1527254 0.1346646 0.1456524 0.1346977 0.1527254 0.1176512 0.1527254 0.1176512 0.1456524 0.1176512 0.1420999 0.1176512 0.1456524 0.1006379 0.1456524 0.1006379 0.1456524 0.08381086 0.1456524 0.08410465 0.1420999 0.08381086 0.1456524 0.06735467 0.1456524 0.06779128 0.1420999 0.06735467 0.1456524 0.05144947 0.1456524 0.05202418 0.1420999 0.05144947 0.1456524 0.03626966 0.1456524 0.03697609 0.1420999 0.03626966 0.1456524 0.02198141 0.1456524 0.02281194 0.1420999 0.02198141 0.1456524 0.008741378 0.1456524 0.009686887 0.1420999 0.2504432 0.1990751 0.2383964 0.1990751 0.237451 0.1955226 0.237451 0.1955226 0.2383964 0.1990751 0.2251564 0.1990751 0.2251564 0.1990751 0.2108682 0.1990751 0.2101617 0.1955226 0.2108682 0.1990751 0.1956884 0.1990751 0.1951137 0.1955226 0.1951137 0.1955226 0.1956884 0.1990751 0.1797832 0.1990751 0.1793466 0.1955226 0.1797832 0.1990751 0.163327 0.1990751 0.1630332 0.1955226 0.163327 0.1990751 0.1465 0.1990751 0.1465 0.1990751 0.1294866 0.1990751 0.1294866 0.1955226 0.1294866 0.1955226 0.1294866 0.1990751 0.1124732 0.1990751 0.1124732 0.1990751 0.09564626 0.1990751 0.09593999 0.1955226 0.09564626 0.1990751 0.07919001 0.1990751 0.07962661 0.1955226 0.07919001 0.1990751 0.06328487 0.1990751 0.06385958 0.1955226 0.06328487 0.1990751 0.048105 0.1990751 0.04881149 0.1955226 0.048105 0.1990751 0.03381681 0.1990751 0.03464728 0.1955226 0.03381681 0.1990751 0.02057677 0.1990751 0.02152222 0.1955226 0.02057677 0.1990751 0.008529961 0.1990751 0.009580016 0.1955226 0.2265611 0.09309375 0.213321 0.09309375 0.2124905 0.08954131 0.213321 0.09309375 0.1990329 0.09309375 0.1983264 0.08954131 0.1990329 0.09309375 0.183853 0.09309375 0.1832783 0.08954131 0.1832783 0.08954131 0.183853 0.09309375 0.1679478 0.09309375 0.1675112 0.08954131 0.1679478 0.09309375 0.1514916 0.09309375 0.1511979 0.08954131 0.1514916 0.09309375 0.1346646 0.09309375 0.1346646 0.09309375 0.1176512 0.09309375 0.1176512 0.08954131 0.1176512 0.08954131 0.1176512 0.09309375 0.1006379 0.09309375 0.1006379 0.09309375 0.08381086 0.09309375 0.08410465 0.08954131 0.08381086 0.09309375 0.06735467 0.09309375 0.06779128 0.08954131 0.06735467 0.09309375 0.05144947 0.09309375 0.05202418 0.08954131 0.05144947 0.09309375 0.03626966 0.09309375 0.03697609 0.08954131 0.03626966 0.09309375 0.02198141 0.09309375 0.02281194 0.08954131 0.02198141 0.09309375 0.008741378 0.09309375 0.009686887 0.08954131 0.2504432 0.1723637 0.2383964 0.1723637 0.237451 0.1688113 0.237451 0.1688113 0.2383964 0.1723637 0.2251564 0.1723637 0.2251564 0.1723637 0.2108682 0.1723637 0.2101617 0.1688113 0.2108682 0.1723637 0.1956884 0.1723637 0.1951137 0.1688113 0.1951137 0.1688113 0.1956884 0.1723637 0.1797832 0.1723637 0.1793466 0.1688113 0.1797832 0.1723637 0.163327 0.1723637 0.1630332 0.1688113 0.163327 0.1723637 0.1465 0.1723637 0.1465 0.1723637 0.1294866 0.1723637 0.1294866 0.1688113 0.1294866 0.1688113 0.1294866 0.1723637 0.1124732 0.1723637 0.1124732 0.1723637 0.09564626 0.1723637 0.09593999 0.1688113 0.09564626 0.1723637 0.07919001 0.1723637 0.07962661 0.1688113 0.07919001 0.1723637 0.06328487 0.1723637 0.06385958 0.1688113 0.06328487 0.1723637 0.048105 0.1723637 0.04881149 0.1688113 0.048105 0.1723637 0.03381681 0.1723637 0.03464728 0.1688113 0.03381681 0.1723637 0.02057677 0.1723637 0.02152222 0.1688113 0.02057677 0.1723637 0.008529961 0.1723637 0.009580016 0.1688113 0.2265611 0.1456524 0.213321 0.1456524 0.2124905 0.1420999 0.213321 0.1456524 0.1990329 0.1456524 0.1983264 0.1420999 0.1990329 0.1456524 0.183853 0.1456524 0.1832783 0.1420999 0.1832783 0.1420999 0.183853 0.1456524 0.1679478 0.1456524 0.1675112 0.1420999 0.1679478 0.1456524 0.1514916 0.1456524 0.1511979 0.1420999 0.1514916 0.1456524 0.1346646 0.1456524 0.1346646 0.1456524 0.1176512 0.1456524 0.1176512 0.1420999 0.7186223 0.4884454 0.7177384 0.5047981 0.7156305 0.5045833 0.7156305 0.5045833 0.7177384 0.5047981 0.7150964 0.5209717 0.7130233 0.5205445 0.7150964 0.5209717 0.7107253 0.536789 0.7107253 0.536789 0.7046728 0.5520765 0.7027366 0.5512407 0.7027366 0.5512407 0.7046728 0.5520765 0.6970055 0.566667 0.69517 0.5656395 0.6970055 0.566667 0.6878072 0.5804004 0.6860924 0.5791925 0.6878072 0.5804004 0.6771786 0.5931263 0.6771786 0.5931263 0.6652364 0.6047053 0.6638182 0.6031782 0.6652364 0.6047053 0.6521114 0.6150106 0.6508656 0.6133481 0.6521114 0.6150106 0.6379472 0.6239292 0.6368874 0.6221495 0.6379472 0.6239292 0.6228991 0.6313634 0.6220371 0.6294861 0.6220371 0.6294861 0.6228991 0.6313634 0.607132 0.6372317 0.607132 0.6372317 0.5908187 0.64147 0.590378 0.6394599 0.5908187 0.64147 0.5741378 0.6440316 0.5739162 0.6419879 0.5741378 0.6440316 0.557272 0.6448886 0.557272 0.6428337 0.557272 0.6448886 0.5404064 0.6440316 0.5406279 0.6419879 0.5406279 0.6419879 0.5404064 0.6440316 0.5237255 0.64147 0.5241661 0.6394599 0.5237255 0.64147 0.5074121 0.6372317 0.5074121 0.6372317 0.491645 0.6313634 0.4925071 0.6294861 0.4925071 0.6294861 0.491645 0.6313634 0.4765969 0.6239292 0.4776566 0.6221495 0.4765969 0.6239292 0.4624328 0.6150106 0.4636785 0.6133481 0.4624328 0.6150106 0.4493076 0.6047053 0.4493076 0.6047053 0.4373654 0.5931263 0.4389405 0.5917513 0.4373654 0.5931263 0.426737 0.5804004 0.4284516 0.5791925 0.426737 0.5804004 0.4175386 0.566667 0.4193741 0.5656395 0.4175386 0.566667 0.4098712 0.5520765 0.4118074 0.5512407 0.4118074 0.5512407 0.4098712 0.5520765 0.4038189 0.536789 0.4038189 0.536789 0.3994477 0.5209717 0.4015208 0.5205445 0.3994477 0.5209717 0.3968057 0.5047981 0.3989135 0.5045833 0.3968057 0.5047981 0.3959218 0.4884454 0.3980412 0.4884454 0.3959218 0.4884454 0.3968057 0.4720926 0.3989135 0.4723073 0.3989135 0.4723073 0.3968057 0.4720926 0.3994477 0.4559189 0.4015208 0.4563462 0.3994477 0.4559189 0.4038189 0.4401018 0.4038189 0.4401018 0.4098712 0.4248141 0.4118074 0.42565 0.4118074 0.42565 0.4098712 0.4248141 0.4175386 0.4102237 0.4193741 0.4112512 0.4175386 0.4102237 0.426737 0.3964903 0.4284516 0.3976982 0.426737 0.3964903 0.4373654 0.3837644 0.4373654 0.3837644 0.4493076 0.3721854 0.4507258 0.3737124 0.4493076 0.3721854 0.4624328 0.3618801 0.4636785 0.3635426 0.4624328 0.3618801 0.4765969 0.3529615 0.4776566 0.3547411 0.4765969 0.3529615 0.491645 0.3455273 0.4925071 0.3474046 0.4925071 0.3474046 0.491645 0.3455273 0.5074121 0.339659 0.5074121 0.339659 0.5237255 0.3354207 0.5241661 0.3374308 0.5237255 0.3354207 0.5404064 0.332859 0.5406279 0.3349028 0.5404064 0.332859 0.557272 0.3320021 0.557272 0.3340571 0.557272 0.3320021 0.5741378 0.332859 0.5739162 0.3349028 0.5739162 0.3349028 0.5741378 0.332859 0.5908187 0.3354207 0.590378 0.3374308 0.5908187 0.3354207 0.607132 0.339659 0.607132 0.339659 0.6228991 0.3455273 0.6220371 0.3474046 0.6220371 0.3474046 0.6228991 0.3455273 0.6379472 0.3529615 0.6368874 0.3547411 0.6379472 0.3529615 0.6521114 0.3618801 0.6508656 0.3635426 0.6521114 0.3618801 0.6652364 0.3721854 0.6652364 0.3721854 0.6771786 0.3837644 0.6756036 0.3851394 0.6771786 0.3837644 0.6878072 0.3964903 0.6860924 0.3976982 0.6878072 0.3964903 0.6970055 0.4102237 0.69517 0.4112512 0.6970055 0.4102237 0.7046728 0.4248141 0.7027366 0.42565 0.7027366 0.42565 0.7046728 0.4248141 0.7107253 0.4401018 0.7107253 0.4401018 0.7150964 0.4559189 0.7130233 0.4563462 0.7150964 0.4559189 0.7177384 0.4720926 0.7156305 0.4723073 0.7177384 0.4720926 0.7186223 0.4884454 0.7165029 0.4884454 0.861588 0.1988903 0.861588 0.1953536 0.8782321 0.1953536 0.8782199 0.1988903 0.8782321 0.1953536 0.8946939 0.1953536 0.8946939 0.1953536 0.910793 0.1953536 0.910757 0.1988903 0.910757 0.1988903 0.910793 0.1953536 0.9263529 0.1953536 0.9263529 0.1953536 0.9412033 0.1953536 0.9411451 0.1988903 0.9412033 0.1953536 0.9551814 0.1953536 0.955113 0.1988903 0.9551814 0.1953536 0.9681341 0.1953536 0.9680562 0.1988903 0.7550417 0.2803424 0.7668271 0.2803424 0.766905 0.2838792 0.766905 0.2838792 0.7668271 0.2803424 0.7797797 0.2803424 0.7797797 0.2803424 0.7937579 0.2803424 0.7938161 0.2838792 0.7938161 0.2838792 0.7937579 0.2803424 0.8086082 0.2803424 0.8086082 0.2803424 0.8241683 0.2803424 0.8242042 0.2838792 0.8242042 0.2838792 0.8241683 0.2803424 0.8402673 0.2803424 0.8402673 0.2803424 0.8567291 0.2803424 0.8567413 0.2838792 0.8567291 0.2803424 0.8733733 0.2803424 0.8733733 0.2838792 0.8733733 0.2838792 0.8733733 0.2803424 0.8900174 0.2803424 0.8900052 0.2838792 0.8900174 0.2803424 0.9064792 0.2803424 0.9064792 0.2803424 0.9225783 0.2803424 0.9225423 0.2838792 0.9225423 0.2838792 0.9225783 0.2803424 0.9381383 0.2803424 0.9381383 0.2803424 0.9529887 0.2803424 0.9529305 0.2838792 0.9529887 0.2803424 0.9669668 0.2803424 0.9668983 0.2838792 0.9669668 0.2803424 0.9799195 0.2803424 0.9798415 0.2838792 0.9799195 0.2803424 0.9917048 0.2803424 0.9916183 0.2838792 0.7551196 0.2392009 0.7550417 0.2356641 0.7679944 0.2356641 0.7679944 0.2356641 0.7819725 0.2356641 0.7820308 0.2392009 0.7820308 0.2392009 0.7819725 0.2356641 0.7968229 0.2356641 0.7968229 0.2356641 0.8123829 0.2356641 0.8124189 0.2392009 0.8123829 0.2356641 0.828482 0.2356641 0.8285062 0.2392009 0.828482 0.2356641 0.8449438 0.2356641 0.8449559 0.2392009 0.8449438 0.2356641 0.861588 0.2356641 0.861588 0.2392009 0.861588 0.2392009 0.861588 0.2356641 0.8782321 0.2356641 0.8782199 0.2392009 0.8782321 0.2356641 0.8946939 0.2356641 0.8946939 0.2356641 0.910793 0.2356641 0.910757 0.2392009 0.910757 0.2392009 0.910793 0.2356641 0.9263529 0.2356641 0.9263529 0.2356641 0.9412033 0.2356641 0.9411451 0.2392009 0.9412033 0.2356641 0.9551814 0.2356641 0.955113 0.2392009 0.9551814 0.2356641 0.9681341 0.2356641 0.9680562 0.2392009 0.9681341 0.2356641 0.9799195 0.2356641 0.979833 0.2392009 0.7551196 0.2190456 0.7550417 0.2155088 0.7679944 0.2155088 0.7679944 0.2155088 0.7819725 0.2155088 0.7820308 0.2190456 0.7820308 0.2190456 0.7819725 0.2155088 0.7968229 0.2155088 0.7968229 0.2155088 0.8123829 0.2155088 0.8124189 0.2190456 0.8124189 0.2190456 0.8123829 0.2155088 0.828482 0.2155088 0.828482 0.2155088 0.8449438 0.2155088 0.8449559 0.2190456 0.8449438 0.2155088 0.861588 0.2155088 0.861588 0.2190456 0.861588 0.2190456 0.861588 0.2155088 0.8782321 0.2155088 0.8782199 0.2190456 0.8782321 0.2155088 0.8946939 0.2155088 0.8946939 0.2155088 0.910793 0.2155088 0.910757 0.2190456 0.910757 0.2190456 0.910793 0.2155088 0.9263529 0.2155088 0.9263529 0.2155088 0.9412033 0.2155088 0.9411451 0.2190456 0.9412033 0.2155088 0.9551814 0.2155088 0.955113 0.2190456 0.9551814 0.2155088 0.9681341 0.2155088 0.9680562 0.2190456 0.9681341 0.2155088 0.9799195 0.2155088 0.979833 0.2190456 0.7551196 0.1988903 0.7550417 0.1953536 0.7679944 0.1953536 0.7679944 0.1953536 0.7819725 0.1953536 0.7820308 0.1988903 0.7820308 0.1988903 0.7819725 0.1953536 0.7968229 0.1953536 0.7968229 0.1953536 0.8123829 0.1953536 0.8124189 0.1988903 0.8123829 0.1953536 0.828482 0.1953536 0.8285062 0.1988903 0.828482 0.1953536 0.8449438 0.1953536 0.8449559 0.1988903 0.8449438 0.1953536 0.861588 0.1953536 0.861588 0.1988903 0.7133274 0.1619795 0.7186223 0.1619795 0.7172458 0.1780186 0.7172458 0.1780186 0.7151529 0.1939848 0.7099738 0.1929174 0.7099738 0.1929174 0.7151529 0.1939848 0.7108518 0.2095485 0.7058161 0.2079621 0.7108518 0.2095485 0.7044308 0.2243902 0.7044308 0.2243902 0.6969106 0.2387008 0.6927663 0.236381 0.6969106 0.2387008 0.6883009 0.2524613 0.6840173 0.2494436 0.6840173 0.2494436 0.6883009 0.2524613 0.6778427 0.2649833 0.6778427 0.2649833 0.6660918 0.2763769 0.6625488 0.2725617 0.6660918 0.2763769 0.653177 0.2865169 0.6500648 0.2823637 0.6500648 0.2823637 0.653177 0.2865169 0.638985 0.2948648 0.6365924 0.2908466 0.638985 0.2948648 0.6242256 0.3021565 0.6242256 0.3021565 0.6089184 0.308382 0.6072822 0.3034995 0.6089184 0.308382 0.5928664 0.3125523 0.5917655 0.3075308 0.5917655 0.3075308 0.5928664 0.3125523 0.5763995 0.3145816 0.5763995 0.3145816 0.5598573 0.3159162 0.5598573 0.3107824 0.5598573 0.3107824 0.5598573 0.3159162 0.5433151 0.3145816 0.5433151 0.3145816 0.5268482 0.3125523 0.527949 0.3075308 0.527949 0.3075308 0.5268482 0.3125523 0.5107962 0.308382 0.5124324 0.3034995 0.5107962 0.308382 0.495489 0.3021565 0.495489 0.3021565 0.4807296 0.2948648 0.4831222 0.2908466 0.4807296 0.2948648 0.4665375 0.2865169 0.4696498 0.2823637 0.4696498 0.2823637 0.4665375 0.2865169 0.4536228 0.2763769 0.4536228 0.2763769 0.4418719 0.2649833 0.4458068 0.2615482 0.4418719 0.2649833 0.4314137 0.2524613 0.4356973 0.2494436 0.4356973 0.2494436 0.4314137 0.2524613 0.4228041 0.2387008 0.4269483 0.236381 0.4228041 0.2387008 0.4152837 0.2243902 0.4152837 0.2243902 0.4088628 0.2095485 0.4138985 0.2079621 0.4088628 0.2095485 0.4045617 0.1939848 0.4097408 0.1929174 0.4097408 0.1929174 0.4045617 0.1939848 0.4024688 0.1780186 0.4024688 0.1780186 0.4010923 0.1619795 0.4063872 0.1619795 0.4063872 0.1619795 0.4010923 0.1619795 0.4024688 0.1459404 0.4024688 0.1459404 0.4045617 0.1299743 0.4097408 0.1310417 0.4097408 0.1310417 0.4045617 0.1299743 0.4088628 0.1144105 0.4138985 0.1159969 0.4088628 0.1144105 0.4152837 0.09956884 0.4152837 0.09956884 0.4228041 0.08525824 0.4269483 0.08757817 0.4228041 0.08525824 0.4314137 0.07149791 0.4356973 0.07451546 0.4356973 0.07451546 0.4314137 0.07149791 0.4418719 0.05897581 0.4418719 0.05897581 0.4536228 0.04758238 0.4571657 0.05139756 0.4536228 0.04758238 0.4665375 0.0374422 0.4696498 0.04159557 0.4696498 0.04159557 0.4665375 0.0374422 0.4807296 0.02909433 0.4831222 0.03311252 0.4807296 0.02909433 0.495489 0.02180278 0.495489 0.02180278 0.5107962 0.01557719 0.5124324 0.02045965 0.5107962 0.01557719 0.5268482 0.01140677 0.527949 0.01642847 0.527949 0.01642847 0.5268482 0.01140677 0.5433151 0.009377598 0.5433151 0.009377598 0.5598573 0.008042931 0.5598573 0.01317679 0.5598573 0.01317679 0.5598573 0.008042931 0.5763995 0.009377598 0.5763995 0.009377598 0.5928664 0.01140677 0.5917655 0.01642847 0.5917655 0.01642847 0.5928664 0.01140677 0.6089184 0.01557719 0.6072822 0.02045965 0.6089184 0.01557719 0.6242256 0.02180278 0.6242256 0.02180278 0.638985 0.02909433 0.6365924 0.03311252 0.638985 0.02909433 0.653177 0.0374422 0.6500648 0.04159557 0.6500648 0.04159557 0.653177 0.0374422 0.6660918 0.04758238 0.6660918 0.04758238 0.6778427 0.05897581 0.6739078 0.06241106 0.6778427 0.05897581 0.6883009 0.07149791 0.6840173 0.07451546 0.6840173 0.07451546 0.6883009 0.07149791 0.6969106 0.08525824 0.6927663 0.08757817 0.6969106 0.08525824 0.7044308 0.09956884 0.7044308 0.09956884 0.7108518 0.1144105 0.7058161 0.1159969 0.7108518 0.1144105 0.7151529 0.1299743 0.7099738 0.1310417 0.7099738 0.1310417 0.7151529 0.1299743 0.7172458 0.1459404 0.7172458 0.1459404 0.7186223 0.1619795 0.7133274 0.1619795 0.7038627 0.2073467 0.7045319 0.2075576 0.6988257 0.2219706 0.6988257 0.2219706 0.6915969 0.2357263 0.6909877 0.2353852 0.6915969 0.2357263 0.6829248 0.2486741 0.6823557 0.2482731 0.6488575 0.2807525 0.6492711 0.2813044 0.6359172 0.2897128 0.6355655 0.289122 0.6359172 0.2897128 0.62173 0.2967217 0.62173 0.2967217 0.6068649 0.3022543 0.6066475 0.3016056 0.5130671 0.3016056 0.5128497 0.3022543 0.4979846 0.2967217 0.4979846 0.2967217 0.4837974 0.2897128 0.4841492 0.289122 0.4837974 0.2897128 0.4704435 0.2813044 0.470857 0.2807525 0.4373589 0.2482731 0.4367898 0.2486741 0.4281176 0.2357263 0.4287269 0.2353852 0.4281176 0.2357263 0.4208889 0.2219706 0.4208889 0.2219706 0.4151827 0.2075576 0.4158518 0.2073467 0.4158518 0.1166123 0.4151827 0.1164015 0.4208889 0.1019885 0.4208889 0.1019885 0.4281176 0.08823275 0.4287269 0.08857381 0.4281176 0.08823275 0.4367898 0.07528507 0.4373589 0.07568597 0.470857 0.04320669 0.4704435 0.04265475 0.4837974 0.03424632 0.4841492 0.03483712 0.4837974 0.03424632 0.4979846 0.02723753 0.4979846 0.02723753 0.5128497 0.02170479 0.5130671 0.02235364 0.6066475 0.02235364 0.6068649 0.02170479 0.62173 0.02723753 0.62173 0.02723753 0.6359172 0.03424632 0.6355655 0.03483712 0.6359172 0.03424632 0.6492711 0.04265475 0.6488575 0.04320669 0.6823557 0.07568597 0.6829248 0.07528507 0.6915969 0.08823275 0.6909877 0.08857381 0.6915969 0.08823275 0.6988257 0.1019885 0.6988257 0.1019885 0.7045319 0.1164015 0.7038627 0.1166123 0.7048963 0.2245912 0.6973518 0.2389478 0.6969106 0.2387008 0.638985 0.2948648 0.6392398 0.2952926 0.6244328 0.3026077 0.4952818 0.3026077 0.4804748 0.2952926 0.4807296 0.2948648 0.4228041 0.2387008 0.4223628 0.2389478 0.4148182 0.2245912 0.4148182 0.09936785 0.4223628 0.08501124 0.4228041 0.08525824 0.4807296 0.02909433 0.4804748 0.02866649 0.4952818 0.02135145 0.6244328 0.02135145 0.6392398 0.02866649 0.638985 0.02909433 0.6969106 0.08525824 0.6973518 0.08501124 0.7048963 0.09936785 0.7126691 0.1619795 0.711832 0.1774669 0.7111438 0.1773968 0.7133274 0.1619795 0.7124867 0.1775337 0.711832 0.1774669 0.711832 0.1774669 0.7093298 0.1927846 0.708653 0.1926451 0.711832 0.1774669 0.7124867 0.1775337 0.7099738 0.1929174 0.7093298 0.1927846 0.70519 0.2077649 0.7045319 0.2075576 0.7093298 0.1927846 0.7099738 0.1929174 0.7058161 0.2079621 0.7045319 0.2075576 0.70519 0.2077649 0.6994578 0.2222435 0.7058161 0.2079621 0.7000592 0.2225031 0.6994578 0.2222435 0.6988257 0.2219706 0.6994578 0.2222435 0.6921962 0.2360618 0.6994578 0.2222435 0.7000592 0.2225031 0.6927663 0.236381 0.6921962 0.2360618 0.6834846 0.2490684 0.6829248 0.2486741 0.6921962 0.2360618 0.6927663 0.236381 0.6840173 0.2494436 0.6834846 0.2490684 0.6734186 0.261121 0.6729044 0.2606721 0.6834846 0.2490684 0.6840173 0.2494436 0.6739078 0.2615482 0.6734186 0.261121 0.6621084 0.2720873 0.6616454 0.2715887 0.6739078 0.2615482 0.6625488 0.2725617 0.6621084 0.2720873 0.6616454 0.2715887 0.6621084 0.2720873 0.6496778 0.2818472 0.6625488 0.2725617 0.6500648 0.2823637 0.6496778 0.2818472 0.6492711 0.2813044 0.6496778 0.2818472 0.6362632 0.2902938 0.6500648 0.2823637 0.6365924 0.2908466 0.6362632 0.2902938 0.6362632 0.2902938 0.6220114 0.2973346 0.62173 0.2967217 0.6365924 0.2908466 0.6222792 0.2979177 0.6220114 0.2973346 0.6220114 0.2973346 0.6070787 0.3028925 0.6068649 0.3022543 0.6220114 0.2973346 0.6222792 0.2979177 0.6072822 0.3034995 0.6068649 0.3022543 0.6070787 0.3028925 0.5916287 0.3069064 0.6072822 0.3034995 0.5917655 0.3075308 0.5916287 0.3069064 0.5914848 0.3062501 0.5916287 0.3069064 0.5758305 0.3093325 0.5917655 0.3075308 0.5758993 0.3099673 0.5758305 0.3093325 0.5757582 0.3086652 0.5758305 0.3093325 0.5598573 0.3101441 0.5758305 0.3093325 0.5758993 0.3099673 0.5598573 0.3107824 0.5598573 0.3101441 0.5438841 0.3093325 0.5439565 0.3086652 0.5598573 0.3107824 0.5438153 0.3099673 0.5438841 0.3093325 0.5438841 0.3093325 0.528086 0.3069064 0.5282298 0.3062501 0.5438841 0.3093325 0.5438153 0.3099673 0.527949 0.3075308 0.528086 0.3069064 0.5126358 0.3028925 0.5128497 0.3022543 0.528086 0.3069064 0.527949 0.3075308 0.5124324 0.3034995 0.5128497 0.3022543 0.5126358 0.3028925 0.4977031 0.2973346 0.5124324 0.3034995 0.4974353 0.2979177 0.4977031 0.2973346 0.4979846 0.2967217 0.4977031 0.2973346 0.4834514 0.2902938 0.4977031 0.2973346 0.4974353 0.2979177 0.4831222 0.2908466 0.4834514 0.2902938 0.4700368 0.2818472 0.4704435 0.2813044 0.4834514 0.2902938 0.4831222 0.2908466 0.4696498 0.2823637 0.4700368 0.2818472 0.4576062 0.2720873 0.4580692 0.2715887 0.4700368 0.2818472 0.4696498 0.2823637 0.4571657 0.2725617 0.4576062 0.2720873 0.446296 0.261121 0.4468102 0.2606721 0.4571657 0.2725617 0.4458068 0.2615482 0.446296 0.261121 0.4468102 0.2606721 0.446296 0.261121 0.43623 0.2490684 0.4458068 0.2615482 0.4356973 0.2494436 0.43623 0.2490684 0.4367898 0.2486741 0.43623 0.2490684 0.4275184 0.2360618 0.4356973 0.2494436 0.4269483 0.236381 0.4275184 0.2360618 0.4275184 0.2360618 0.4202567 0.2222435 0.4208889 0.2219706 0.4269483 0.236381 0.4196553 0.2225031 0.4202567 0.2222435 0.4202567 0.2222435 0.4145246 0.2077649 0.4151827 0.2075576 0.4202567 0.2222435 0.4196553 0.2225031 0.4138985 0.2079621 0.4151827 0.2075576 0.4145246 0.2077649 0.4103848 0.1927846 0.4138985 0.2079621 0.4097408 0.1929174 0.4103848 0.1927846 0.4110617 0.1926451 0.4103848 0.1927846 0.4078826 0.1774669 0.4097408 0.1929174 0.4072279 0.1775337 0.4078826 0.1774669 0.4085708 0.1773968 0.4078826 0.1774669 0.4070455 0.1619795 0.4078826 0.1774669 0.4072279 0.1775337 0.4063872 0.1619795 0.4070455 0.1619795 0.4078826 0.1464921 0.4085708 0.1465623 0.4063872 0.1619795 0.4072279 0.1464254 0.4078826 0.1464921 0.4078826 0.1464921 0.4103848 0.1311744 0.4110617 0.1313139 0.4078826 0.1464921 0.4072279 0.1464254 0.4097408 0.1310417 0.4103848 0.1311744 0.4145246 0.1161942 0.4151827 0.1164015 0.4103848 0.1311744 0.4097408 0.1310417 0.4138985 0.1159969 0.4151827 0.1164015 0.4145246 0.1161942 0.4202567 0.1017156 0.4138985 0.1159969 0.4196553 0.101456 0.4202567 0.1017156 0.4208889 0.1019885 0.4202567 0.1017156 0.4275184 0.0878973 0.4202567 0.1017156 0.4196553 0.101456 0.4269483 0.08757817 0.4275184 0.0878973 0.43623 0.07489073 0.4367898 0.07528507 0.4275184 0.0878973 0.4269483 0.08757817 0.4356973 0.07451546 0.43623 0.07489073 0.446296 0.06283819 0.4468102 0.06328713 0.43623 0.07489073 0.4356973 0.07451546 0.4458068 0.06241106 0.446296 0.06283819 0.4576062 0.05187189 0.4580692 0.05237042 0.4458068 0.06241106 0.4571657 0.05139756 0.4576062 0.05187189 0.4580692 0.05237042 0.4576062 0.05187189 0.4700368 0.04211199 0.4571657 0.05139756 0.4696498 0.04159557 0.4700368 0.04211199 0.4704435 0.04265475 0.4700368 0.04211199 0.4834514 0.03366529 0.4696498 0.04159557 0.4831222 0.03311252 0.4834514 0.03366529 0.4834514 0.03366529 0.4977031 0.02662456 0.4979846 0.02723753 0.4831222 0.03311252 0.4974353 0.02604138 0.4977031 0.02662456 0.4977031 0.02662456 0.5126358 0.02106678 0.5128497 0.02170479 0.4977031 0.02662456 0.4974353 0.02604138 0.5124324 0.02045965 0.5128497 0.02170479 0.5126358 0.02106678 0.528086 0.01705276 0.5124324 0.02045965 0.527949 0.01642847 0.528086 0.01705276 0.5282298 0.01770913 0.528086 0.01705276 0.5438841 0.01462674 0.527949 0.01642847 0.5438153 0.01399195 0.5438841 0.01462674 0.5439565 0.01529395 0.5438841 0.01462674 0.5598573 0.01381504 0.5438841 0.01462674 0.5438153 0.01399195 0.5598573 0.01317679 0.5598573 0.01381504 0.5758305 0.01462674 0.5757582 0.01529395 0.5598573 0.01317679 0.5758993 0.01399195 0.5758305 0.01462674 0.5758305 0.01462674 0.5916287 0.01705276 0.5914848 0.01770913 0.5758305 0.01462674 0.5758993 0.01399195 0.5917655 0.01642847 0.5916287 0.01705276 0.6070787 0.02106678 0.6068649 0.02170479 0.5916287 0.01705276 0.5917655 0.01642847 0.6072822 0.02045965 0.6068649 0.02170479 0.6070787 0.02106678 0.6220114 0.02662456 0.6072822 0.02045965 0.6222792 0.02604138 0.6220114 0.02662456 0.62173 0.02723753 0.6220114 0.02662456 0.6362632 0.03366529 0.6220114 0.02662456 0.6222792 0.02604138 0.6365924 0.03311252 0.6362632 0.03366529 0.6496778 0.04211199 0.6492711 0.04265475 0.6362632 0.03366529 0.6365924 0.03311252 0.6500648 0.04159557 0.6496778 0.04211199 0.6621084 0.05187189 0.6616454 0.05237042 0.6496778 0.04211199 0.6500648 0.04159557 0.6625488 0.05139756 0.6621084 0.05187189 0.6734186 0.06283819 0.6729044 0.06328713 0.6625488 0.05139756 0.6739078 0.06241106 0.6734186 0.06283819 0.6729044 0.06328713 0.6734186 0.06283819 0.6834846 0.07489073 0.6739078 0.06241106 0.6840173 0.07451546 0.6834846 0.07489073 0.6829248 0.07528507 0.6834846 0.07489073 0.6921962 0.0878973 0.6840173 0.07451546 0.6927663 0.08757817 0.6921962 0.0878973 0.6921962 0.0878973 0.6994578 0.1017156 0.6988257 0.1019885 0.6927663 0.08757817 0.7000592 0.101456 0.6994578 0.1017156 0.6994578 0.1017156 0.70519 0.1161942 0.7045319 0.1164015 0.6994578 0.1017156 0.7000592 0.101456 0.7058161 0.1159969 0.7045319 0.1164015 0.70519 0.1161942 0.7093298 0.1311744 0.7058161 0.1159969 0.7099738 0.1310417 0.7093298 0.1311744 0.708653 0.1313139 0.7093298 0.1311744 0.711832 0.1464921 0.7099738 0.1310417 0.7124867 0.1464254 0.711832 0.1464921 0.7111438 0.1465623 0.711832 0.1464921 0.7126691 0.1619795 0.711832 0.1464921 0.7124867 0.1464254 0.7133274 0.1619795 0.861588 0.1988903 0.8782199 0.1988903 0.8781834 0.199423 0.8782199 0.1988903 0.8946697 0.1988903 0.894597 0.199423 0.894597 0.199423 0.8946697 0.1988903 0.910757 0.1988903 0.9411451 0.1988903 0.955113 0.1988903 0.9549077 0.199423 0.9549077 0.199423 0.955113 0.1988903 0.9680562 0.1988903 0.7551283 0.2838792 0.766905 0.2838792 0.7671388 0.2844118 0.766905 0.2838792 0.7798482 0.2838792 0.7800536 0.2844118 0.7798482 0.2838792 0.7938161 0.2838792 0.7939908 0.2844118 0.8242042 0.2838792 0.8402915 0.2838792 0.8403642 0.2844118 0.8403642 0.2844118 0.8402915 0.2838792 0.8567413 0.2838792 0.8567778 0.2844118 0.8567413 0.2838792 0.8733733 0.2838792 0.8733733 0.2838792 0.8900052 0.2838792 0.8899688 0.2844118 0.8900052 0.2838792 0.906455 0.2838792 0.9063824 0.2844118 0.9063824 0.2844118 0.906455 0.2838792 0.9225423 0.2838792 0.9529305 0.2838792 0.9668983 0.2838792 0.966693 0.2844118 0.966693 0.2844118 0.9668983 0.2838792 0.9798415 0.2838792 0.9798415 0.2838792 0.9916183 0.2838792 0.9913586 0.2844118 0.7551196 0.2392009 0.7680628 0.2392009 0.7682682 0.2397335 0.7680628 0.2392009 0.7820308 0.2392009 0.7822054 0.2397335 0.8124189 0.2392009 0.8285062 0.2392009 0.8285788 0.2397335 0.8285788 0.2397335 0.8285062 0.2392009 0.8449559 0.2392009 0.8449925 0.2397335 0.8449559 0.2392009 0.861588 0.2392009 0.861588 0.2392009 0.8782199 0.2392009 0.8781834 0.2397335 0.8782199 0.2392009 0.8946697 0.2392009 0.894597 0.2397335 0.894597 0.2397335 0.8946697 0.2392009 0.910757 0.2392009 0.9411451 0.2392009 0.955113 0.2392009 0.9549077 0.2397335 0.9549077 0.2397335 0.955113 0.2392009 0.9680562 0.2392009 0.9680562 0.2392009 0.979833 0.2392009 0.9795733 0.2397335 0.7551196 0.2190456 0.7680628 0.2190456 0.7682682 0.2195782 0.7680628 0.2190456 0.7820308 0.2190456 0.7822054 0.2195782 0.8124189 0.2190456 0.8285062 0.2190456 0.8285788 0.2195782 0.8285788 0.2195782 0.8285062 0.2190456 0.8449559 0.2190456 0.8449925 0.2195782 0.8449559 0.2190456 0.861588 0.2190456 0.861588 0.2190456 0.8782199 0.2190456 0.8781834 0.2195782 0.8782199 0.2190456 0.8946697 0.2190456 0.894597 0.2195782 0.894597 0.2195782 0.8946697 0.2190456 0.910757 0.2190456 0.9411451 0.2190456 0.955113 0.2190456 0.9549077 0.2195782 0.9549077 0.2195782 0.955113 0.2190456 0.9680562 0.2190456 0.9680562 0.2190456 0.979833 0.2190456 0.9795733 0.2195782 0.7551196 0.1988903 0.7680628 0.1988903 0.7682682 0.199423 0.7680628 0.1988903 0.7820308 0.1988903 0.7822054 0.199423 0.8124189 0.1988903 0.8285062 0.1988903 0.8285788 0.199423 0.8285788 0.199423 0.8285062 0.1988903 0.8449559 0.1988903 0.8449925 0.199423 0.8449559 0.1988903 0.861588 0.1988903 0.5308938 0.9837192 0.5479402 0.9845854 0.5479402 0.9849174 0.5479402 0.9849174 0.5479402 0.9845854 0.5649866 0.9837192 0.5983344 0.9768465 0.6142705 0.9709153 0.6144098 0.9712185 0.6142705 0.9709153 0.6293613 0.9632024 0.629651 0.9636889 0.7033634 0.87543 0.7030377 0.8753274 0.7074557 0.8593407 0.7074557 0.8593407 0.710126 0.8429937 0.7104666 0.8430285 0.09558051 0.1794368 0.09562981 0.1790899 0.112465 0.1790899 0.112465 0.1790899 0.1294866 0.1790899 0.1294866 0.1794368 0.1294866 0.1790899 0.1465082 0.1790899 0.146533 0.1794368 0.1465082 0.1790899 0.1633434 0.1790899 0.1633927 0.1794368 0.05141735 0.09981989 0.06733024 0.09981989 0.06725698 0.1001667 0.06733024 0.09981989 0.08379447 0.09981989 0.08374518 0.1001667 0.08374518 0.1001667 0.08379447 0.09981989 0.1006296 0.09981989 0.1006048 0.1001667 0.1006296 0.09981989 0.1176512 0.09981989 0.1176512 0.09981989 0.1346729 0.09981989 0.1346977 0.1001667 0.1346729 0.09981989 0.151508 0.09981989 0.1515573 0.1001667 0.1515573 0.1001667 0.151508 0.09981989 0.1679723 0.09981989 0.1680455 0.1001667 0.1679723 0.09981989 0.1838851 0.09981989 0.7176873 0.8091672 0.7165551 0.8092826 0.713779 0.7922877 0.713779 0.7922877 0.7091858 0.7756672 0.7097624 0.7754856 0.7091858 0.7756672 0.7028261 0.7596033 0.7033799 0.7593643 0.7033799 0.7593643 0.7028261 0.7596033 0.6947693 0.744272 0.6952944 0.7439781 0.6947693 0.744272 0.685104 0.7298412 0.6855944 0.7294957 0.685104 0.7298412 0.6739357 0.716469 0.6739357 0.716469 0.6613871 0.704302 0.6617928 0.7038652 0.6613871 0.704302 0.6475955 0.6934735 0.6479519 0.6929979 0.6475955 0.6934735 0.6327121 0.6841019 0.6330152 0.6835929 0.6327121 0.6841019 0.6168999 0.6762903 0.6171464 0.6757532 0.6171464 0.6757532 0.6168999 0.6762903 0.6003321 0.6701239 0.6003321 0.6701239 0.5831903 0.6656705 0.5833163 0.6650955 0.5833163 0.6650955 0.5831903 0.6656705 0.5656623 0.6629787 0.5302181 0.6629787 0.5126901 0.6656705 0.512564 0.6650955 0.5126901 0.6656705 0.4955483 0.6701239 0.495361 0.6695649 0.4955483 0.6701239 0.4789806 0.6762903 0.478734 0.6757532 0.478734 0.6757532 0.4789806 0.6762903 0.4631683 0.6841019 0.4631683 0.6841019 0.4482849 0.6934735 0.4479286 0.6929979 0.4479286 0.6929979 0.4482849 0.6934735 0.4344933 0.704302 0.4340876 0.7038652 0.4344933 0.704302 0.4219446 0.716469 0.4219446 0.716469 0.4107764 0.7298412 0.410286 0.7294957 0.4107764 0.7298412 0.401111 0.744272 0.400586 0.7439781 0.401111 0.744272 0.3930543 0.7596033 0.3925005 0.7593643 0.3925005 0.7593643 0.3930543 0.7596033 0.3866946 0.7756672 0.3861179 0.7754856 0.3866946 0.7756672 0.3821014 0.7922877 0.3815084 0.7921655 0.3821014 0.7922877 0.3793253 0.8092826 0.3793253 0.8436489 0.3821014 0.8606439 0.3815084 0.8607661 0.3821014 0.8606439 0.3866946 0.8772643 0.3861179 0.8774459 0.3866946 0.8772643 0.3930543 0.8933282 0.3925005 0.8935673 0.3925005 0.8935673 0.3930543 0.8933282 0.401111 0.9086596 0.400586 0.9089534 0.401111 0.9086596 0.4107764 0.9230903 0.410286 0.9234359 0.4107764 0.9230903 0.4219446 0.9364625 0.4219446 0.9364625 0.4344933 0.9486295 0.4340876 0.9490664 0.4344933 0.9486295 0.4482849 0.9594581 0.4479286 0.9599336 0.4482849 0.9594581 0.4631683 0.9688296 0.4628652 0.9693387 0.4631683 0.9688296 0.4789806 0.9766413 0.478734 0.9771783 0.478734 0.9771783 0.4789806 0.9766413 0.4955483 0.9828076 0.495361 0.9833667 0.4955483 0.9828076 0.5126901 0.9872611 0.512564 0.987836 0.5126901 0.9872611 0.5302181 0.9899528 0.5656623 0.9899528 0.5831903 0.9872611 0.5833163 0.987836 0.5833163 0.987836 0.5831903 0.9872611 0.6003321 0.9828076 0.6006839 0.9838574 0.6003321 0.9828076 0.6168999 0.9766413 0.6168999 0.9766413 0.6327121 0.9688296 0.6330152 0.9693387 0.6330152 0.9693387 0.6327121 0.9688296 0.6475955 0.9594581 0.6475955 0.9594581 0.6613871 0.9486295 0.6617928 0.9490664 0.6617928 0.9490664 0.6613871 0.9486295 0.6739357 0.9364625 0.6739357 0.9364625 0.685104 0.9230903 0.6860249 0.9237391 0.685104 0.9230903 0.6947693 0.9086596 0.6952944 0.9089534 0.6947693 0.9086596 0.7028261 0.8933282 0.7033799 0.8935673 0.7033799 0.8935673 0.7028261 0.8933282 0.7091858 0.8772643 0.7091858 0.8772643 0.713779 0.8606439 0.714372 0.8607661 0.714372 0.8607661 0.713779 0.8606439 0.7165551 0.8436489 0.3606677 0.4633869 0.3564392 0.4633869 0.3554973 0.4459591 0.3597025 0.4455305 0.3554973 0.4459591 0.3526816 0.4287222 0.3554973 0.4808148 0.3564392 0.4633869 0.3606677 0.4633869 0.3568176 0.4278698 0.3526816 0.4287222 0.3480231 0.4118651 0.3526816 0.4980517 0.3554973 0.4808148 0.3597025 0.4812434 0.3520445 0.4105982 0.3480231 0.4118651 0.3415727 0.3955724 0.3480231 0.5149088 0.3526816 0.4980517 0.3568176 0.4989041 0.3415727 0.3955724 0.3334013 0.3800228 0.3370633 0.3779729 0.3415727 0.5312014 0.3480231 0.5149088 0.3520445 0.5161757 0.3334013 0.3800228 0.3235982 0.3653865 0.3270192 0.3629767 0.3370633 0.548801 0.3334013 0.546751 0.3415727 0.5312014 0.3235982 0.3653865 0.312271 0.3518239 0.3154134 0.3490806 0.3270192 0.5637972 0.3235982 0.5613873 0.3334013 0.546751 0.312271 0.3518239 0.2995437 0.3394837 0.3023731 0.3364369 0.3154134 0.5776932 0.312271 0.5749499 0.3235982 0.5613873 0.3023731 0.3364369 0.2995437 0.3394837 0.2855557 0.328501 0.2995437 0.5872902 0.312271 0.5749499 0.3154134 0.5776932 0.2880411 0.3251841 0.2855557 0.328501 0.2704604 0.3189961 0.2855557 0.5982729 0.2995437 0.5872902 0.3023731 0.5903369 0.2725746 0.3154454 0.2704604 0.3189961 0.254423 0.3110731 0.2704604 0.6077778 0.2855557 0.5982729 0.2880411 0.6015897 0.254423 0.3110731 0.2376193 0.304819 0.238926 0.3009198 0.254423 0.6157007 0.2704604 0.6077778 0.2725746 0.6113284 0.2376193 0.304819 0.2202335 0.3003022 0.2211126 0.2962918 0.238926 0.6258541 0.2376193 0.6219549 0.254423 0.6157007 0.2202335 0.3003022 0.2024559 0.297572 0.2028979 0.2934946 0.2211126 0.630482 0.2202335 0.6264718 0.2376193 0.6219549 0.2024559 0.297572 0.1844815 0.2966586 0.1844815 0.2925588 0.2028979 0.6332792 0.2024559 0.6292018 0.2202335 0.6264718 0.1844815 0.2925588 0.1844815 0.2966586 0.166507 0.297572 0.1844815 0.6342151 0.1844815 0.6301152 0.2024559 0.6292018 0.1660649 0.2934946 0.166507 0.297572 0.1487294 0.3003022 0.166507 0.6292018 0.1844815 0.6301152 0.1844815 0.6342151 0.1478502 0.2962918 0.1487294 0.3003022 0.1313436 0.304819 0.1487294 0.6264718 0.166507 0.6292018 0.1660649 0.6332792 0.1300369 0.3009198 0.1313436 0.304819 0.1145399 0.3110731 0.1313436 0.6219549 0.1487294 0.6264718 0.1478502 0.630482 0.1145399 0.3110731 0.09850251 0.3189961 0.09638828 0.3154454 0.1145399 0.6157007 0.1313436 0.6219549 0.1300369 0.6258541 0.09850251 0.3189961 0.08340716 0.328501 0.08092176 0.3251841 0.09638828 0.6113284 0.09850251 0.6077778 0.1145399 0.6157007 0.08340716 0.328501 0.0694192 0.3394837 0.06658983 0.3364369 0.08092176 0.6015897 0.08340716 0.5982729 0.09850251 0.6077778 0.0694192 0.3394837 0.05669188 0.3518239 0.05354952 0.3490806 0.06658983 0.5903369 0.0694192 0.5872902 0.08340716 0.5982729 0.05354952 0.3490806 0.05669188 0.3518239 0.04536467 0.3653865 0.05669188 0.5749499 0.0694192 0.5872902 0.06658983 0.5903369 0.04194372 0.3629767 0.04536467 0.3653865 0.03556162 0.3800228 0.04536467 0.5613873 0.05669188 0.5749499 0.05354952 0.5776932 0.03189963 0.3779729 0.03556162 0.3800228 0.02739018 0.3955724 0.03556162 0.546751 0.04536467 0.5613873 0.04194372 0.5637972 0.02739018 0.3955724 0.02093982 0.4118651 0.01691836 0.4105982 0.02739018 0.5312014 0.03556162 0.546751 0.03189963 0.548801 0.02093982 0.4118651 0.0162813 0.4287222 0.01214528 0.4278698 0.01691836 0.5161757 0.02093982 0.5149088 0.02739018 0.5312014 0.0162813 0.4287222 0.01346564 0.4459591 0.009260296 0.4455305 0.01214528 0.4989041 0.0162813 0.4980517 0.02093982 0.5149088 0.01346564 0.4459591 0.01252365 0.4633869 0.008295178 0.4633869 0.009260296 0.4812434 0.01346564 0.4808148 0.0162813 0.4980517 0.008295178 0.4633869 0.01252365 0.4633869 0.01346564 0.4808148 0.3371 0.2010989 0.3402165 0.1978815 0.3407307 0.1983498 0.3402165 0.1978815 0.3432988 0.1946994 0.3438131 0.1951676 0.3432988 0.1946994 0.3463132 0.1915873 0.3468275 0.1920555 0.3463132 0.1915873 0.3492267 0.1885794 0.3497409 0.1890478 0.3492267 0.1885794 0.3520073 0.1857087 0.3525215 0.1861771 0.3525215 0.1861771 0.3520073 0.1857087 0.3546246 0.1830067 0.3551388 0.183475 0.3546246 0.1830067 0.3570498 0.1805028 0.3575641 0.1809712 0.3570498 0.1805028 0.3592566 0.1782248 0.3597708 0.1621389 0.3552817 0.1602346 0.3552817 0.159736 0.3552817 0.1602346 0.3504372 0.1585867 0.3504372 0.158088 0.3504372 0.1585867 0.3452904 0.1572129 0.3452904 0.1567143 0.3452904 0.1567143 0.3452904 0.1572129 0.3398977 0.1561286 0.3398977 0.1561286 0.3343181 0.1553454 0.3343181 0.1548469 0.3343181 0.1548469 0.3343181 0.1553454 0.3286128 0.1548721 0.3286128 0.1543735 0.3286128 0.1548721 0.3228443 0.1547137 0.3228443 0.1547137 0.3170759 0.1548721 0.3170759 0.1543735 0.3113706 0.1548469 0.3113706 0.1553454 0.305791 0.1561286 0.3170759 0.1548721 0.3113706 0.1553454 0.3113706 0.1548469 0.3003983 0.1567143 0.3003983 0.1572129 0.2952514 0.1585867 0.305791 0.1561286 0.3003983 0.1572129 0.3003983 0.1567143 0.290407 0.159736 0.290407 0.1602346 0.2859179 0.1621389 0.2952514 0.158088 0.2952514 0.1585867 0.290407 0.1602346 0.8428025 0.6799352 0.8452278 0.682439 0.8447135 0.6829073 0.8405958 0.677657 0.8428025 0.6799352 0.8422882 0.6804034 0.8473308 0.6856094 0.847845 0.685141 0.8506256 0.6880117 0.8452278 0.682439 0.847845 0.685141 0.8473308 0.6856094 0.8530248 0.6914879 0.8535391 0.6910195 0.8565536 0.6941316 0.8501114 0.68848 0.8506256 0.6880117 0.8535391 0.6910195 0.8591216 0.697782 0.8596358 0.6973137 0.8627523 0.7005312 0.8560393 0.6945999 0.8565536 0.6941316 0.8596358 0.6973137 0.8653545 0.7042168 0.8658688 0.7037486 0.8797689 0.7180988 0.8622381 0.7009994 0.8627523 0.7005312 0.8658688 0.7037486 0.8446486 0.6094688 0.847271 0.6088649 0.847271 0.6093636 0.847271 0.6088649 0.8504171 0.6082966 0.8504171 0.6087952 0.8410835 0.610756 0.8425785 0.6101015 0.8425785 0.6106001 0.8425785 0.6106001 0.8425785 0.6101015 0.8446486 0.6094688 0.8581368 0.6077893 0.8581368 0.6072907 0.862626 0.6068642 0.862626 0.6073628 0.862626 0.6068642 0.8674705 0.6064951 0.8504171 0.6082966 0.8540523 0.6077699 0.8540523 0.6082685 0.8540523 0.6077699 0.8581368 0.6072907 0.8581368 0.6077893 0.8674705 0.6064951 0.8726173 0.6061874 0.8726173 0.6066861 0.8726173 0.6061874 0.87801 0.6059446 0.87801 0.6064432 0.87801 0.6059446 0.8835896 0.6057692 0.8835896 0.6062678 0.2878354 0.1374891 0.2936038 0.1375247 0.2936038 0.1380233 0.8523684 0.5422016 0.8577611 0.5424444 0.8577611 0.5429431 0.8577611 0.5424444 0.8629079 0.5427521 0.8629079 0.5432507 0.8629079 0.5427521 0.8677524 0.5431212 0.8677524 0.5436198 0.8677524 0.5431212 0.8722415 0.5435477 0.8722415 0.5440464 0.8722415 0.5440464 0.8722415 0.5435477 0.876326 0.5440269 0.876326 0.5445255 0.876326 0.5440269 0.8799613 0.5445536 0.8799613 0.5450522 0.8799613 0.5445536 0.8831073 0.545122 0.8831073 0.5456206 0.8831073 0.545122 0.8857297 0.5457258 0.8857297 0.5457258 0.8877998 0.5463585 0.8877998 0.5468571 0.8877998 0.5468571 0.8877998 0.5463585 0.8892949 0.5470131 0.3200835 0.2186666 0.3339836 0.2043163 0.3344978 0.2047846 0.3339836 0.2043163 0.3371 0.2010989 0.3376142 0.2015671 0.8655326 0.4591583 0.8648093 0.4591583 0.8648093 0.4581133 0.8662317 0.4591583 0.8655326 0.4591583 0.8655326 0.4579419 0.866899 0.4591583 0.8662317 0.4591583 0.8662317 0.4577729 0.8675271 0.4591583 0.866899 0.4591583 0.866899 0.4576079 0.868109 0.4591583 0.8675271 0.4591583 0.8675271 0.4574522 0.8686385 0.4591583 0.868109 0.4591583 0.868109 0.4573099 0.8591167 0.478824 0.8585347 0.478824 0.8585347 0.4768435 0.8597447 0.478824 0.8591167 0.478824 0.8591167 0.4767248 0.8611111 0.478824 0.860412 0.478824 0.860412 0.4765931 0.8618344 0.478824 0.8611111 0.478824 0.8611111 0.4765259 0.8625741 0.478824 0.8618344 0.478824 0.8618344 0.4764756 0.8633219 0.478824 0.8625741 0.478824 0.8625741 0.4764487 0.8640697 0.4764487 0.8640697 0.478824 0.8633219 0.478824 0.8655326 0.4765259 0.8655326 0.478824 0.8648093 0.478824 0.8662317 0.4765931 0.8662317 0.478824 0.8655326 0.478824 0.8675271 0.478824 0.8675271 0.4767248 0.868109 0.4768435 0.8675271 0.4767248 0.8675271 0.478824 0.866899 0.478824 0.8602563 0.4381816 0.8602563 0.4398877 0.8596744 0.4398877 0.8686385 0.4769756 0.8686385 0.478824 0.868109 0.478824 0.8615517 0.4385023 0.8615517 0.4398877 0.8608844 0.4398877 0.8629741 0.4388427 0.8629741 0.4398877 0.8622508 0.4398877 0.8622508 0.4386714 0.8622508 0.4398877 0.8615517 0.4398877 0.8644616 0.4391416 0.8644616 0.4398877 0.8637137 0.4398877 0.3820952 0.2684333 0.3820952 0.2673739 0.3827624 0.2673739 0.3806727 0.2681162 0.3806727 0.2673739 0.3813961 0.2673739 0.3813961 0.2682747 0.3813961 0.2673739 0.3820952 0.2673739 0.2560151 0.1523325 0.2560151 0.1506443 0.2566431 0.1506443 0.3833904 0.2687202 0.3833904 0.2673739 0.3839724 0.2673739 0.2566431 0.1524475 0.2566431 0.1506443 0.2573103 0.1506443 0.2580094 0.1526187 0.2580094 0.1506443 0.2587328 0.1506443 0.2587328 0.152672 0.2587328 0.1506443 0.2594724 0.1506443 0.2594724 0.1527076 0.2594724 0.1506443 0.2602202 0.1506443 0.2602202 0.1506443 0.260968 0.1506443 0.260968 0.1527076 0.260968 0.1506443 0.2617077 0.1506443 0.2617077 0.152672 0.2617077 0.1506443 0.262431 0.1506443 0.262431 0.1526187 0.262431 0.1506443 0.2631301 0.1506443 0.2631301 0.1525487 0.2631301 0.1506443 0.2637974 0.1506443 0.2637974 0.1524475 0.2637974 0.1506443 0.2644254 0.1506443 0.2644254 0.1523325 0.3797148 0.2850216 0.3802967 0.2850216 0.3802967 0.2863677 0.3809248 0.2850216 0.381592 0.2850216 0.381592 0.2862259 0.381592 0.2850216 0.3822911 0.2850216 0.3822911 0.2861353 0.3822911 0.2850216 0.3830145 0.2850216 0.3830145 0.2859966 0.3830145 0.2850216 0.3837541 0.2850216 0.3837541 0.2858113 0.8640697 0.4591583 0.8640506 0.4598335 0.8633219 0.4598335 0.8647714 0.4598335 0.8640506 0.4598335 0.8640697 0.4591583 0.8654764 0.4598335 0.8647714 0.4598335 0.8648093 0.4591583 0.8661577 0.4598335 0.8654764 0.4598335 0.8655326 0.4591583 0.866899 0.4591583 0.8668079 0.4598335 0.8661577 0.4598335 0.8675271 0.4591583 0.86742 0.4598335 0.8668079 0.4598335 0.868109 0.4591583 0.8679872 0.4598335 0.86742 0.4598335 0.8585347 0.478824 0.8586566 0.4794991 0.8581405 0.4794991 0.8591167 0.478824 0.8592237 0.4794991 0.8586566 0.4794991 0.8598358 0.4794991 0.8592237 0.4794991 0.8591167 0.478824 0.860486 0.4794991 0.8598358 0.4794991 0.8597447 0.478824 0.8611111 0.478824 0.8611673 0.4794991 0.860486 0.4794991 0.8618344 0.478824 0.8618723 0.4794991 0.8611673 0.4794991 0.8625741 0.478824 0.8625931 0.4794991 0.8618723 0.4794991 0.8633219 0.4794991 0.8625931 0.4794991 0.8625741 0.478824 0.8640697 0.478824 0.8640506 0.4794991 0.8633219 0.4794991 0.8647714 0.4794991 0.8640506 0.4794991 0.8640697 0.478824 0.8654764 0.4794991 0.8647714 0.4794991 0.8648093 0.478824 0.8661577 0.4794991 0.8654764 0.4794991 0.8655326 0.478824 0.866899 0.478824 0.8668079 0.4794991 0.8661577 0.4794991 0.86742 0.4794991 0.8668079 0.4794991 0.866899 0.478824 0.8679872 0.4794991 0.86742 0.4794991 0.8675271 0.478824 0.8685032 0.4794991 0.8679872 0.4794991 0.868109 0.478824 0.8603634 0.4405629 0.8597962 0.4405629 0.8596744 0.4398877 0.8609755 0.4405629 0.8603634 0.4405629 0.8602563 0.4398877 0.8616257 0.4405629 0.8609755 0.4405629 0.8608844 0.4398877 0.8622508 0.4398877 0.862307 0.4405629 0.8616257 0.4405629 0.8629741 0.4398877 0.863012 0.4405629 0.862307 0.4405629 0.8637137 0.4398877 0.8637328 0.4405629 0.863012 0.4405629 0.8644616 0.4398877 0.8644616 0.4405629 0.8637328 0.4405629 0.8651903 0.4405629 0.8644616 0.4405629 0.8644616 0.4398877 0.865949 0.4394503 0.8659111 0.4405629 0.8651903 0.4405629 0.8666723 0.4396086 0.8666161 0.4405629 0.8659111 0.4405629 0.8673714 0.4397673 0.8672974 0.4405629 0.8666161 0.4405629 0.8625931 0.4598335 0.8618723 0.4598335 0.8618344 0.4590575 0.8633219 0.4598335 0.8625931 0.4598335 0.8625741 0.4588722 0.7820165 0.7019298 0.7813079 0.7024495 0.7815872 0.7011755 0.781566 0.7032738 0.7810668 0.7030583 0.7813079 0.7024495 0.7810668 0.7030583 0.7798311 0.7037889 0.7806447 0.7022406 0.7807615 0.7036394 0.7810668 0.7030583 0.781566 0.7032738 0.7808372 0.7044977 0.7799719 0.7046931 0.7807615 0.7036394 0.7794963 0.7051542 0.7799719 0.7046931 0.7803779 0.7050476 0.7792948 0.7059933 0.7784095 0.7059199 0.7794963 0.7051542 0.7784095 0.7059199 0.7780609 0.7053343 0.7790297 0.7046518 0.7778102 0.7062159 0.7784095 0.7059199 0.7786827 0.7063786 0.7778102 0.7062159 0.7769668 0.7058066 0.7780609 0.7053343 0.7773512 0.7069535 0.7765326 0.7066184 0.7778102 0.7062159 0.7759254 0.7072473 0.7751966 0.7067546 0.7765326 0.7066184 0.7744678 0.7072473 0.7738606 0.7066184 0.7751966 0.7067546 0.7730422 0.7069535 0.7725831 0.7062159 0.7738606 0.7066184 0.7734265 0.7058066 0.7745978 0.706048 0.7738606 0.7066184 0.7717106 0.7063786 0.7714197 0.7055647 0.7725831 0.7062159 0.7723324 0.7053343 0.7734265 0.7058066 0.7725831 0.7062159 0.770897 0.7051542 0.7714197 0.7055647 0.7710985 0.7059933 0.7700153 0.7050476 0.7704214 0.7046931 0.770897 0.7051542 0.7704214 0.7046931 0.7705622 0.7037889 0.7713636 0.7046518 0.7696318 0.7036394 0.7704214 0.7046931 0.7695561 0.7044977 0.7696318 0.7036394 0.7699635 0.7027834 0.7705622 0.7037889 0.7690854 0.7024495 0.7696318 0.7036394 0.7688273 0.7032738 0.7690854 0.7024495 0.7697486 0.7022406 0.7699635 0.7027834 0.7683768 0.7019298 0.7688061 0.7011755 0.7690854 0.7024495 0.7695934 0.701679 0.7697486 0.7022406 0.7690854 0.7024495 0.8644616 0.4405629 0.8651332 0.4410919 0.8637899 0.4410919 0.7694682 0.7005242 0.7695934 0.701679 0.7688061 0.7011755 0.7689113 0.6992289 0.7688061 0.699873 0.7682627 0.6998176 0.7689113 0.6992289 0.7697486 0.6988078 0.7694682 0.7005242 0.7688273 0.6977747 0.7696318 0.697409 0.7689113 0.6992289 0.7696318 0.697409 0.7702357 0.6977471 0.7697486 0.6988078 0.7699981 0.6968621 0.7696318 0.697409 0.7691586 0.6971442 0.7699981 0.6968621 0.7709396 0.6968077 0.7702357 0.6977471 0.7705314 0.6955005 0.7714197 0.6954838 0.7699981 0.6968621 0.7714197 0.6954838 0.7718296 0.6960307 0.7709396 0.6968077 0.7369428 0.3007261 0.7384514 0.3013158 0.7366601 0.3013158 0.7728667 0.6954502 0.7718296 0.6960307 0.7714197 0.6954838 0.7744845 0.6939545 0.7751966 0.69497 0.7740056 0.6950914 0.7759088 0.6939545 0.7763876 0.6950914 0.7751966 0.69497 0.7769668 0.6952418 0.7763876 0.6950914 0.7766191 0.6940357 0.7793214 0.6950196 0.7794963 0.6958942 0.7784095 0.6951286 0.7790297 0.6963967 0.7780609 0.6957141 0.7784095 0.6951286 0.7803779 0.6960008 0.7799719 0.6963554 0.7794963 0.6958942 0.7799719 0.6963554 0.7798311 0.6972596 0.7790297 0.6963967 0.7809458 0.6964743 0.7807615 0.697409 0.7799719 0.6963554 0.860486 0.4598335 0.8613362 0.4603626 0.860109 0.4603626 0.7813079 0.6985989 0.7806447 0.6988078 0.7801576 0.6977471 0.8618723 0.4598335 0.8619859 0.4603626 0.8613362 0.4603626 0.7807999 0.6993694 0.7806447 0.6988078 0.7813079 0.6985989 0.7821688 0.7005242 0.7815872 0.7011755 0.781482 0.6992289 0.791489 0.5317357 0.8124683 0.5216335 0.8135947 0.5274574 0.7851909 0.5353757 0.8135947 0.5274574 0.7751966 0.5395809 0.7970516 0.5252683 0.8111695 0.5160225 0.8124683 0.5216335 0.7990767 0.5087293 0.7986835 0.507756 0.8048802 0.4976404 0.8048802 0.4976404 0.7982106 0.507064 0.7971323 0.5058841 0.8006684 0.4925761 0.7944308 0.5040868 0.7930407 0.5034137 0.7981315 0.4903599 0.7922022 0.503085 0.7912635 0.502717 0.7823117 0.5006927 0.7857884 0.4841346 0.7826166 0.5061665 0.7776735 0.5091236 0.7774074 0.5065648 0.7781066 0.5063046 0.7766841 0.5067527 0.7774074 0.5065648 0.7776735 0.5091236 0.7744488 0.5068663 0.7751966 0.5069043 0.7751966 0.5092868 0.7716195 0.505975 0.7727198 0.5091236 0.7702464 0.5086356 0.3785293 0.5932971 0.3787231 0.5925957 0.3783729 0.5947393 0.3793314 0.5912709 0.3783729 0.5947393 0.3787231 0.5925957 0.7677767 0.5078096 0.7646049 0.4841346 0.7680816 0.5006927 0.7591298 0.5033426 0.7581911 0.503085 0.7522618 0.4903599 0.7573525 0.5034137 0.7559625 0.5040868 0.7497249 0.4925761 0.745513 0.4976404 0.7474671 0.4950118 0.753261 0.5058841 0.745513 0.4976404 0.7517098 0.507756 0.7513166 0.5087293 0.7569363 0.5299992 0.7586702 0.5315515 0.7382109 0.5216113 0.7652024 0.5353757 0.7676035 0.5362009 0.7751966 0.5395809 0.7469967 0.5601866 0.7353374 0.5687062 0.7352126 0.5632467 0.7459772 0.5634145 0.7366008 0.5750753 0.7353374 0.5687062 0.7464583 0.5692856 0.7392244 0.580026 0.7366008 0.5750753 0.7483564 0.5730218 0.7436495 0.5842007 0.7392244 0.580026 0.7514274 0.576424 0.7527475 0.5774666 0.7474846 0.5863484 0.7579273 0.5805812 0.7593079 0.5811546 0.7560204 0.5897564 0.7605065 0.5816524 0.7630375 0.5824773 0.7606276 0.5909794 0.7661176 0.5832503 0.7669813 0.5833983 0.7653943 0.5918627 0.7690881 0.5837594 0.7710558 0.5839587 0.7702685 0.5923966 0.7702685 0.5923966 0.7710558 0.5839587 0.7721256 0.5840671 0.7782678 0.5840671 0.7793375 0.5839587 0.7801248 0.5923966 0.7801248 0.5923966 0.7793375 0.5839587 0.7813051 0.5837594 0.784999 0.5918627 0.7834119 0.5833983 0.7842757 0.5832503 0.7898868 0.5816524 0.7943729 0.5897564 0.7897657 0.5909794 0.7943729 0.5897564 0.7910854 0.5811546 0.792466 0.5805812 0.8029087 0.5863484 0.7976458 0.5774666 0.7989658 0.576424 0.802037 0.5730218 0.8031925 0.5710579 0.8111688 0.580026 0.804416 0.5673429 0.8044839 0.5665148 0.8137925 0.5750753 0.8039349 0.5614718 0.8031488 0.5595951 0.8158811 0.5687118 0.8135947 0.6737788 0.8124683 0.6796027 0.791489 0.6695005 0.7851909 0.6658604 0.7827897 0.6650353 0.7751966 0.6616553 0.8124683 0.6796027 0.8111695 0.6852136 0.7970516 0.6759679 0.8048802 0.7035959 0.7986835 0.6934801 0.7990767 0.6925069 0.8048802 0.7035959 0.8029262 0.7062244 0.7971323 0.695352 0.7930407 0.6978224 0.7944308 0.6971493 0.8006684 0.7086601 0.7912635 0.6985192 0.7922022 0.6981512 0.7981315 0.7108762 0.7813585 0.6970749 0.7817053 0.6977145 0.7819924 0.6983833 0.7819924 0.6983833 0.7821946 0.699082 0.7823117 0.6997991 0.7826166 0.6950696 0.7857884 0.7171016 0.7823117 0.6997991 0.7813925 0.7039926 0.7809846 0.7046015 0.7804566 0.6959322 0.7817324 0.7033457 0.7813585 0.6970749 0.7821946 0.7019665 0.7809458 0.6964743 0.7813585 0.6970749 0.7817324 0.7033457 0.7799838 0.7056792 0.7805133 0.7051658 0.782323 0.7179128 0.7799838 0.7056792 0.7794018 0.7061362 0.7799141 0.6954443 0.7801469 0.6926006 0.7793214 0.6950196 0.7786909 0.6946561 0.7766841 0.7073094 0.7774074 0.7071214 0.7787794 0.7184031 0.7766191 0.6940357 0.7751966 0.6919494 0.7776735 0.6921125 0.7759445 0.7074229 0.7751966 0.7074609 0.7751966 0.6939321 0.7716138 0.7184031 0.7729858 0.7071214 0.7737092 0.7073094 0.7751966 0.6919494 0.7751966 0.6939321 0.7744845 0.6939545 0.7680703 0.7179128 0.7698799 0.7051658 0.7704095 0.7056792 0.7717024 0.6946561 0.7710718 0.6950196 0.7702464 0.6926006 0.7680816 0.6997991 0.7646049 0.7171016 0.7677767 0.6934265 0.7683925 0.7026678 0.7680703 0.7179128 0.7646049 0.7171016 0.7522618 0.7108762 0.7581911 0.6981512 0.7591298 0.6978935 0.7497249 0.7086601 0.7559625 0.6971493 0.7573525 0.6978224 0.745513 0.7035959 0.7521827 0.6941722 0.753261 0.695352 0.7513166 0.6925069 0.7517098 0.6934801 0.745513 0.7035959 0.7382109 0.6796248 0.7553176 0.6730263 0.7539169 0.6749574 0.7652024 0.6658604 0.7373958 0.6737695 0.7751966 0.6616553 0.7352126 0.6379894 0.7353374 0.63253 0.7469967 0.6410495 0.7464583 0.6397644 0.7469967 0.6410495 0.7353374 0.63253 0.7472008 0.6301783 0.7464583 0.6319506 0.7366008 0.6261608 0.7483564 0.6282144 0.7472008 0.6301783 0.7392244 0.6212102 0.7474846 0.6148878 0.7527475 0.6237696 0.7514274 0.6248123 0.7560204 0.6114798 0.7593079 0.6200816 0.7579273 0.620655 0.7605065 0.6195837 0.7560204 0.6114798 0.7606276 0.6102567 0.7661176 0.6179859 0.7606276 0.6102567 0.7653943 0.6093735 0.7702685 0.6088396 0.7710558 0.6172775 0.7690881 0.6174768 0.7721256 0.6171692 0.7710558 0.6172775 0.7702685 0.6088396 0.7801248 0.6088396 0.7793375 0.6172775 0.7782678 0.6171692 0.7813051 0.6174768 0.7793375 0.6172775 0.7801248 0.6088396 0.7842757 0.6179859 0.7834119 0.6178379 0.784999 0.6093735 0.7898868 0.6195837 0.7873557 0.6187589 0.7897657 0.6102567 0.792466 0.620655 0.7910854 0.6200816 0.7943729 0.6114798 0.7989658 0.6248123 0.7976458 0.6237696 0.8029087 0.6148878 0.802037 0.6282144 0.8067438 0.6170355 0.8111688 0.6212102 0.8137925 0.6261608 0.804416 0.6338933 0.8039349 0.6319506 0.804416 0.6378217 0.8137925 0.6261608 0.8158811 0.6325244 0.7813288 0.4461955 0.7875755 0.4436762 0.7883431 0.4454658 0.7875755 0.4436762 0.7937358 0.4411918 0.7945035 0.4429814 0.7945035 0.4429814 0.7937358 0.4411918 0.7997424 0.4387695 0.8005101 0.440559 0.7997424 0.4387695 0.8055293 0.4364356 0.806297 0.4382252 0.8055293 0.4364356 0.8244881 0.4287897 0.8252558 0.4305793 0.8244881 0.4287897 0.8271991 0.4276964 0.8279668 0.4294859 0.8271991 0.4276964 0.8297111 0.4266833 0.8304788 0.4284729 0.8297111 0.4266833 0.8319968 0.4257615 0.8434251 0.5685861 0.8434251 0.5667965 0.8462132 0.5659761 0.8462132 0.5659761 0.8492221 0.5652661 0.8492221 0.5670557 0.8492221 0.5652661 0.8524188 0.5646743 0.8524188 0.5664638 0.8524188 0.5664638 0.8524188 0.5646743 0.8557682 0.5642071 0.8557682 0.5659967 0.8557682 0.5642071 0.8592337 0.5638697 0.8592337 0.5656592 0.8592337 0.5638697 0.8627772 0.5636658 0.8627772 0.5654553 0.8627772 0.5636658 0.86636 0.5635976 0.86636 0.5635976 0.8699427 0.5636658 0.8699427 0.5654553 0.8734863 0.5638697 0.8769517 0.5642071 0.8769517 0.5659967 0.8699427 0.5636658 0.8734863 0.5638697 0.8734863 0.5656592 0.8803011 0.5646743 0.8834978 0.5652661 0.8834978 0.5670557 0.8769517 0.5642071 0.8803011 0.5646743 0.8803011 0.5664638 0.8865067 0.5659761 0.8892949 0.5667965 0.8892949 0.5685861 0.8834978 0.5670557 0.8834978 0.5652661 0.8865067 0.5659761 0.2652723 0.2361425 0.2677844 0.2371556 0.2670167 0.2389451 0.2629867 0.2352207 0.2652723 0.2361425 0.2645047 0.237932 0.2704954 0.2382489 0.289391 0.2458693 0.2886233 0.2476589 0.2677844 0.2371556 0.2704954 0.2382489 0.2697277 0.2400385 0.2944506 0.2500091 0.2952183 0.2482194 0.3012572 0.2506549 0.2886233 0.2476589 0.289391 0.2458693 0.2952183 0.2482194 0.3066739 0.2549386 0.3074416 0.253149 0.3137036 0.2556745 0.3004896 0.2524445 0.3012572 0.2506549 0.3074416 0.253149 0.3199748 0.2582035 0.3261863 0.2607086 0.3254186 0.2624981 0.3137036 0.2556745 0.3199748 0.2582035 0.3192071 0.2599931 0.3381596 0.2655373 0.3437902 0.2678081 0.3430225 0.2695977 0.3430225 0.2695977 0.3437902 0.2678081 0.3503592 0.2704573 0.3261863 0.2607086 0.3322701 0.2631621 0.3315024 0.2649517 0.3322701 0.2631621 0.3381596 0.2655373 0.3373919 0.2673268 0.8178623 0.1454483 0.8178623 0.1436587 0.8216974 0.1445521 0.8216974 0.1463415 0.8216974 0.1445521 0.8258362 0.1453251 0.3495915 0.2722468 0.3503592 0.2704573 0.3554652 0.2725165 0.3546975 0.2743061 0.3554652 0.2725165 0.3597708 0.2742529 0.8258362 0.1471147 0.8258362 0.1453251 0.8302332 0.1459696 0.8302332 0.147759 0.8302332 0.1459696 0.8348404 0.1464782 0.8348404 0.1482678 0.8348404 0.1464782 0.8396071 0.1468456 0.8396071 0.1486352 0.8396071 0.1468456 0.8444813 0.1470677 0.8444813 0.1470677 0.8494095 0.147142 0.8494095 0.1489316 0.8494095 0.147142 0.8543376 0.1470677 0.8543376 0.1488572 0.8543376 0.1470677 0.8592118 0.1468456 0.8592118 0.1486352 0.8592118 0.1468456 0.8639785 0.1464782 0.8639785 0.1482678 0.8639785 0.1464782 0.8685857 0.1459696 0.8685857 0.147759 0.8685857 0.1459696 0.8729827 0.1453251 0.8729827 0.1471147 0.8729827 0.1453251 0.8771215 0.1445521 0.8771215 0.1463415 0.8771215 0.1445521 0.8809566 0.1436587 0.8809566 0.1454483 0.7352126 0.4647937 0.7395183 0.4630573 0.7402859 0.4648469 0.7395183 0.4630573 0.7446243 0.4609981 0.745392 0.4627876 0.7446243 0.4609981 0.7511875 0.4583511 0.7519552 0.4601407 0.7511875 0.4583511 0.7568464 0.456069 0.7576141 0.4578586 0.7568464 0.456069 0.7627556 0.4536859 0.7635233 0.4554753 0.7627556 0.4536859 0.7688505 0.4512278 0.7696182 0.4530174 0.7696182 0.4530174 0.7688505 0.4512278 0.7750643 0.4487219 0.7750643 0.4487219 0.7813288 0.4461955 0.7820965 0.4479851 0.2900756 0.183306 0.2921014 0.1841231 0.2913337 0.1859127 0.2873042 0.1842876 0.2880719 0.182498 0.2900756 0.183306 0.2842186 0.180944 0.2861365 0.1817175 0.2853688 0.183507 0.2816434 0.1820046 0.282411 0.1802151 0.2842186 0.180944 0.2807098 0.1795289 0.282411 0.1802151 0.2816434 0.1820046 0.8892949 0.6323335 0.8873595 0.6316977 0.8873595 0.6299082 0.8873595 0.6316977 0.885185 0.6311193 0.885185 0.6293297 0.885185 0.6293297 0.885185 0.6311193 0.882795 0.6306044 0.882795 0.6306044 0.8802158 0.6301588 0.8802158 0.6283692 0.877667 0.6280238 0.877667 0.6298133 0.874039 0.6294538 0.8689916 0.6291711 0.8682382 0.6291494 0.8682382 0.6273599 0.870703 0.6292432 0.8698112 0.6274161 0.870703 0.6274536 0.8698112 0.6274161 0.870703 0.6292432 0.8698112 0.6292057 0.8603483 0.6274536 0.8603483 0.6292432 0.858841 0.6293235 0.8537834 0.6279766 0.8537834 0.6297662 0.8508355 0.6301588 0.8537834 0.6279766 0.8570123 0.6276643 0.8570123 0.6294538 0.8482563 0.6306044 0.8458664 0.6311193 0.8458664 0.6293297 0.8508355 0.6301588 0.8482563 0.6306044 0.8482563 0.6288148 0.8436918 0.6316977 0.8417565 0.6323335 0.8417565 0.630544 0.8458664 0.6293297 0.8458664 0.6311193 0.8436918 0.6316977 0.8660633 0.5165529 0.8678708 0.515824 0.8686385 0.5176135 0.8400815 0.6312301 0.8417565 0.630544 0.8417565 0.6323335 0.8649371 0.5191063 0.8643031 0.519362 0.8635354 0.5175725 0.8635354 0.5175725 0.8643031 0.519362 0.8629776 0.5198965 0.8649371 0.5191063 0.8641695 0.5173167 0.8660633 0.5165529 0.8581805 0.519732 0.8602063 0.518915 0.860974 0.5207046 0.8602063 0.518915 0.86221 0.518107 0.8629776 0.5198965 0.854151 0.5213571 0.8561546 0.520549 0.8569223 0.5223386 0.8577765 0.5219941 0.8561546 0.520549 0.8570088 0.5202046 0.8481538 0.5237757 0.8502976 0.5229111 0.8510653 0.5247007 0.8502976 0.5229111 0.8523231 0.5220943 0.8530908 0.5238838 0.8848788 0.5877417 0.882795 0.5881906 0.882795 0.5864011 0.8814144 0.5866395 0.882795 0.5864011 0.882795 0.5881906 0.8814144 0.5866395 0.8814144 0.5884291 0.8802158 0.5886362 0.8873595 0.5870972 0.8873595 0.5853077 0.8879747 0.5851055 0.8892949 0.5846719 0.8892949 0.5864614 0.8879747 0.5868951 0.8848788 0.5859521 0.8873595 0.5853077 0.8873595 0.5870972 0.8802158 0.5868466 0.8802158 0.5886362 0.8776847 0.5889793 0.8746047 0.5893008 0.8746047 0.5875113 0.8776847 0.5871897 0.873741 0.5893623 0.8716342 0.5895125 0.8716342 0.587723 0.873741 0.5875728 0.8746047 0.5875113 0.8746047 0.5893008 0.8696665 0.5895954 0.8696665 0.5878059 0.8716342 0.587723 0.8685967 0.5878509 0.8696665 0.5878059 0.8696665 0.5895954 0.8655257 0.5878938 0.8685967 0.5878509 0.8685967 0.5896405 0.8624545 0.5896405 0.8624545 0.5878509 0.8655257 0.5878938 0.8613848 0.5895954 0.8613848 0.5878059 0.8624545 0.5878509 0.8594172 0.587723 0.8613848 0.5878059 0.8613848 0.5895954 0.8573104 0.5893623 0.8573104 0.5875728 0.8594172 0.587723 0.8573104 0.5875728 0.8573104 0.5893623 0.8564466 0.5893008 0.8533666 0.5871897 0.8564466 0.5875113 0.8564466 0.5893008 0.8508355 0.5868466 0.8533666 0.5871897 0.8533666 0.5889793 0.8496369 0.5884291 0.8482563 0.5864011 0.8496369 0.5866395 0.8461725 0.5877417 0.8461725 0.5859521 0.8482563 0.5864011 0.8436918 0.5870972 0.8436918 0.5853077 0.8461725 0.5859521 0.8430765 0.5868951 0.8417565 0.5846719 0.8430765 0.5851055 0.2999843 0.1873022 0.3021281 0.1881667 0.3010241 0.1898207 0.2971911 0.1882748 0.2979587 0.1864852 0.2999843 0.1873022 0.2933596 0.1867296 0.2941272 0.18494 0.2961309 0.1857482 0.2925055 0.1863852 0.2913337 0.1859127 0.2932732 0.1845957 0.8552596 0.6557596 0.8544919 0.65397 0.8626046 0.6506983 0.8529141 0.6567055 0.8521464 0.6549159 0.8544919 0.65397 0.8506203 0.6576306 0.8498526 0.655841 0.8521464 0.6549159 0.8476356 0.6567351 0.8498526 0.655841 0.8506203 0.6576306 0.8484033 0.6585247 0.8473331 0.6589563 0.8465654 0.6571667 0.8465654 0.6571667 0.8473331 0.6589563 0.8462874 0.659378 0.843528 0.6583917 0.8455197 0.6575884 0.8462874 0.659378 0.8424502 0.6609255 0.8416825 0.6591359 0.843528 0.6583917 0.8400815 0.6597816 0.8416825 0.6591359 0.8424502 0.6609255 0.8686385 0.495585 0.8686385 0.4973745 0.866555 0.4980087 0.866555 0.4980087 0.864398 0.4985304 0.864398 0.4967408 0.864398 0.4985304 0.8621063 0.4989652 0.8621063 0.4971756 0.8621063 0.4971756 0.8621063 0.4989652 0.8597052 0.4993084 0.8597052 0.4975188 0.8597052 0.4993084 0.8584485 0.4994338 0.8584485 0.4994338 0.8572208 0.4995563 0.8572208 0.4977667 0.8561255 0.4978314 0.8561255 0.4996209 0.8546805 0.499706 0.8561255 0.4996209 0.8561255 0.4978314 0.8572208 0.4977667 0.844519 0.4975188 0.8456624 0.4976329 0.8456624 0.4994224 0.8456624 0.4994224 0.8456624 0.4976329 0.8470034 0.4977667 0.8480979 0.4978312 0.8495436 0.4979166 0.8495436 0.499706 0.8480979 0.4996208 0.8470034 0.4995563 0.8470034 0.4977667 0.8421179 0.4971756 0.8421179 0.4989652 0.8398262 0.4985304 0.844519 0.4993084 0.8421179 0.4989652 0.8421179 0.4971756 0.8376691 0.4962193 0.8376691 0.4980087 0.8358198 0.4974511 0.8398262 0.4967408 0.8398262 0.4985304 0.8376691 0.4980087 0.2998567 0.2158788 0.3017022 0.216623 0.3009345 0.2184126 0.3027254 0.2191349 0.3009345 0.2184126 0.3017022 0.216623 0.2970974 0.2168651 0.2960551 0.2164448 0.2968229 0.2146552 0.2957491 0.2142223 0.2968229 0.2146552 0.2960551 0.2164448 0.2970974 0.2168651 0.2978651 0.2150756 0.2998567 0.2158788 0.2912383 0.212403 0.2935321 0.2133282 0.2927644 0.2151176 0.2927644 0.2151176 0.2935321 0.2133282 0.2957491 0.2142223 0.2807801 0.2081854 0.2888928 0.2114572 0.2881251 0.2132467 0.2888928 0.2114572 0.2912383 0.212403 0.2904706 0.2141926 0.2787613 0.2073712 0.2797652 0.207776 0.2789975 0.2095656 0.2789975 0.2095656 0.2797652 0.207776 0.2807801 0.2081854 0.3591145 0.1361297 0.3597708 0.1363397 0.3597708 0.1381293 0.3570693 0.1373817 0.3570693 0.1355922 0.3591145 0.1361297 0.276063 0.2083822 0.2768307 0.2065926 0.2780476 0.2070834 0.3525159 0.1361613 0.3525159 0.1343717 0.3539021 0.1350224 0.3548407 0.136965 0.3539021 0.1368119 0.3548407 0.1351754 0.3452551 0.1350046 0.3452551 0.133215 0.3477022 0.1334189 0.3427854 0.1345348 0.3427854 0.1327452 0.3452551 0.133215 0.340312 0.1347377 0.340312 0.1329482 0.3427854 0.1327452 0.3378351 0.1330161 0.3378351 0.1348056 0.3353583 0.1347377 0.3328849 0.1327452 0.3353583 0.1329482 0.3353583 0.1347377 0.3304151 0.1341912 0.3304151 0.1324017 0.3328849 0.1327452 0.3279681 0.1333702 0.3304151 0.1324017 0.3304151 0.1341912 0.3279681 0.1351598 0.3255415 0.1354166 0.3255415 0.133627 0.3255415 0.1354166 0.3231545 0.1356717 0.3231545 0.1338821 0.3231545 0.1356717 0.3217683 0.1363444 0.3217683 0.1345548 0.3208296 0.1351754 0.3217683 0.1345548 0.3217683 0.1363444 0.3208296 0.1351754 0.3208296 0.136965 0.3199911 0.1371017 0.318601 0.1355922 0.3199911 0.1353121 0.3199911 0.1371017 0.3165558 0.1361297 0.318601 0.1355922 0.318601 0.1373817 0.3165558 0.1361297 0.3165558 0.1379193 0.3158995 0.1381293 0.8653371 0.6495962 0.866554 0.6491055 0.8673217 0.6508951 0.8643872 0.6520785 0.8636195 0.6502889 0.8646234 0.6498841 0.8626046 0.6506983 0.8636195 0.6502889 0.8643872 0.6520785</float_array>
          <technique_common>
            <accessor source="#Mesh-mesh-map-0-array" count="12354" stride="2">
              <param name="S" type="float"/>
              <param name="T" type="float"/>
            </accessor>
          </technique_common>
        </source>
        <vertices id="Mesh-mesh-vertices">
          <input semantic="POSITION" source="#Mesh-mesh-positions"/>
        </vertices>
        <triangles material="Material_001-material" count="4118">
          <input semantic="VERTEX" source="#Mesh-mesh-vertices" offset="0"/>
          <input semantic="NORMAL" source="#Mesh-mesh-normals" offset="1"/>
          <input semantic="TEXCOORD" source="#Mesh-mesh-map-0" offset="2" set="0"/>
          <p>92 0 0 1 1 1 2 2 2 88 3 3 0 4 4 137 3 5 137 3 6 0 4 7 140 5 8 140 5 9 0 4 10 148 6 11 1 1 12 148 6 13 0 4 14 94 7 15 0 4 16 143 3 17 88 3 18 144 3 19 0 4 20 144 3 21 143 3 22 0 4 23 2 2 24 98 8 25 92 0 26 100 3 27 0 4 28 142 9 29 94 7 30 142 9 31 0 4 32 3 10 33 102 11 34 98 8 35 106 3 36 0 4 37 138 3 38 100 3 39 138 3 40 0 4 41 4 12 42 141 13 43 102 11 44 141 13 45 4 12 46 104 14 47 5 15 48 104 14 49 4 12 50 113 16 51 0 4 52 152 17 53 106 3 54 152 17 55 0 4 56 5 15 57 149 18 58 104 14 59 112 19 60 5 15 61 6 20 62 0 4 63 113 16 64 139 21 65 6 20 66 136 22 67 112 19 68 91 3 69 146 3 70 7 3 71 146 3 72 6 20 73 7 3 74 115 23 75 0 4 76 139 21 77 7 3 78 151 3 79 91 3 80 96 24 81 7 3 82 8 25 83 109 26 84 0 4 85 158 27 86 115 23 87 158 27 88 0 4 89 8 25 90 155 28 91 96 24 92 8 25 93 9 3 94 160 29 95 160 29 96 155 28 97 8 25 98 0 4 99 109 26 100 108 30 101 9 3 102 135 3 103 160 29 104 107 31 105 9 3 106 10 32 107 125 33 108 0 4 109 153 34 110 108 30 111 153 34 112 0 4 113 10 32 114 156 35 115 107 31 116 111 36 117 10 32 118 11 37 119 0 4 120 125 33 121 145 38 122 11 37 123 154 39 124 111 36 125 90 40 126 11 37 127 12 41 128 90 40 129 154 39 130 11 37 131 117 42 132 0 4 133 145 38 134 12 41 135 161 43 136 90 40 137 161 43 138 13 44 139 95 3 140 0 4 141 117 42 142 1440 45 143 13 44 144 165 46 145 95 3 146 101 3 147 165 46 148 14 47 149 121 48 150 0 4 151 1440 45 152 14 47 153 147 49 154 101 3 155 105 50 156 147 49 157 15 51 158 0 4 159 121 48 160 1382 52 161 15 51 162 150 53 163 105 50 164 110 3 165 150 53 166 16 3 167 0 4 168 1382 52 169 89 54 170 17 55 171 159 56 172 16 3 173 110 3 174 16 3 175 159 56 176 89 54 177 163 57 178 0 4 179 18 47 180 162 58 181 17 55 182 87 50 183 17 55 184 162 58 185 0 4 186 163 57 187 120 59 188 19 44 189 169 60 190 18 47 191 129 3 192 18 47 193 169 60 194 120 59 195 1438 61 196 0 4 197 19 44 198 167 62 199 99 3 200 20 41 201 157 40 202 167 62 203 0 4 204 1438 61 205 116 63 206 20 41 207 21 64 208 157 40 209 157 40 210 21 64 211 171 39 212 21 64 213 123 65 214 171 39 215 116 63 216 164 66 217 0 4 218 127 67 219 0 4 220 164 66 221 123 65 222 21 64 223 173 68 224 22 69 225 173 68 226 21 64 227 0 4 228 127 67 229 93 70 230 114 71 231 23 3 232 177 3 233 23 3 234 168 29 235 177 3 236 93 70 237 166 72 238 0 4 239 133 73 240 0 4 241 166 72 242 168 29 243 24 25 244 180 28 245 24 25 246 97 74 247 180 28 248 133 73 249 122 21 250 0 4 251 97 74 252 25 3 253 182 3 254 25 3 255 103 3 256 182 3 257 0 4 258 122 21 259 128 16 260 103 3 261 25 3 262 170 3 263 170 3 264 26 75 265 172 22 266 26 75 267 124 76 268 172 22 269 128 16 270 175 17 271 0 4 272 118 3 273 0 4 274 175 17 275 124 76 276 26 75 277 174 77 278 27 78 279 174 77 280 26 75 281 118 3 282 179 3 283 0 4 284 132 3 285 0 4 286 179 3 287 28 79 288 176 80 289 27 78 290 178 81 291 28 79 292 130 82 293 28 79 294 178 81 295 176 80 296 132 3 297 181 9 298 0 4 299 134 7 300 0 4 301 181 9 302 29 10 303 130 82 304 28 79 305 134 7 306 184 3 307 0 4 308 126 3 309 0 4 310 183 3 311 183 3 312 0 4 313 184 3 314 30 83 315 119 8 316 29 10 317 31 84 318 131 85 319 30 83 320 126 3 321 186 3 322 0 4 323 186 3 324 187 5 325 0 4 326 187 5 327 185 86 328 0 4 329 31 84 330 0 4 331 185 86 332 32 3 333 0 4 334 31 84 335 33 3 336 0 4 337 32 3 338 34 87 339 0 4 340 33 3 341 35 88 342 0 4 343 34 87 344 36 3 345 0 4 346 35 88 347 37 3 348 0 4 349 36 3 350 38 3 351 0 4 352 37 3 353 39 3 354 0 4 355 38 3 356 40 3 357 0 4 358 39 3 359 41 3 360 0 4 361 40 3 362 42 3 363 0 4 364 41 3 365 43 3 366 0 4 367 42 3 368 44 89 369 0 4 370 43 3 371 45 90 372 0 4 373 44 89 374 46 91 375 0 4 376 45 90 377 47 92 378 0 4 379 46 91 380 48 93 381 0 4 382 47 92 383 49 94 384 0 4 385 48 93 386 50 95 387 0 4 388 49 94 389 51 96 390 0 4 391 50 95 392 52 3 393 0 4 394 51 96 395 53 3 396 0 4 397 52 3 398 54 3 399 0 4 400 53 3 401 55 3 402 0 4 403 54 3 404 56 3 405 0 4 406 55 3 407 57 88 408 0 4 409 56 3 410 58 87 411 0 4 412 57 88 413 59 3 414 0 4 415 58 87 416 60 3 417 0 4 418 59 3 419 1 1 420 0 4 421 60 3 422 60 97 423 1250 98 424 1 99 425 59 100 426 61 101 427 60 102 428 58 103 429 1272 104 430 59 100 431 57 105 432 86 106 433 58 107 434 56 108 435 85 109 436 57 105 437 55 110 438 1271 111 439 56 108 440 54 112 441 1270 113 442 55 110 443 53 114 444 84 115 445 54 112 446 52 116 447 1269 117 448 53 114 449 51 118 450 1276 119 451 52 116 452 50 120 453 83 121 454 51 118 455 49 122 456 82 123 457 50 124 458 48 125 459 1275 126 460 49 122 461 47 127 462 1274 128 463 48 125 464 46 129 465 81 130 466 47 127 467 45 131 468 80 132 469 46 129 470 44 133 471 1273 134 472 45 131 473 43 135 474 1264 136 475 44 133 476 42 137 477 1263 138 478 43 139 479 41 140 480 1261 141 481 42 137 482 38 142 483 1235 143 484 39 144 485 37 145 486 1262 146 487 38 142 488 40 147 489 79 148 490 41 140 491 39 144 492 1260 149 493 40 147 494 34 150 495 1267 151 496 35 152 497 33 153 498 77 154 499 34 150 500 36 155 501 1268 156 502 37 145 503 35 157 504 78 158 505 36 155 506 31 159 507 75 160 508 32 161 509 32 161 510 76 162 511 33 163 512 29 164 513 1266 165 514 30 166 515 30 167 516 1265 168 517 31 159 518 27 169 519 73 170 520 28 171 521 28 172 522 74 173 523 29 164 524 25 174 525 1258 175 526 26 176 527 26 177 528 72 178 529 27 169 530 23 179 531 1255 180 532 24 181 533 24 182 534 1252 183 535 25 174 536 21 184 537 1259 185 538 22 186 539 22 187 540 71 188 541 23 179 542 19 189 543 1257 190 544 20 191 545 20 192 546 1256 193 547 21 184 548 17 194 549 1246 195 550 18 196 551 18 197 552 1254 198 553 19 189 554 16 199 555 70 200 556 17 194 557 15 201 558 69 202 559 16 199 560 14 203 561 1251 204 562 15 205 563 13 206 564 68 207 565 14 203 566 12 208 567 1248 209 568 13 210 569 11 211 570 1247 212 571 12 208 572 10 213 573 1244 214 574 11 215 575 9 216 576 1245 217 577 10 213 578 8 218 579 67 219 580 9 220 581 7 221 582 66 222 583 8 218 584 6 223 585 1253 224 586 7 225 587 5 226 588 65 227 589 6 223 590 4 228 591 64 229 592 5 230 593 3 231 594 63 232 595 4 228 596 2 233 597 62 234 598 3 235 599 1 99 600 1249 236 601 2 233 602 1065 237 603 1054 238 604 1042 239 605 191 240 606 188 241 607 190 242 608 610 243 609 1188 244 610 1187 245 611 1043 246 612 1065 237 613 1042 239 614 193 247 615 190 242 616 192 248 617 1189 249 618 614 250 619 618 251 620 1147 252 621 1043 246 622 1045 253 623 195 254 624 192 248 625 194 254 626 1190 255 627 618 251 628 622 256 629 974 257 630 1147 252 631 1045 253 632 197 258 633 194 254 634 196 259 635 622 256 636 1191 260 637 1190 255 638 1144 261 639 974 257 640 1048 262 641 199 263 642 196 259 643 198 263 644 1192 264 645 626 265 646 629 266 647 1143 267 648 1048 262 649 1050 268 650 201 269 651 198 263 652 200 270 653 1193 271 654 629 266 655 635 272 656 1051 273 657 1143 267 658 1050 268 659 203 274 660 200 270 661 202 275 662 1194 276 663 635 272 664 637 277 665 1141 278 666 1051 273 667 1052 279 668 205 280 669 202 275 670 204 281 671 1249 282 672 892 283 673 1198 284 674 61 285 675 1194 276 676 637 277 677 1250 286 678 61 285 679 637 277 680 637 277 681 1249 287 682 1250 286 683 1140 288 684 1052 279 685 992 289 686 207 290 687 204 281 688 206 291 689 63 292 690 644 293 691 1202 294 692 892 283 693 63 295 694 62 296 695 1198 284 696 892 283 697 62 296 698 1138 297 699 992 289 700 1000 298 701 209 299 702 206 291 703 208 300 704 65 3 705 823 3 706 1206 3 707 644 293 708 65 301 709 64 302 710 1202 294 711 644 293 712 64 302 713 1137 303 714 1000 298 715 1001 304 716 211 305 717 208 300 718 210 306 719 66 307 720 822 308 721 1209 3 722 1253 3 723 1206 3 724 823 3 725 66 3 726 1253 3 727 823 3 728 1003 309 729 1137 303 730 1001 304 731 213 310 732 210 306 733 212 311 734 1245 3 735 821 312 736 1213 3 737 822 308 738 1245 3 739 67 3 740 1209 3 741 822 308 742 67 3 743 1083 313 744 1003 309 745 1002 314 746 215 315 747 212 311 748 214 316 749 1247 317 750 649 318 751 1217 319 752 1244 3 753 1213 3 754 821 312 755 1247 320 756 1244 3 757 821 312 758 1082 321 759 1002 314 760 1004 322 761 217 323 762 214 316 763 216 324 764 651 325 765 68 326 766 649 327 767 649 318 768 68 328 769 1248 329 770 1217 319 771 649 318 772 1248 329 773 1005 330 774 1082 321 775 1004 322 776 219 331 777 216 324 778 218 332 779 1251 333 780 651 325 781 650 334 782 650 334 783 69 335 784 1251 333 785 1088 336 786 1005 330 787 1007 337 788 221 338 789 218 332 790 220 339 791 652 340 792 70 341 793 650 342 794 70 343 795 69 335 796 650 334 797 1006 344 798 1088 336 799 1007 337 800 223 345 801 220 339 802 222 346 803 1246 347 804 1201 348 805 652 340 806 1254 349 807 1246 347 808 652 340 809 1254 350 810 653 351 811 1205 352 812 1132 353 813 1006 344 814 1008 354 815 225 355 816 222 346 817 224 356 818 1257 357 819 653 351 820 659 358 821 659 359 822 1212 360 823 1256 361 824 659 358 825 1256 3 826 1257 357 827 1010 362 828 1132 353 829 1008 354 830 227 363 831 224 356 832 226 364 833 71 365 834 655 366 835 1216 367 836 1259 3 837 659 359 838 655 3 839 71 3 840 1259 3 841 655 3 842 1129 368 843 1010 362 844 1013 369 845 229 370 846 226 364 847 228 371 848 1255 372 849 655 366 850 660 373 851 660 374 852 1196 375 853 1252 376 854 660 373 855 1252 377 856 1255 372 857 1092 378 858 1013 369 859 1012 379 860 231 380 861 228 371 862 230 381 863 72 3 864 673 382 865 1199 383 866 1258 3 867 660 374 868 673 384 869 72 3 870 1258 3 871 673 384 872 986 385 873 1092 378 874 1012 379 875 233 386 876 230 381 877 232 387 878 73 388 879 673 382 880 845 389 881 845 390 882 1219 391 883 74 392 884 74 393 885 73 388 886 845 389 887 1097 394 888 986 385 889 1049 395 890 235 396 891 232 387 892 234 397 893 75 398 894 668 399 895 1203 400 896 1266 401 897 1219 391 898 845 390 899 1265 402 900 668 403 901 75 404 902 668 403 903 1266 401 904 845 390 905 1094 405 906 1049 395 907 1015 406 908 237 407 909 234 397 910 236 408 911 1203 400 912 691 409 913 1229 410 914 1101 411 915 1015 406 916 1016 412 917 239 413 918 236 408 919 238 414 920 1229 410 921 681 266 922 1207 415 923 1014 416 924 1101 411 925 1016 412 926 241 417 927 238 414 928 240 418 929 1207 415 930 705 419 931 1208 420 932 1099 421 933 1014 416 934 1019 422 935 243 423 936 240 418 937 242 424 938 1208 420 939 708 425 940 1234 426 941 1017 427 942 1099 421 943 1019 422 944 245 428 945 242 424 946 244 428 947 1234 426 948 857 429 949 1210 430 950 1105 431 951 1017 427 952 1018 432 953 247 433 954 244 428 955 246 433 956 1210 430 957 721 434 958 1211 435 959 1021 436 960 1105 431 961 1018 432 962 249 437 963 246 433 964 248 438 965 1211 435 966 861 439 967 1238 440 968 1116 441 969 1021 436 970 1020 442 971 251 443 972 248 438 973 250 444 974 1238 440 975 716 445 976 1214 446 977 1025 447 978 1116 441 979 1020 442 980 253 448 981 250 444 982 252 449 983 716 445 984 1215 450 985 1214 446 986 1119 451 987 1025 447 988 1023 452 989 255 453 990 252 449 991 254 453 992 729 454 993 1215 450 994 865 455 995 1022 456 996 1119 451 997 1023 452 998 257 457 999 254 453 1000 256 458 1001 729 454 1002 1218 459 1003 1226 460 1004 1117 461 1005 1022 456 1006 1029 462 1007 259 463 1008 256 458 1009 258 463 1010 1195 464 1011 743 465 1012 741 466 1013 1122 467 1014 1029 462 1015 1027 468 1016 261 469 1017 258 463 1018 260 470 1019 1221 471 1020 741 466 1021 735 472 1022 1059 473 1023 1122 467 1024 1027 468 1025 263 474 1026 260 470 1027 262 475 1028 1220 476 1029 735 472 1030 754 477 1031 1120 478 1032 1059 473 1033 1028 479 1034 265 480 1035 262 475 1036 264 481 1037 754 477 1038 1222 482 1039 1220 476 1040 1124 483 1041 1028 479 1042 1058 484 1043 267 485 1044 264 481 1045 266 486 1046 750 487 1047 1224 488 1048 1222 482 1049 1123 489 1050 1058 484 1051 1060 490 1052 269 491 1053 266 486 1054 268 492 1055 746 493 1056 1200 494 1057 1224 488 1058 1127 495 1059 1060 490 1060 1061 496 1061 271 497 1062 268 492 1063 270 498 1064 767 499 1065 1225 500 1066 1200 494 1067 1126 501 1068 1061 496 1069 1062 502 1070 273 503 1071 270 498 1072 272 504 1073 761 505 1074 1232 506 1075 77 507 1076 761 508 1077 76 509 1078 1225 500 1079 77 510 1080 76 509 1081 761 508 1082 1055 511 1083 1126 501 1084 1062 502 1085 275 512 1086 272 504 1087 274 513 1088 1262 514 1089 941 515 1090 1235 516 1091 1267 3 1092 1232 506 1093 772 517 1094 78 518 1095 1267 3 1096 772 517 1097 1268 519 1098 78 518 1099 772 517 1100 1262 514 1101 1268 519 1102 772 517 1103 976 520 1104 1125 521 1105 1055 511 1106 277 522 1107 274 513 1108 276 523 1109 773 524 1110 1240 525 1111 1261 3 1112 773 526 1113 1261 3 1114 79 3 1115 773 526 1116 79 3 1117 1260 527 1118 1260 527 1119 941 515 1120 773 526 1121 978 528 1122 1069 529 1123 976 520 1124 279 530 1125 276 523 1126 278 531 1127 933 532 1128 80 533 1129 1273 534 1130 1263 535 1131 1240 525 1132 773 524 1133 1264 536 1134 773 524 1135 933 532 1136 933 532 1137 1273 534 1138 1264 536 1139 1071 537 1140 978 528 1141 967 538 1142 281 539 1143 278 531 1144 280 540 1145 81 541 1146 80 533 1147 933 532 1148 771 542 1149 1228 543 1150 1275 544 1151 771 545 1152 1274 546 1153 933 532 1154 1274 546 1155 81 541 1156 933 532 1157 1067 547 1158 967 538 1159 1056 548 1160 283 549 1161 280 540 1162 282 550 1163 82 551 1164 1228 543 1165 771 542 1166 83 552 1167 82 551 1168 771 542 1169 1276 553 1170 937 554 1171 1269 555 1172 1276 553 1173 83 552 1174 771 542 1175 988 556 1176 1067 547 1177 1056 548 1178 285 557 1179 282 550 1180 284 558 1181 84 559 1182 937 554 1183 777 560 1184 777 561 1185 1239 562 1186 85 563 1187 777 560 1188 85 3 1189 1271 564 1190 777 560 1191 1271 564 1192 1270 565 1193 777 560 1194 1270 565 1195 84 559 1196 993 566 1197 1068 567 1198 988 556 1199 287 568 1200 284 558 1201 286 569 1202 1272 3 1203 778 3 1204 1236 3 1205 778 570 1206 1239 562 1207 777 561 1208 778 570 1209 1272 571 1210 86 572 1211 1076 573 1212 993 566 1213 997 574 1214 289 575 1215 286 569 1216 288 576 1217 1236 3 1218 774 577 1219 1237 578 1220 1077 579 1221 997 574 1222 1047 580 1223 291 581 1224 288 576 1225 290 582 1226 1237 578 1227 775 583 1228 1242 584 1229 1046 585 1230 1077 579 1231 1047 580 1232 293 586 1233 290 582 1234 292 587 1235 1242 584 1236 776 588 1237 1223 589 1238 1073 590 1239 1046 585 1240 1044 591 1241 295 592 1242 292 587 1243 294 593 1244 1223 589 1245 801 594 1246 1233 595 1247 1074 596 1248 1044 591 1249 1053 597 1250 297 598 1251 294 593 1252 296 599 1253 1233 595 1254 812 600 1255 1227 471 1256 1085 601 1257 1053 597 1258 1064 602 1259 299 603 1260 296 599 1261 298 604 1262 1227 471 1263 806 466 1264 1204 464 1265 1063 605 1266 1085 601 1267 1064 602 1268 301 606 1269 298 604 1270 300 607 1271 1204 464 1272 782 608 1273 1241 609 1274 1039 610 1275 1087 611 1276 1063 605 1277 303 612 1278 300 607 1279 302 613 1280 1241 609 1281 793 614 1282 1230 615 1283 1041 616 1284 1079 617 1285 1039 610 1286 305 618 1287 302 613 1288 304 618 1289 793 614 1290 1231 619 1291 1230 615 1292 1081 620 1293 1041 616 1294 1011 621 1295 307 622 1296 304 618 1297 306 622 1298 813 623 1299 1231 619 1300 814 624 1301 1054 238 1302 1081 620 1303 1011 621 1304 189 625 1305 306 622 1306 188 241 1307 1187 245 1308 813 623 1309 610 243 1310 189 3 1311 309 3 1312 308 3 1313 191 3 1314 310 3 1315 309 3 1316 193 3 1317 311 626 1318 310 3 1319 311 626 1320 197 627 1321 312 628 1322 312 628 1323 199 629 1324 313 630 1325 313 630 1326 201 631 1327 314 632 1328 314 632 1329 203 633 1330 315 634 1331 203 633 1332 316 635 1333 315 634 1334 205 636 1335 317 637 1336 316 635 1337 207 638 1338 318 639 1339 317 637 1340 209 640 1341 319 641 1342 318 639 1343 211 642 1344 320 643 1345 319 641 1346 320 643 1347 215 644 1348 321 645 1349 321 645 1350 217 646 1351 322 647 1352 322 647 1353 219 648 1354 323 649 1355 219 648 1356 324 650 1357 323 649 1358 221 651 1359 325 652 1360 324 650 1361 223 653 1362 326 654 1363 325 652 1364 326 654 1365 227 655 1366 327 656 1367 327 656 1368 229 657 1369 328 658 1370 328 658 1371 231 659 1372 329 660 1373 329 660 1374 233 661 1375 330 662 1376 233 661 1377 331 663 1378 330 662 1379 235 664 1380 332 665 1381 331 663 1382 237 666 1383 333 667 1384 332 665 1385 239 668 1386 334 669 1387 333 667 1388 241 670 1389 335 3 1390 334 669 1391 335 3 1392 245 3 1393 336 3 1394 336 3 1395 247 3 1396 337 3 1397 337 3 1398 249 3 1399 338 3 1400 249 3 1401 339 3 1402 338 3 1403 251 3 1404 340 3 1405 339 3 1406 253 3 1407 341 671 1408 340 3 1409 341 671 1410 257 672 1411 342 673 1412 342 673 1413 259 674 1414 343 675 1415 343 675 1416 261 676 1417 344 677 1418 344 677 1419 263 678 1420 345 679 1421 263 678 1422 346 680 1423 345 679 1424 265 681 1425 347 682 1426 346 680 1427 267 683 1428 348 684 1429 347 682 1430 269 685 1431 349 686 1432 348 684 1433 271 687 1434 350 688 1435 349 686 1436 350 688 1437 275 689 1438 351 690 1439 351 690 1440 277 691 1441 352 692 1442 352 692 1443 279 693 1444 353 694 1445 279 693 1446 354 695 1447 353 694 1448 281 696 1449 355 697 1450 354 695 1451 283 698 1452 356 699 1453 355 697 1454 356 699 1455 287 700 1456 357 701 1457 357 701 1458 289 702 1459 358 703 1460 358 703 1461 291 704 1462 359 705 1463 359 705 1464 293 706 1465 360 707 1466 293 706 1467 361 708 1468 360 707 1469 295 709 1470 362 710 1471 361 708 1472 297 711 1473 363 712 1474 362 710 1475 299 713 1476 364 714 1477 363 712 1478 301 715 1479 365 3 1480 364 714 1481 365 3 1482 305 3 1483 366 3 1484 366 3 1485 307 3 1486 367 3 1487 367 3 1488 189 3 1489 308 3 1490 308 716 1491 369 717 1492 368 718 1493 309 719 1494 370 720 1495 369 717 1496 310 721 1497 371 722 1498 370 720 1499 311 723 1500 372 724 1501 371 722 1502 312 725 1503 373 726 1504 372 724 1505 313 463 1506 374 727 1507 373 726 1508 314 728 1509 375 729 1510 374 727 1511 315 474 1512 376 730 1513 375 729 1514 316 731 1515 377 732 1516 376 730 1517 317 733 1518 378 734 1519 377 732 1520 318 735 1521 379 736 1522 378 734 1523 319 737 1524 380 738 1525 379 736 1526 320 739 1527 381 740 1528 380 738 1529 321 741 1530 382 742 1531 381 740 1532 322 743 1533 383 744 1534 382 742 1535 323 745 1536 384 746 1537 383 744 1538 324 747 1539 385 748 1540 384 746 1541 325 749 1542 386 750 1543 385 748 1544 326 751 1545 387 752 1546 386 750 1547 327 568 1548 388 753 1549 387 752 1550 328 754 1551 389 755 1552 388 753 1553 329 756 1554 390 757 1555 389 755 1556 330 758 1557 391 759 1558 390 757 1559 331 760 1560 392 761 1561 391 759 1562 332 762 1563 393 763 1564 392 761 1565 333 764 1566 394 765 1567 393 763 1568 334 766 1569 395 767 1570 394 765 1571 335 768 1572 396 769 1573 395 767 1574 336 770 1575 397 771 1576 396 769 1577 337 772 1578 398 773 1579 397 771 1580 338 774 1581 399 775 1582 398 773 1583 339 776 1584 400 777 1585 399 775 1586 340 778 1587 401 779 1588 400 777 1589 341 780 1590 402 781 1591 401 779 1592 342 782 1593 403 783 1594 402 781 1595 343 263 1596 404 784 1597 403 783 1598 344 785 1599 405 786 1600 404 784 1601 345 274 1602 406 787 1603 405 786 1604 346 788 1605 407 789 1606 406 787 1607 347 790 1608 408 791 1609 407 789 1610 348 792 1611 409 793 1612 408 791 1613 349 794 1614 410 795 1615 409 793 1616 350 796 1617 411 797 1618 410 795 1619 351 798 1620 412 799 1621 411 797 1622 352 800 1623 413 801 1624 412 799 1625 353 802 1626 414 803 1627 413 801 1628 354 804 1629 415 805 1630 414 803 1631 355 806 1632 416 807 1633 415 805 1634 356 808 1635 417 809 1636 416 807 1637 357 363 1638 418 810 1639 417 809 1640 358 811 1641 419 812 1642 418 810 1643 359 813 1644 420 814 1645 419 812 1646 360 815 1647 421 816 1648 420 814 1649 361 817 1650 422 818 1651 421 816 1652 362 819 1653 423 820 1654 422 818 1655 363 821 1656 424 822 1657 423 820 1658 364 823 1659 425 824 1660 424 822 1661 365 825 1662 426 826 1663 425 824 1664 366 827 1665 427 828 1666 426 826 1667 367 829 1668 368 718 1669 427 828 1670 368 718 1671 1175 830 1672 1089 831 1673 1175 830 1674 370 720 1675 1159 832 1676 370 720 1677 1091 833 1678 1159 832 1679 1091 833 1680 372 724 1681 1161 834 1682 372 724 1683 1160 835 1684 1161 834 1685 373 726 1686 1163 836 1687 1160 835 1688 374 727 1689 1162 837 1690 1163 836 1691 1162 837 1692 376 730 1693 1165 838 1694 376 730 1695 1164 839 1696 1165 838 1697 1164 839 1698 378 734 1699 1167 840 1700 378 734 1701 1166 841 1702 1167 840 1703 379 736 1704 1084 842 1705 1166 841 1706 1084 842 1707 381 740 1708 1168 843 1709 381 740 1710 1170 844 1711 1168 843 1712 382 742 1713 1070 845 1714 1170 844 1715 383 744 1716 1172 846 1717 1070 845 1718 1172 846 1719 385 748 1720 1171 847 1721 385 748 1722 1086 848 1723 1171 847 1724 1086 848 1725 387 752 1726 1155 849 1727 387 752 1728 1153 850 1729 1155 849 1730 1153 850 1731 389 755 1732 1179 851 1733 1179 851 1734 390 757 1735 1178 852 1736 390 757 1737 1107 853 1738 1178 852 1739 391 759 1740 1177 854 1741 1107 853 1742 392 761 1743 1106 855 1744 1177 854 1745 1106 855 1746 394 765 1747 1157 856 1748 1157 856 1749 395 767 1750 1104 857 1751 1104 857 1752 396 769 1753 1176 858 1754 396 769 1755 1180 859 1756 1176 858 1757 397 771 1758 1115 860 1759 1180 859 1760 1115 860 1761 399 775 1762 1113 861 1763 1113 861 1764 400 777 1765 1114 862 1766 400 777 1767 1156 863 1768 1114 862 1769 401 779 1770 1112 864 1771 1156 863 1772 402 781 1773 1110 865 1774 1112 864 1775 1110 865 1776 404 784 1777 1111 866 1778 404 784 1779 1149 867 1780 1111 866 1781 1149 867 1782 406 787 1783 1096 868 1784 406 787 1785 1095 869 1786 1096 868 1787 407 789 1788 1148 870 1789 1095 869 1790 1148 870 1791 409 793 1792 1128 871 1793 409 793 1794 1130 872 1795 1128 871 1796 1130 872 1797 411 797 1798 1093 873 1799 411 797 1800 1133 874 1801 1093 873 1802 412 799 1803 1102 875 1804 1133 874 1805 1102 875 1806 414 803 1807 1135 876 1808 1135 876 1809 415 805 1810 1136 877 1811 415 805 1812 1100 878 1813 1136 877 1814 1100 878 1815 417 809 1816 1150 879 1817 417 809 1818 1098 880 1819 1150 879 1820 1098 880 1821 419 812 1822 1183 881 1823 1183 881 1824 420 814 1825 1139 882 1826 420 814 1827 1182 883 1828 1139 882 1829 421 816 1830 1181 884 1831 1182 883 1832 422 818 1833 1184 885 1834 1181 884 1835 1184 885 1836 424 822 1837 1185 886 1838 424 822 1839 1145 887 1840 1185 886 1841 1145 887 1842 426 826 1843 1174 888 1844 426 826 1845 1173 889 1846 1174 888 1847 427 828 1848 1089 831 1849 1173 889 1850 487 890 1851 1040 891 1852 486 892 1853 486 892 1854 1038 893 1855 485 894 1856 485 894 1857 1031 895 1858 484 896 1859 1031 895 1860 483 897 1861 484 896 1862 483 897 1863 1032 898 1864 482 899 1865 1032 898 1866 481 900 1867 482 899 1868 481 900 1869 1044 901 1870 480 902 1871 1044 901 1872 479 903 1873 480 902 1874 1046 904 1875 478 905 1876 479 903 1877 478 905 1878 1037 906 1879 477 907 1880 1037 906 1881 476 908 1882 477 907 1883 476 908 1884 1036 909 1885 475 910 1886 1036 909 1887 474 911 1888 475 910 1889 1056 912 1890 473 913 1891 474 911 1892 1035 914 1893 472 915 1894 473 913 1895 472 915 1896 1033 916 1897 471 917 1898 471 917 1899 1055 918 1900 470 919 1901 470 919 1902 1030 920 1903 469 921 1904 1030 920 1905 468 922 1906 469 921 1907 468 922 1908 1026 923 1909 467 924 1910 1026 923 1911 466 925 1912 467 924 1913 466 925 1914 1028 926 1915 465 927 1916 1028 926 1917 464 928 1918 465 927 1919 464 928 1920 994 929 1921 463 930 1922 463 930 1923 991 931 1924 462 932 1925 991 931 1926 461 933 1927 462 932 1928 990 934 1929 460 935 1930 461 933 1931 989 936 1932 459 937 1933 460 935 1934 999 938 1935 458 939 1936 459 937 1937 998 940 1938 457 941 1939 458 939 1940 996 942 1941 456 943 1942 457 941 1943 456 943 1944 984 944 1945 455 945 1946 455 945 1947 983 946 1948 454 947 1949 983 946 1950 453 948 1951 454 947 1952 453 948 1953 981 949 1954 452 950 1955 981 949 1956 451 951 1957 452 950 1958 987 952 1959 450 953 1960 451 951 1961 1049 954 1962 449 955 1963 450 953 1964 449 955 1965 985 956 1966 448 957 1967 448 957 1968 972 958 1969 447 959 1970 972 958 1971 446 960 1972 447 959 1973 446 960 1974 970 961 1975 445 962 1976 970 961 1977 444 963 1978 445 962 1979 971 964 1980 443 965 1981 444 963 1982 979 966 1983 442 967 1984 443 965 1985 442 967 1986 975 968 1987 441 969 1988 441 969 1989 977 970 1990 440 971 1991 977 970 1992 439 972 1993 440 971 1994 439 972 1995 968 973 1996 438 974 1997 438 974 1998 964 975 1999 437 976 2000 964 975 2001 436 977 2002 437 976 2003 965 978 2004 435 979 2005 436 977 2006 1052 980 2007 434 981 2008 435 979 2009 1051 982 2010 433 983 2011 434 981 2012 433 983 2013 969 984 2014 432 985 2015 969 984 2016 431 986 2017 432 985 2018 431 986 2019 1045 987 2020 430 988 2021 1045 987 2022 429 989 2023 430 988 2024 1043 990 2025 428 991 2026 429 989 2027 1042 992 2028 487 890 2029 428 991 2030 547 993 2031 486 892 2032 546 994 2033 486 892 2034 545 995 2035 546 994 2036 485 894 2037 544 996 2038 545 995 2039 484 896 2040 543 997 2041 544 996 2042 483 897 2043 542 998 2044 543 997 2045 482 899 2046 541 999 2047 542 998 2048 481 900 2049 540 1000 2050 541 999 2051 480 902 2052 539 1001 2053 540 1000 2054 539 1001 2055 478 905 2056 538 1002 2057 478 905 2058 537 1003 2059 538 1002 2060 477 907 2061 536 1004 2062 537 1003 2063 536 1004 2064 475 910 2065 535 1005 2066 535 1005 2067 474 911 2068 534 1006 2069 534 1006 2070 473 913 2071 533 1007 2072 473 913 2073 532 1008 2074 533 1007 2075 532 1008 2076 471 917 2077 531 1009 2078 471 917 2079 530 1010 2080 531 1009 2081 470 919 2082 529 1011 2083 530 1010 2084 469 921 2085 528 1012 2086 529 1011 2087 468 922 2088 527 1013 2089 528 1012 2090 467 924 2091 526 1014 2092 527 1013 2093 466 925 2094 525 1015 2095 526 1014 2096 465 927 2097 524 1016 2098 525 1015 2099 464 928 2100 523 1017 2101 524 1016 2102 463 930 2103 522 1018 2104 523 1017 2105 462 932 2106 521 1019 2107 522 1018 2108 521 1019 2109 460 935 2110 520 1020 2111 520 1020 2112 459 937 2113 519 1021 2114 519 1021 2115 458 939 2116 518 1022 2117 458 939 2118 517 1023 2119 518 1022 2120 517 1023 2121 456 943 2122 516 1024 2123 456 943 2124 515 1025 2125 516 1024 2126 455 945 2127 514 1026 2128 515 1025 2129 454 947 2130 513 1027 2131 514 1026 2132 453 948 2133 512 1028 2134 513 1027 2135 452 950 2136 511 1029 2137 512 1028 2138 451 951 2139 510 1030 2140 511 1029 2141 450 953 2142 509 1031 2143 510 1030 2144 509 1031 2145 448 957 2146 508 1032 2147 448 957 2148 507 1033 2149 508 1032 2150 447 959 2151 506 1034 2152 507 1033 2153 506 1034 2154 445 962 2155 505 1035 2156 505 1035 2157 444 963 2158 504 1036 2159 504 1036 2160 443 965 2161 503 1037 2162 443 965 2163 502 1038 2164 503 1037 2165 502 1038 2166 441 969 2167 501 1039 2168 441 969 2169 500 1040 2170 501 1039 2171 440 971 2172 499 1041 2173 500 1040 2174 439 972 2175 498 1042 2176 499 1041 2177 438 974 2178 497 1043 2179 498 1042 2180 437 976 2181 496 1044 2182 497 1043 2183 436 977 2184 495 1045 2185 496 1044 2186 435 979 2187 494 1046 2188 495 1045 2189 434 981 2190 493 1047 2191 494 1046 2192 433 983 2193 492 1048 2194 493 1047 2195 432 985 2196 491 1049 2197 492 1048 2198 491 1049 2199 430 988 2200 490 1050 2201 490 1050 2202 429 989 2203 489 1051 2204 489 1051 2205 428 991 2206 488 1052 2207 428 991 2208 547 993 2209 488 1052 2210 547 1053 2211 606 1054 2212 607 1055 2213 606 1054 2214 545 3 2215 605 3 2216 605 3 2217 544 1056 2218 604 3 2219 544 1056 2220 603 1057 2221 604 3 2222 603 1057 2223 542 1058 2224 602 1059 2225 602 1059 2226 541 1060 2227 601 1061 2228 601 1061 2229 540 1062 2230 600 1063 2231 540 1062 2232 599 1064 2233 600 1063 2234 539 1065 2235 598 1066 2236 599 1064 2237 538 1067 2238 597 3 2239 598 1066 2240 537 1068 2241 596 1069 2242 597 3 2243 596 1069 2244 535 1070 2245 595 1071 2246 535 1070 2247 594 1072 2248 595 1071 2249 534 1073 2250 593 1074 2251 594 1072 2252 533 1075 2253 592 1076 2254 593 1074 2255 532 1077 2256 591 1078 2257 592 1076 2258 591 1078 2259 530 1079 2260 590 1080 2261 590 1080 2262 529 1081 2263 589 1082 2264 529 1081 2265 588 1083 2266 589 1082 2267 588 1083 2268 527 3 2269 587 1084 2270 587 1084 2271 526 1085 2272 586 1086 2273 586 1086 2274 525 1087 2275 585 1088 2276 525 1087 2277 584 1089 2278 585 1088 2279 524 1090 2280 583 1091 2281 584 1089 2282 523 1092 2283 582 1093 2284 583 1091 2285 522 1094 2286 581 1095 2287 582 1093 2288 581 1095 2289 520 1096 2290 580 1097 2291 520 1096 2292 579 3 2293 580 1097 2294 519 3 2295 578 1098 2296 579 3 2297 518 1099 2298 577 1100 2299 578 1098 2300 517 1101 2301 576 1102 2302 577 1100 2303 576 1102 2304 515 3 2305 575 3 2306 575 3 2307 514 1103 2308 574 3 2309 514 1103 2310 573 1104 2311 574 3 2312 573 1104 2313 512 1105 2314 572 1106 2315 572 1106 2316 511 1107 2317 571 1108 2318 571 1108 2319 510 1109 2320 570 1110 2321 510 1109 2322 569 1111 2323 570 1110 2324 509 1112 2325 568 1113 2326 569 1111 2327 508 1114 2328 567 3 2329 568 1113 2330 507 1115 2331 566 1116 2332 567 3 2333 566 1116 2334 505 1117 2335 565 1118 2336 505 1117 2337 564 1119 2338 565 1118 2339 504 1120 2340 563 1121 2341 564 1119 2342 503 1122 2343 562 1123 2344 563 1121 2345 502 1124 2346 561 1125 2347 562 1123 2348 561 1125 2349 500 1126 2350 560 1127 2351 560 1127 2352 499 1128 2353 559 1129 2354 499 1128 2355 558 1130 2356 559 1129 2357 558 1130 2358 497 3 2359 557 1131 2360 557 1131 2361 496 1132 2362 556 1133 2363 556 1133 2364 495 1134 2365 555 1135 2366 495 1134 2367 554 1136 2368 555 1135 2369 494 1137 2370 553 1138 2371 554 1136 2372 493 1139 2373 552 1140 2374 553 1138 2375 492 1141 2376 551 1142 2377 552 1140 2378 551 1142 2379 490 1143 2380 550 1144 2381 490 1143 2382 549 3 2383 550 1144 2384 489 3 2385 548 1145 2386 549 3 2387 488 1146 2388 607 1055 2389 548 1145 2390 753 1147 2391 606 1148 2392 656 1149 2393 656 1149 2394 605 1150 2395 654 1151 2396 605 1150 2397 658 1152 2398 654 1151 2399 658 1152 2400 603 1153 2401 657 1154 2402 603 1153 2403 616 1155 2404 657 1154 2405 602 1156 2406 617 1157 2407 616 1155 2408 601 1158 2409 613 1159 2410 617 1157 2411 600 1160 2412 615 1161 2413 613 1159 2414 615 1161 2415 598 1162 2416 611 1163 2417 598 1162 2418 612 1164 2419 611 1163 2420 612 1164 2421 596 1165 2422 608 1166 2423 596 1165 2424 609 1167 2425 608 1166 2426 609 1167 2427 594 1168 2428 627 1169 2429 594 1168 2430 628 1170 2431 627 1169 2432 593 1171 2433 624 1172 2434 628 1170 2435 624 1172 2436 591 1173 2437 625 1174 2438 625 1174 2439 590 1175 2440 621 1176 2441 590 1175 2442 623 1177 2443 621 1176 2444 623 1177 2445 588 1178 2446 619 1179 2447 588 1178 2448 620 1180 2449 619 1179 2450 587 1181 2451 639 1182 2452 620 1180 2453 586 1183 2454 638 1184 2455 639 1182 2456 585 1185 2457 636 1186 2458 638 1184 2459 636 1186 2460 583 1187 2461 634 1188 2462 583 1187 2463 633 1189 2464 634 1188 2465 633 1189 2466 581 1190 2467 632 1191 2468 581 1190 2469 631 1192 2470 632 1191 2471 580 1193 2472 630 1194 2473 631 1192 2474 579 1195 2475 648 1196 2476 630 1194 2477 578 1197 2478 647 1198 2479 648 1196 2480 647 1198 2481 576 1199 2482 646 1200 2483 646 1200 2484 575 1201 2485 645 1202 2486 575 1201 2487 643 1203 2488 645 1202 2489 643 1203 2490 573 1204 2491 642 1205 2492 573 1204 2493 641 1206 2494 642 1205 2495 572 1207 2496 640 1208 2497 641 1206 2498 571 1209 2499 725 1210 2500 640 1208 2501 570 1211 2502 726 1212 2503 725 1210 2504 726 1212 2505 568 1213 2506 727 1214 2507 568 1213 2508 728 1215 2509 727 1214 2510 728 1215 2511 566 1216 2512 730 1217 2513 566 1216 2514 731 1218 2515 730 1217 2516 731 1218 2517 564 1219 2518 732 1220 2519 564 1219 2520 733 1221 2521 732 1220 2522 563 1222 2523 734 1223 2524 733 1221 2525 734 1223 2526 561 1224 2527 736 1225 2528 736 1225 2529 560 1226 2530 737 1227 2531 560 1226 2532 738 1228 2533 737 1227 2534 738 1228 2535 558 1229 2536 739 1230 2537 558 1229 2538 740 1231 2539 739 1230 2540 557 1232 2541 742 1233 2542 740 1231 2543 556 1234 2544 744 1235 2545 742 1233 2546 555 1236 2547 747 1237 2548 744 1235 2549 747 1237 2550 553 1238 2551 745 1239 2552 553 1238 2553 749 1240 2554 745 1239 2555 749 1240 2556 551 1241 2557 748 1242 2558 551 1241 2559 752 1243 2560 748 1242 2561 550 1244 2562 751 1245 2563 752 1243 2564 549 1246 2565 755 1247 2566 751 1245 2567 548 1248 2568 753 1147 2569 755 1247 2570 819 1249 2571 757 1250 2572 758 1251 2573 757 1250 2574 756 1252 2575 758 1251 2576 756 1252 2577 760 1253 2578 762 1254 2579 762 1254 2580 766 1255 2581 759 1256 2582 766 1255 2583 765 1257 2584 759 1256 2585 764 1258 2586 763 1259 2587 765 1257 2588 763 1259 2589 769 1260 2590 770 1261 2591 769 1260 2592 768 1262 2593 770 1261 2594 666 1263 2595 665 1264 2596 768 1262 2597 665 1264 2598 662 1265 2599 667 1266 2600 667 1266 2601 664 1267 2602 661 1268 2603 664 1267 2604 663 1269 2605 661 1268 2606 675 1270 2607 674 1271 2608 663 1269 2609 674 1271 2610 670 1272 2611 676 1273 2612 670 1272 2613 669 1274 2614 676 1273 2615 669 1274 2616 683 1275 2617 671 1276 2618 683 1275 2619 682 1277 2620 671 1276 2621 682 1277 2622 875 1278 2623 684 1279 2624 684 1279 2625 680 1280 2626 678 1281 2627 680 1280 2628 679 1282 2629 678 1281 2630 690 1283 2631 689 1284 2632 679 1282 2633 689 1284 2634 890 1285 2635 692 1286 2636 890 1285 2637 686 1287 2638 692 1286 2639 688 1288 2640 687 1289 2641 686 1287 2642 687 1289 2643 699 1290 2644 700 1291 2645 700 1291 2646 697 1292 2647 698 1293 2648 697 1292 2649 696 1294 2650 698 1293 2651 695 1295 2652 694 1296 2653 696 1294 2654 694 1296 2655 707 1297 2656 709 1298 2657 707 1297 2658 706 1299 2659 709 1298 2660 706 1299 2661 703 1300 2662 704 1301 2663 703 1300 2664 702 1302 2665 704 1301 2666 702 1302 2667 883 1303 2668 717 1304 2669 717 1304 2670 714 1305 2671 715 1306 2672 714 1305 2673 713 1307 2674 715 1306 2675 712 1308 2676 711 1309 2677 713 1307 2678 711 1309 2679 881 1310 2680 724 1311 2681 881 1310 2682 723 1312 2683 724 1311 2684 880 1313 2685 722 1314 2686 723 1312 2687 722 1314 2688 808 1315 2689 719 1316 2690 719 1316 2691 805 1317 2692 807 1318 2693 805 1317 2694 804 1319 2695 807 1318 2696 879 1320 2697 811 1321 2698 804 1319 2699 811 1321 2700 799 1322 2701 809 1323 2702 799 1322 2703 798 1324 2704 809 1323 2705 798 1324 2706 803 1325 2707 796 1326 2708 803 1325 2709 802 1327 2710 796 1326 2711 802 1327 2712 790 1328 2713 800 1329 2714 800 1329 2715 788 1330 2716 789 1331 2717 788 1330 2718 787 1332 2719 789 1331 2720 795 1333 2721 794 1334 2722 787 1332 2723 794 1334 2724 781 1335 2725 791 1336 2726 781 1335 2727 780 1337 2728 791 1336 2729 924 1338 2730 779 1339 2731 780 1337 2732 779 1339 2733 784 1340 2734 785 1341 2735 785 1341 2736 816 1342 2737 783 1343 2738 816 1342 2739 815 1344 2740 783 1343 2741 927 1345 2742 817 1346 2743 815 1344 2744 817 1346 2745 820 1347 2746 818 1348 2747 820 1347 2748 819 1249 2749 818 1348 2750 610 1349 2751 902 1350 2752 614 1351 2753 614 1351 2754 902 1350 2755 618 1352 2756 618 1352 2757 898 1353 2758 622 1354 2759 622 1354 2760 900 1355 2761 626 1356 2762 900 1355 2763 629 1357 2764 626 1356 2765 894 1358 2766 635 1359 2767 629 1357 2768 635 1359 2769 896 1360 2770 637 1361 2771 892 1362 2772 915 1363 2773 644 1364 2774 644 1364 2775 917 1365 2776 823 1366 2777 823 1366 2778 912 1367 2779 822 1368 2780 912 1367 2781 821 1369 2782 822 1368 2783 821 1369 2784 914 1370 2785 649 1371 2786 649 1371 2787 909 1372 2788 651 1373 2789 651 1373 2790 909 1372 2791 650 1374 2792 650 1374 2793 906 1375 2794 652 1376 2795 652 1376 2796 906 1375 2797 653 1377 2798 653 1377 2799 838 1378 2800 659 1379 2801 659 1379 2802 843 1380 2803 655 1381 2804 843 1380 2805 660 1382 2806 655 1381 2807 841 1383 2808 673 1384 2809 660 1382 2810 673 1384 2811 847 1385 2812 845 1386 2813 668 1387 2814 849 1388 2815 691 1389 2816 691 1389 2817 854 1390 2818 681 1391 2819 681 1391 2820 852 1392 2821 705 1393 2822 852 1392 2823 708 1394 2824 705 1393 2825 708 1394 2826 859 1395 2827 857 1396 2828 857 1396 2829 862 1397 2830 721 1398 2831 721 1398 2832 862 1397 2833 861 1399 2834 861 1399 2835 867 1400 2836 716 1401 2837 716 1401 2838 867 1400 2839 865 1402 2840 865 1402 2841 825 1403 2842 729 1404 2843 729 1404 2844 827 1405 2845 743 1406 2846 827 1405 2847 741 1407 2848 743 1406 2849 829 1408 2850 735 1409 2851 741 1407 2852 735 1409 2853 831 1410 2854 754 1411 2855 750 1412 2856 835 1413 2857 746 1414 2858 746 1414 2859 837 1415 2860 767 1416 2861 767 1416 2862 929 1417 2863 761 1418 2864 929 1417 2865 772 1419 2866 761 1418 2867 772 1419 2868 931 1420 2869 941 1421 2870 941 1421 2871 943 1422 2872 773 1423 2873 773 1423 2874 943 1422 2875 933 1424 2876 933 1424 2877 935 1425 2878 771 1426 2879 771 1426 2880 935 1425 2881 937 1427 2882 937 1427 2883 939 1428 2884 777 1429 2885 777 1429 2886 951 1430 2887 778 1431 2888 951 1430 2889 774 1432 2890 778 1431 2891 945 1433 2892 775 1434 2893 774 1432 2894 775 1434 2895 947 1435 2896 776 1436 2897 801 1437 2898 954 1438 2899 812 1439 2900 812 1439 2901 960 1440 2902 806 1441 2903 806 1441 2904 955 1442 2905 782 1443 2906 955 1442 2907 793 1444 2908 782 1443 2909 793 1444 2910 957 1445 2911 814 1446 2912 814 1446 2913 962 1447 2914 813 1448 2915 813 1448 2916 962 1447 2917 610 1349 2918 876 1449 2919 878 1450 2920 757 1451 2921 757 1451 2922 878 1450 2923 877 1452 2924 760 1453 2925 657 1454 2926 766 1455 2927 657 1454 2928 764 1456 2929 766 1455 2930 764 1456 2931 868 1457 2932 869 1458 2933 870 1459 2934 871 1460 2935 662 1461 2936 662 1461 2937 608 1462 2938 664 1463 2939 664 1463 2940 608 1462 2941 675 1464 2942 677 1465 2943 873 1466 2944 670 1467 2945 670 1467 2946 873 1466 2947 672 1468 2948 672 1468 2949 872 1469 2950 683 1470 2951 683 1470 2952 872 1469 2953 685 1471 2954 875 1472 2955 619 1473 2956 680 1474 2957 619 1473 2958 690 1475 2959 680 1474 2960 690 1475 2961 874 1476 2962 693 1477 2963 701 1478 2964 889 1479 2965 699 1480 2966 699 1480 2967 632 1481 2968 697 1482 2969 697 1482 2970 632 1481 2971 695 1483 2972 710 1484 2973 886 1485 2974 707 1486 2975 707 1486 2976 886 1485 2977 887 1487 2978 887 1487 2979 888 1488 2980 703 1489 2981 703 1489 2982 888 1488 2983 718 1490 2984 883 1491 2985 642 1492 2986 714 1493 2987 642 1492 2988 712 1494 2989 714 1493 2990 712 1494 2991 884 1495 2992 885 1496 2993 720 1497 2994 882 1498 2995 808 1499 2996 808 1499 2997 730 1500 2998 805 1501 2999 805 1501 3000 730 1500 3001 879 1502 3002 810 1503 3003 920 1504 3004 799 1505 3005 799 1505 3006 920 1504 3007 797 1506 3008 797 1506 3009 921 1507 3010 803 1508 3011 803 1508 3012 921 1507 3013 922 1509 3014 790 1510 3015 739 1511 3016 788 1512 3017 739 1511 3018 795 1513 3019 788 1512 3020 795 1513 3021 923 1514 3022 792 1515 3023 786 1516 3024 925 1517 3025 784 1518 3026 784 1518 3027 748 1519 3028 816 1520 3029 816 1520 3030 748 1519 3031 927 1521 3032 926 1522 3033 928 1523 3034 820 1524 3035 820 1524 3036 928 1523 3037 876 1449 3038 919 1525 3039 902 1350 3040 610 1349 3041 819 1526 3042 903 1527 3043 919 1525 3044 903 1527 3045 618 1352 3046 902 1350 3047 903 1527 3048 756 1528 3049 904 1529 3050 904 1529 3051 898 1353 3052 618 1352 3053 904 1529 3054 762 1530 3055 899 1531 3056 898 1353 3057 901 1532 3058 900 1355 3059 762 1530 3060 901 1532 3061 899 1531 3062 900 1355 3063 895 1533 3064 894 1358 3065 901 1532 3066 765 1534 3067 895 1533 3068 895 1533 3069 896 1360 3070 894 1358 3071 895 1533 3072 763 1535 3073 897 1536 3074 897 1536 3075 637 1361 3076 896 1360 3077 897 1536 3078 770 1537 3079 891 1538 3080 891 1538 3081 892 1362 3082 637 1361 3083 770 1537 3084 893 1539 3085 891 1538 3086 892 1362 3087 916 1540 3088 915 1363 3089 768 1541 3090 916 1540 3091 893 1539 3092 915 1363 3093 918 1542 3094 917 1365 3095 665 1543 3096 918 1542 3097 916 1540 3098 918 1542 3099 912 1367 3100 917 1365 3101 667 1544 3102 911 1545 3103 918 1542 3104 911 1545 3105 914 1370 3106 912 1367 3107 911 1545 3108 663 1546 3109 913 1547 3110 914 1370 3111 908 1548 3112 649 1371 3113 663 1546 3114 908 1548 3115 913 1547 3116 649 1371 3117 910 1549 3118 909 1372 3119 674 1550 3120 910 1549 3121 908 1548 3122 909 1372 3123 905 1551 3124 650 1374 3125 910 1549 3126 669 1552 3127 905 1551 3128 905 1551 3129 906 1375 3130 650 1374 3131 669 1552 3132 907 1553 3133 905 1551 3134 907 1553 3135 653 1377 3136 906 1375 3137 907 1553 3138 682 1554 3139 840 1555 3140 840 1555 3141 838 1378 3142 653 1377 3143 840 1555 3144 684 1556 3145 839 1557 3146 838 1378 3147 844 1558 3148 843 1380 3149 684 1556 3150 844 1558 3151 839 1557 3152 843 1380 3153 842 1559 3154 841 1383 3155 844 1558 3156 679 1560 3157 842 1559 3158 842 1559 3159 847 1385 3160 841 1383 3161 842 1559 3162 689 1561 3163 848 1562 3164 848 1562 3165 845 1386 3166 847 1385 3167 848 1562 3168 692 1563 3169 846 1564 3170 846 1564 3171 668 1387 3172 845 1386 3173 692 1563 3174 851 1565 3175 846 1564 3176 668 1387 3177 850 1566 3178 849 1388 3179 686 1567 3180 850 1566 3181 851 1565 3182 849 1388 3183 855 1568 3184 854 1390 3185 687 1569 3186 855 1568 3187 850 1566 3188 855 1568 3189 852 1392 3190 854 1390 3191 700 1570 3192 853 1571 3193 855 1568 3194 853 1571 3195 859 1395 3196 852 1392 3197 853 1571 3198 696 1572 3199 858 1573 3200 859 1395 3201 856 1574 3202 857 1396 3203 696 1572 3204 856 1574 3205 858 1573 3206 857 1396 3207 863 1575 3208 862 1397 3209 694 1576 3210 863 1575 3211 856 1574 3212 862 1397 3213 860 1577 3214 861 1399 3215 863 1575 3216 706 1578 3217 860 1577 3218 860 1577 3219 867 1400 3220 861 1399 3221 706 1578 3222 866 1579 3223 860 1577 3224 866 1579 3225 865 1402 3226 867 1400 3227 866 1579 3228 702 1580 3229 864 1581 3230 864 1581 3231 825 1403 3232 865 1402 3233 864 1581 3234 717 1582 3235 824 1583 3236 825 1403 3237 826 1584 3238 827 1405 3239 717 1582 3240 826 1584 3241 824 1583 3242 827 1405 3243 828 1585 3244 829 1408 3245 826 1584 3246 713 1586 3247 828 1585 3248 828 1585 3249 831 1410 3250 829 1408 3251 828 1585 3252 711 1587 3253 830 1588 3254 830 1588 3255 754 1411 3256 831 1410 3257 830 1588 3258 724 1589 3259 832 1590 3260 832 1590 3261 750 1412 3262 754 1411 3263 724 1589 3264 833 1591 3265 832 1590 3266 750 1412 3267 834 1592 3268 835 1413 3269 723 1593 3270 834 1592 3271 833 1591 3272 835 1413 3273 836 1594 3274 837 1415 3275 722 1595 3276 836 1594 3277 834 1592 3278 836 1594 3279 929 1417 3280 837 1415 3281 719 1596 3282 930 1597 3283 836 1594 3284 930 1597 3285 931 1420 3286 929 1417 3287 930 1597 3288 804 1598 3289 932 1599 3290 931 1420 3291 942 1600 3292 941 1421 3293 804 1598 3294 942 1600 3295 932 1599 3296 941 1421 3297 944 1601 3298 943 1422 3299 811 1602 3300 944 1601 3301 942 1600 3302 943 1422 3303 934 1603 3304 933 1424 3305 944 1601 3306 798 1604 3307 934 1603 3308 934 1603 3309 935 1425 3310 933 1424 3311 798 1604 3312 936 1605 3313 934 1603 3314 936 1605 3315 937 1427 3316 935 1425 3317 936 1605 3318 802 1606 3319 938 1607 3320 938 1607 3321 939 1428 3322 937 1427 3323 938 1607 3324 800 1608 3325 940 1609 3326 939 1428 3327 952 1610 3328 951 1430 3329 800 1608 3330 952 1610 3331 940 1609 3332 951 1430 3333 946 1611 3334 945 1433 3335 952 1610 3336 787 1612 3337 946 1611 3338 946 1611 3339 947 1435 3340 945 1433 3341 946 1611 3342 794 1613 3343 948 1614 3344 948 1614 3345 776 1436 3346 947 1435 3347 948 1614 3348 791 1615 3349 949 1616 3350 949 1616 3351 801 1437 3352 776 1436 3353 791 1615 3354 950 1617 3355 949 1616 3356 801 1437 3357 953 1618 3358 954 1438 3359 780 1619 3360 953 1618 3361 950 1617 3362 954 1438 3363 959 1620 3364 960 1440 3365 779 1621 3366 959 1620 3367 953 1618 3368 959 1620 3369 955 1442 3370 960 1440 3371 785 1622 3372 956 1623 3373 959 1620 3374 956 1623 3375 957 1445 3376 955 1442 3377 956 1623 3378 815 1624 3379 958 1625 3380 957 1445 3381 961 1626 3382 814 1446 3383 815 1624 3384 961 1626 3385 958 1625 3386 814 1446 3387 963 1627 3388 962 1447 3389 817 1628 3390 963 1627 3391 961 1626 3392 962 1447 3393 919 1525 3394 610 1349 3395 963 1627 3396 819 1526 3397 919 1525 3398 753 1629 3399 878 1450 3400 876 1449 3401 656 1630 3402 877 1452 3403 878 1450 3404 877 1452 3405 658 1631 3406 760 1453 3407 760 1453 3408 658 1631 3409 657 1454 3410 657 1454 3411 616 1632 3412 868 1457 3413 616 1632 3414 869 1458 3415 868 1457 3416 869 1458 3417 613 1633 3418 769 1634 3419 613 1633 3420 666 1635 3421 769 1634 3422 615 1636 3423 870 1459 3424 666 1635 3425 611 1637 3426 871 1460 3427 870 1459 3428 871 1460 3429 612 1638 3430 608 1462 3431 608 1462 3432 609 1639 3433 675 1464 3434 609 1639 3435 677 1465 3436 675 1464 3437 677 1465 3438 628 1640 3439 873 1466 3440 873 1466 3441 624 1641 3442 672 1468 3443 624 1641 3444 872 1469 3445 672 1468 3446 625 1642 3447 685 1471 3448 872 1469 3449 685 1471 3450 623 1643 3451 875 1472 3452 875 1472 3453 623 1643 3454 619 1473 3455 619 1473 3456 620 1644 3457 874 1476 3458 620 1644 3459 693 1477 3460 874 1476 3461 693 1477 3462 638 1645 3463 890 1646 3464 638 1645 3465 688 1647 3466 890 1646 3467 636 1648 3468 701 1478 3469 688 1647 3470 634 1649 3471 889 1479 3472 701 1478 3473 889 1479 3474 633 1650 3475 632 1481 3476 632 1481 3477 631 1651 3478 695 1483 3479 631 1651 3480 710 1484 3481 695 1483 3482 710 1484 3483 648 1652 3484 886 1485 3485 886 1485 3486 647 1653 3487 887 1487 3488 647 1653 3489 888 1488 3490 887 1487 3491 646 1654 3492 718 1490 3493 888 1488 3494 718 1490 3495 643 1655 3496 883 1491 3497 883 1491 3498 643 1655 3499 642 1492 3500 642 1492 3501 641 1656 3502 884 1495 3503 641 1656 3504 885 1496 3505 884 1495 3506 885 1496 3507 725 1657 3508 881 1658 3509 725 1657 3510 880 1659 3511 881 1658 3512 726 1660 3513 720 1497 3514 880 1659 3515 727 1661 3516 882 1498 3517 720 1497 3518 882 1498 3519 728 1662 3520 730 1500 3521 730 1500 3522 731 1663 3523 879 1502 3524 731 1663 3525 810 1503 3526 879 1502 3527 810 1503 3528 733 1664 3529 920 1504 3530 920 1504 3531 734 1665 3532 797 1506 3533 734 1665 3534 921 1507 3535 797 1506 3536 736 1666 3537 922 1509 3538 921 1507 3539 922 1509 3540 738 1667 3541 790 1510 3542 790 1510 3543 738 1667 3544 739 1511 3545 739 1511 3546 740 1668 3547 923 1514 3548 740 1668 3549 792 1515 3550 923 1514 3551 792 1515 3552 744 1669 3553 781 1670 3554 744 1669 3555 924 1671 3556 781 1670 3557 747 1672 3558 786 1516 3559 924 1671 3560 745 1673 3561 925 1517 3562 786 1516 3563 925 1517 3564 749 1674 3565 748 1519 3566 748 1519 3567 752 1675 3568 927 1521 3569 752 1675 3570 926 1522 3571 927 1521 3572 926 1522 3573 755 1676 3574 928 1523 3575 928 1523 3576 753 1629 3577 876 1449 3578 1045 1677 3579 1009 1678 3580 974 1679 3581 974 1679 3582 1009 1678 3583 1048 1680 3584 1001 1681 3585 966 1682 3586 1003 1683 3587 1003 1683 3588 966 1682 3589 1002 1684 3590 1055 1685 3591 1033 1686 3592 976 1687 3593 1033 1686 3594 978 1688 3595 976 1687 3596 978 1688 3597 1035 1689 3598 967 1690 3599 967 1690 3600 1035 1689 3601 1056 1691 3602 1056 1692 3603 1036 1693 3604 988 1694 3605 1036 1693 3606 993 1695 3607 988 1694 3608 1024 1696 3609 997 1697 3610 993 1695 3611 997 1697 3612 1057 1698 3613 1047 1699 3614 1063 1700 3615 1031 1701 3616 1039 1702 3617 1039 1702 3618 1038 1703 3619 1041 1704 3620 1038 1703 3621 1011 1705 3622 1041 1704 3623 1011 1705 3624 1040 1706 3625 1054 1707 3626 1009 1678 3627 969 1708 3628 1048 1680 3629 1048 1709 3630 969 1709 3631 1050 1709 3632 1052 1710 3633 965 1711 3634 992 1712 3635 992 1712 3636 965 1711 3637 1000 1713 3638 965 1711 3639 964 1714 3640 1000 1713 3641 1000 1715 3642 968 1716 3643 1001 1681 3644 1000 1715 3645 964 1717 3646 968 1716 3647 1001 1681 3648 968 1716 3649 966 1682 3650 966 1682 3651 977 1718 3652 1002 1684 3653 1002 1684 3654 975 1719 3655 1004 1720 3656 975 1719 3657 1005 1721 3658 1004 1720 3659 980 1722 3660 1007 1723 3661 1005 1721 3662 979 1724 3663 1006 1725 3664 1007 1723 3665 1006 1725 3666 971 1726 3667 1008 1727 3668 971 1726 3669 970 1728 3670 1008 1727 3671 1008 1729 3672 973 1730 3673 1010 1731 3674 1008 1729 3675 970 1732 3676 973 1730 3677 1010 1731 3678 973 1730 3679 1013 1733 3680 973 1730 3681 972 1734 3682 1013 1733 3683 1013 1735 3684 985 1736 3685 1012 1737 3686 1013 1735 3687 972 1738 3688 985 1736 3689 1012 1737 3690 985 1736 3691 986 1739 3692 1049 1740 3693 987 1741 3694 1015 1742 3695 1015 1742 3696 987 1741 3697 1016 1743 3698 987 1741 3699 981 1744 3700 1016 1743 3701 1016 1745 3702 982 1746 3703 1014 1747 3704 1016 1745 3705 981 1748 3706 982 1746 3707 982 1746 3708 1019 1749 3709 1014 1747 3710 983 1750 3711 1017 1751 3712 1019 1749 3713 1017 1751 3714 995 1752 3715 1018 1753 3716 1018 1753 3717 996 1754 3718 1021 1755 3719 996 1754 3720 1020 1756 3721 1021 1755 3722 998 1757 3723 1025 1758 3724 1020 1756 3725 1025 1758 3726 989 1759 3727 1023 1760 3728 1023 1760 3729 990 1761 3730 1022 1762 3731 1022 1762 3732 990 1761 3733 1029 1763 3734 990 1761 3735 991 1764 3736 1029 1763 3737 1029 1765 3738 994 1766 3739 1027 1767 3740 1029 1765 3741 991 1768 3742 994 1766 3743 1027 1767 3744 994 1766 3745 1059 1769 3746 1058 1770 3747 1026 1770 3748 1060 1770 3749 1060 1771 3750 1026 1771 3751 1061 1771 3752 1061 1772 3753 1030 1772 3754 1062 1772 3755 1062 1773 3756 1030 1773 3757 1055 1773 3758 1024 1696 3759 1037 1774 3760 1057 1698 3761 1057 1698 3762 1037 1775 3763 1047 1699 3764 1053 1776 3765 1032 1776 3766 1064 1776 3767 1064 1777 3768 1032 1777 3769 1063 1777 3770 1174 1778 3771 1186 1779 3772 1145 1780 3773 1145 1780 3774 1186 1779 3775 1185 1781 3776 1150 1782 3777 1151 1783 3778 1100 1784 3779 1100 1784 3780 1151 1783 3781 1136 1785 3782 1093 1786 3783 1152 1787 3784 1130 1788 3785 1130 1788 3786 1152 1787 3787 1128 1789 3788 1155 1790 3789 1154 1791 3790 1086 1792 3791 1086 1792 3792 1154 1791 3793 1171 1793 3794 1168 1794 3795 1169 1795 3796 1084 1796 3797 1084 1796 3798 1169 1795 3799 1166 1797 3800 1161 1798 3801 1158 1799 3802 1091 1800 3803 1091 1800 3804 1158 1799 3805 1159 1801 3806 1089 1802 3807 1065 1803 3808 1173 1804 3809 1173 1804 3810 1066 1805 3811 1174 1778 3812 1066 1805 3813 1186 1779 3814 1174 1778 3815 1147 1806 3816 1185 1781 3817 1186 1779 3818 1185 1781 3819 1144 1807 3820 1184 1808 3821 1184 1808 3822 1143 1809 3823 1181 1810 3824 1181 1810 3825 1142 1811 3826 1182 1812 3827 1142 1811 3828 1139 1813 3829 1182 1812 3830 1141 1814 3831 1183 1815 3832 1139 1813 3833 1140 1816 3834 1098 1817 3835 1183 1815 3836 1138 1818 3837 1150 1782 3838 1098 1817 3839 1150 1782 3840 1080 1819 3841 1151 1783 3842 1080 1819 3843 1136 1785 3844 1151 1783 3845 1136 1785 3846 1082 1820 3847 1135 1821 3848 1135 1822 3849 1082 1822 3850 1102 1822 3851 1102 1823 3852 1088 1824 3853 1133 1825 3854 1088 1824 3855 1093 1786 3856 1133 1825 3857 1134 1826 3858 1152 1787 3859 1093 1786 3860 1132 1827 3861 1128 1789 3862 1152 1787 3863 1128 1789 3864 1129 1828 3865 1148 1829 3866 1129 1828 3867 1095 1830 3868 1148 1829 3869 1095 1830 3870 1090 1831 3871 1096 1832 3872 1096 1832 3873 1097 1833 3874 1149 1834 3875 1097 1833 3876 1111 1835 3877 1149 1834 3878 1094 1836 3879 1110 1837 3880 1111 1835 3881 1101 1838 3882 1112 1839 3883 1110 1837 3884 1112 1839 3885 1099 1840 3886 1156 1841 3887 1156 1841 3888 1108 1842 3889 1114 1843 3890 1114 1843 3891 1105 1844 3892 1113 1845 3893 1113 1846 3894 1105 1846 3895 1115 1846 3896 1115 1847 3897 1116 1848 3898 1180 1849 3899 1116 1848 3900 1176 1850 3901 1180 1849 3902 1109 1851 3903 1104 1852 3904 1176 1850 3905 1119 1853 3906 1157 1854 3907 1104 1852 3908 1157 1854 3909 1117 1855 3910 1106 1856 3911 1106 1856 3912 1122 1857 3913 1177 1858 3914 1177 1858 3915 1121 1859 3916 1107 1860 3917 1121 1859 3918 1178 1861 3919 1107 1860 3920 1120 1862 3921 1179 1863 3922 1178 1861 3923 1124 1864 3924 1153 1865 3925 1179 1863 3926 1123 1866 3927 1155 1790 3928 1153 1865 3929 1155 1790 3930 1126 1867 3931 1154 1791 3932 1154 1791 3933 1125 1868 3934 1171 1793 3935 1171 1793 3936 1069 1869 3937 1172 1870 3938 1172 1871 3939 1069 1871 3940 1070 1871 3941 1070 1872 3942 1071 1873 3943 1170 1874 3944 1071 1873 3945 1168 1794 3946 1170 1874 3947 1168 1794 3948 1068 1875 3949 1169 1795 3950 1169 1795 3951 1075 1876 3952 1166 1797 3953 1075 1876 3954 1167 1877 3955 1166 1797 3956 1167 1877 3957 1077 1878 3958 1164 1879 3959 1077 1878 3960 1165 1880 3961 1164 1879 3962 1165 1880 3963 1073 1881 3964 1162 1882 3965 1073 1881 3966 1163 1883 3967 1162 1882 3968 1074 1884 3969 1160 1885 3970 1163 1883 3971 1085 1886 3972 1161 1798 3973 1160 1885 3974 1161 1798 3975 1079 1887 3976 1158 1799 3977 1079 1887 3978 1159 1801 3979 1158 1799 3980 1159 1801 3981 1081 1888 3982 1175 1889 3983 1175 1890 3984 1081 1890 3985 1089 1890 3986 188 1891 3987 1277 1892 3988 190 1893 3989 190 1893 3990 1279 1894 3991 192 1895 3992 1280 1896 3993 188 1891 3994 306 1897 3995 192 1895 3996 1281 1898 3997 194 1899 3998 1282 1900 3999 306 1897 4000 304 1901 4001 194 1899 4002 1283 1902 4003 196 1903 4004 1284 1904 4005 304 1901 4006 302 1905 4007 1283 1902 4008 198 1906 4009 196 1903 4010 1286 1907 4011 302 1905 4012 300 1906 4013 1285 1906 4014 200 1906 4015 198 1906 4016 298 1908 4017 1286 1907 4018 300 1906 4019 1287 1909 4020 202 1910 4021 200 1906 4022 296 1911 4023 1288 1912 4024 298 1908 4025 1289 1913 4026 204 1914 4027 202 1910 4028 294 1915 4029 1290 1906 4030 296 1911 4031 204 1914 4032 1293 1916 4033 206 1917 4034 1294 1918 4035 294 1915 4036 292 1906 4037 206 1917 4038 1295 1906 4039 208 1919 4040 1296 1920 4041 292 1906 4042 290 1921 4043 208 1919 4044 1297 1922 4045 210 1923 4046 1298 1924 4047 290 1921 4048 288 1906 4049 1297 1922 4050 212 1925 4051 210 1923 4052 1300 1926 4053 288 1906 4054 286 1927 4055 1299 1928 4056 214 1929 4057 212 1925 4058 284 1930 4059 1300 1926 4060 286 1927 4061 1301 1931 4062 216 1932 4063 214 1929 4064 282 1933 4065 1302 1934 4066 284 1930 4067 1303 1935 4068 218 1936 4069 216 1932 4070 280 1937 4071 1304 1938 4072 282 1933 4073 218 1936 4074 1307 1939 4075 220 1940 4076 278 1941 4077 1306 1942 4078 280 1937 4079 220 1940 4080 1309 1943 4081 222 1944 4082 1310 1945 4083 278 1941 4084 276 1946 4085 222 1944 4086 1311 1947 4087 224 1948 4088 1312 1949 4089 276 1946 4090 274 1950 4091 224 1948 4092 1313 1951 4093 226 1952 4094 1314 1953 4095 274 1950 4096 272 1954 4097 1313 1951 4098 228 1906 4099 226 1952 4100 1316 1955 4101 272 1954 4102 270 1956 4103 1315 1957 4104 230 1958 4105 228 1906 4106 268 1959 4107 1316 1955 4108 270 1956 4109 1317 1960 4110 232 1906 4111 230 1958 4112 266 1961 4113 1318 1906 4114 268 1959 4115 1319 1962 4116 234 1963 4117 232 1906 4118 264 1964 4119 1320 1965 4120 266 1961 4121 234 1963 4122 1323 1906 4123 236 1966 4124 1324 1967 4125 264 1964 4126 262 1968 4127 236 1966 4128 1325 1969 4129 238 1970 4130 1326 1971 4131 262 1968 4132 260 1906 4133 238 1970 4134 1327 1972 4135 240 1906 4136 1328 1906 4137 260 1906 4138 258 1906 4139 1327 1972 4140 242 1973 4141 240 1906 4142 1330 1974 4143 258 1906 4144 256 1975 4145 1329 1976 4146 244 1977 4147 242 1973 4148 254 1978 4149 1330 1974 4150 256 1975 4151 1331 1979 4152 246 1980 4153 244 1977 4154 252 1981 4155 1332 1982 4156 254 1978 4157 1333 1983 4158 248 1984 4159 246 1980 4160 250 1985 4161 1334 1986 4162 252 1981 4163 248 1984 4164 1336 1987 4165 250 1985 4166 1337 1988 4167 1339 1989 4168 1338 1990 4169 1337 1988 4170 1340 1991 4171 1339 1989 4172 1337 1988 4173 1341 1992 4174 1340 1991 4175 1337 1988 4176 1342 1993 4177 1341 1992 4178 1337 1988 4179 1343 1994 4180 1342 1993 4181 1337 1988 4182 1344 1995 4183 1343 1994 4184 1337 1988 4185 1345 1996 4186 1344 1995 4187 1337 1988 4188 1346 1997 4189 1345 1996 4190 1337 1988 4191 1347 1998 4192 1346 1997 4193 1337 1988 4194 1348 1999 4195 1347 1998 4196 1337 1988 4197 1349 2000 4198 1348 1999 4199 1337 1988 4200 1350 2001 4201 1349 2000 4202 1337 1988 4203 1351 2002 4204 1350 2001 4205 1337 1988 4206 1352 2003 4207 1351 2002 4208 1337 1988 4209 1353 2004 4210 1352 2003 4211 1337 1988 4212 1354 2005 4213 1353 2004 4214 1337 1988 4215 1355 2006 4216 1354 2005 4217 1337 1988 4218 1356 2007 4219 1355 2006 4220 1337 1988 4221 1357 2008 4222 1356 2007 4223 1337 1988 4224 1358 2009 4225 1357 2008 4226 1337 1988 4227 1359 2010 4228 1358 2009 4229 1337 1988 4230 1360 2011 4231 1359 2010 4232 1337 1988 4233 1361 2012 4234 1360 2011 4235 1337 1988 4236 1362 2013 4237 1361 2012 4238 1337 1988 4239 1363 2014 4240 1362 2013 4241 1337 1988 4242 1364 2015 4243 1363 2014 4244 1337 1988 4245 1365 2016 4246 1364 2015 4247 1337 1988 4248 1366 2017 4249 1365 2016 4250 1337 1988 4251 1367 2018 4252 1366 2017 4253 1337 1988 4254 1368 2019 4255 1367 2018 4256 1337 1988 4257 1369 2020 4258 1368 2019 4259 1337 1988 4260 1370 2021 4261 1369 2020 4262 1337 1988 4263 1371 2022 4264 1370 2021 4265 1337 1988 4266 1372 2023 4267 1371 2022 4268 1337 1988 4269 1373 2024 4270 1372 2023 4271 1337 1988 4272 1374 2025 4273 1373 2024 4274 1337 1988 4275 1375 2026 4276 1374 2025 4277 1337 1988 4278 1376 2027 4279 1375 2026 4280 1337 1988 4281 1377 2028 4282 1376 2027 4283 1337 1988 4284 1378 2029 4285 1377 2028 4286 1337 1988 4287 1379 2030 4288 1378 2029 4289 1337 1988 4290 1380 2031 4291 1379 2030 4292 1337 1988 4293 1381 2032 4294 1380 2031 4295 1337 1988 4296 163 2033 4297 1381 2032 4298 1337 1988 4299 1382 2034 4300 163 2033 4301 1337 1988 4302 1383 2035 4303 1382 2034 4304 1337 1988 4305 145 2036 4306 1383 2035 4307 1337 1988 4308 1384 2037 4309 145 2036 4310 1337 1988 4311 1385 2038 4312 1384 2037 4313 1337 1988 4314 1386 2039 4315 1385 2038 4316 1337 1988 4317 1387 2040 4318 1386 2039 4319 1337 1988 4320 1388 2041 4321 1387 2040 4322 1337 1988 4323 1389 2042 4324 1388 2041 4325 1337 1988 4326 1390 2043 4327 1389 2042 4328 1337 1988 4329 1391 2044 4330 1390 2043 4331 1337 1988 4332 1392 2045 4333 1391 2044 4334 1337 1988 4335 1393 2046 4336 1392 2045 4337 1337 1988 4338 1394 2047 4339 1393 2046 4340 1337 1988 4341 1395 2048 4342 1394 2047 4343 1337 1988 4344 1338 1990 4345 1395 2048 4346 1398 2049 4347 1396 2050 4348 1397 2051 4349 1399 2052 4350 1396 2050 4351 1398 2049 4352 1400 2053 4353 1396 2050 4354 1399 2052 4355 1401 2054 4356 1396 2050 4357 1400 2053 4358 1402 2055 4359 1396 2050 4360 1401 2054 4361 1403 2056 4362 1396 2050 4363 1402 2055 4364 1404 2057 4365 1396 2050 4366 1403 2056 4367 1405 2058 4368 1396 2050 4369 1404 2057 4370 1406 2059 4371 1396 2050 4372 1405 2058 4373 1407 2060 4374 1396 2050 4375 1406 2059 4376 1408 2061 4377 1396 2050 4378 1407 2060 4379 1409 2062 4380 1396 2050 4381 1408 2061 4382 1410 2063 4383 1396 2050 4384 1409 2062 4385 1411 2064 4386 1396 2050 4387 1410 2063 4388 1412 2065 4389 1396 2050 4390 1411 2064 4391 1413 2066 4392 1396 2050 4393 1412 2065 4394 1414 2067 4395 1396 2050 4396 1413 2066 4397 1415 2068 4398 1396 2050 4399 1414 2067 4400 1416 2069 4401 1396 2050 4402 1415 2068 4403 1417 2070 4404 1396 2050 4405 1416 2069 4406 1418 2071 4407 1396 2050 4408 1417 2070 4409 1419 2072 4410 1396 2050 4411 1418 2071 4412 1420 2073 4413 1396 2050 4414 1419 2072 4415 1421 2074 4416 1396 2050 4417 1420 2073 4418 1422 2075 4419 1396 2050 4420 1421 2074 4421 1423 2076 4422 1396 2050 4423 1422 2075 4424 1424 2077 4425 1396 2050 4426 1423 2076 4427 1425 2078 4428 1396 2050 4429 1424 2077 4430 1426 2079 4431 1396 2050 4432 1425 2078 4433 1427 2080 4434 1396 2050 4435 1426 2079 4436 1428 2081 4437 1396 2050 4438 1427 2080 4439 1429 2082 4440 1396 2050 4441 1428 2081 4442 1430 2083 4443 1396 2050 4444 1429 2082 4445 1431 2084 4446 1396 2050 4447 1430 2083 4448 1432 2085 4449 1396 2050 4450 1431 2084 4451 1433 2086 4452 1396 2050 4453 1432 2085 4454 1434 2087 4455 1396 2050 4456 1433 2086 4457 1435 2088 4458 1396 2050 4459 1434 2087 4460 1436 2089 4461 1396 2050 4462 1435 2088 4463 1437 2090 4464 1396 2050 4465 1436 2089 4466 166 2091 4467 1396 2050 4468 1437 2090 4469 164 2092 4470 1396 2050 4471 166 2091 4472 1438 2093 4473 1396 2050 4474 164 2092 4475 163 2094 4476 1396 2050 4477 1438 2093 4478 1439 2075 4479 1396 2050 4480 163 2094 4481 1440 2095 4482 1396 2050 4483 1439 2075 4484 145 2096 4485 1396 2050 4486 1440 2095 4487 153 2097 4488 1396 2050 4489 145 2096 4490 158 2098 4491 1396 2050 4492 153 2097 4493 1441 2099 4494 1396 2050 4495 158 2098 4496 1442 2100 4497 1396 2050 4498 1441 2099 4499 1443 2088 4500 1396 2050 4501 1442 2100 4502 1444 2087 4503 1396 2050 4504 1443 2088 4505 1445 2101 4506 1396 2050 4507 1444 2087 4508 1446 2102 4509 1396 2050 4510 1445 2101 4511 1447 2103 4512 1396 2050 4513 1446 2102 4514 1448 2104 4515 1396 2050 4516 1447 2103 4517 1449 2105 4518 1396 2050 4519 1448 2104 4520 1450 2106 4521 1396 2050 4522 1449 2105 4523 1397 2051 4524 1396 2050 4525 1450 2106 4526 1338 2107 4527 1398 2108 4528 1397 2109 4529 1339 2110 4530 1399 2111 4531 1398 2108 4532 1340 2112 4533 1400 2113 4534 1399 2111 4535 1341 2114 4536 1401 2115 4537 1400 2113 4538 1342 2116 4539 1402 2117 4540 1401 2115 4541 1402 2117 4542 1344 2118 4543 1403 2119 4544 1403 2119 4545 1345 2120 4546 1404 2121 4547 1404 2121 4548 1346 2122 4549 1405 2123 4550 1346 2122 4551 1406 2124 4552 1405 2123 4553 1347 2125 4554 1407 2126 4555 1406 2124 4556 1348 2127 4557 1408 2128 4558 1407 2126 4559 1408 2128 4560 1350 2129 4561 1409 2130 4562 1350 2129 4563 1410 2131 4564 1409 2130 4565 1410 2131 4566 1352 2132 4567 1411 2133 4568 1411 2133 4569 1353 2134 4570 1412 2135 4571 1353 2134 4572 1413 2136 4573 1412 2135 4574 1414 2137 4575 1356 2138 4576 1415 2139 4577 1354 2140 4578 1414 2137 4579 1413 2136 4580 1416 2141 4581 1358 2142 4582 1417 2143 4583 1356 2138 4584 1416 2141 4585 1415 2139 4586 1418 2144 4587 1360 2145 4588 1419 2146 4589 1417 2143 4590 1359 2147 4591 1418 2144 4592 1361 2148 4593 1421 2149 4594 1420 2150 4595 1360 2145 4596 1420 2150 4597 1419 2146 4598 1422 2151 4599 1364 2152 4600 1423 2153 4601 1362 2154 4602 1422 2151 4603 1421 2149 4604 1424 2155 4605 1366 2156 4606 1425 2157 4607 1423 2153 4608 1365 2158 4609 1424 2155 4610 1426 2159 4611 1368 2160 4612 1427 2161 4613 1425 2157 4614 1367 2162 4615 1426 2159 4616 1428 2163 4617 1370 2164 4618 1429 2165 4619 1427 2161 4620 1369 2166 4621 1428 2163 4622 1372 2167 4623 1432 2168 4624 1431 2169 4625 1373 2170 4626 1433 2171 4627 1432 2168 4628 1370 2172 4629 1430 2173 4630 1429 2174 4631 1430 2173 4632 1372 2167 4633 1431 2169 4634 1435 2175 4635 1377 2176 4636 1436 2177 4637 1436 2177 4638 1378 2178 4639 1437 2179 4640 1374 2180 4641 1434 2181 4642 1433 2171 4643 1375 2182 4644 1435 2175 4645 1434 2181 4646 1378 2178 4647 166 2183 4648 1437 2179 4649 1379 2184 4650 164 2185 4651 166 2183 4652 1380 2186 4653 1438 2187 4654 164 2185 4655 1438 2187 4656 1381 2188 4657 163 2189 4658 163 2190 4659 1382 2191 4660 1439 2192 4661 1382 2191 4662 1440 2193 4663 1439 2192 4664 1440 2193 4665 1383 2194 4666 145 2195 4667 145 2196 4668 1384 2197 4669 153 2198 4670 1384 2197 4671 158 2199 4672 153 2198 4673 1385 2200 4674 1441 2201 4675 158 2199 4676 1386 2202 4677 1442 2203 4678 1441 2201 4679 1387 2204 4680 1443 2205 4681 1442 2203 4682 1443 2205 4683 1389 2206 4684 1444 2207 4685 1444 2207 4686 1390 2208 4687 1445 2209 4688 1445 2209 4689 1391 2210 4690 1446 2211 4691 1446 2211 4692 1392 2212 4693 1447 2213 4694 1392 2212 4695 1448 2214 4696 1447 2213 4697 1448 2214 4698 1394 2215 4699 1449 2216 4700 1394 2217 4701 1450 2218 4702 1449 2219 4703 1395 2220 4704 1397 2109 4705 1450 2218 4706 1488 2221 4707 1451 2222 4708 1530 2223 4709 1491 2224 4710 1451 2222 4711 1488 2221 4712 1495 2225 4713 1451 2222 4714 1491 2224 4715 1498 2226 4716 1451 2222 4717 1495 2225 4718 1501 3 4719 1451 2222 4720 1498 2226 4721 1504 3 4722 1451 2222 4723 1501 3 4724 1507 3 4725 1451 2222 4726 1504 3 4727 1510 2227 4728 1451 2222 4729 1507 3 4730 1511 2228 4731 1451 2222 4732 1510 2227 4733 1512 2229 4734 1451 2222 4735 1511 2228 4736 1513 2230 4737 1451 2222 4738 1512 2229 4739 1515 2231 4740 1451 2222 4741 1513 2230 4742 1519 3 4743 1451 2222 4744 1515 2231 4745 1517 2232 4746 1451 2222 4747 1519 3 4748 1521 2233 4749 1451 2222 4750 1517 2232 4751 1524 2234 4752 1451 2222 4753 1521 2233 4754 1526 2235 4755 1451 2222 4756 1524 2234 4757 1525 3 4758 1451 2222 4759 1526 2235 4760 1528 3 4761 1451 2222 4762 1525 3 4763 1527 3 4764 1451 2222 4765 1528 3 4766 1529 3 4767 1451 2222 4768 1527 3 4769 1539 3 4770 1451 2222 4771 1529 3 4772 1540 2236 4773 1451 2222 4774 1539 3 4775 1541 2237 4776 1451 2222 4777 1540 2236 4778 1542 2238 4779 1451 2222 4780 1541 2237 4781 1543 2239 4782 1451 2222 4783 1542 2238 4784 1544 2240 4785 1451 2222 4786 1543 2239 4787 1545 2241 4788 1451 2222 4789 1544 2240 4790 1546 3 4791 1451 2222 4792 1545 2241 4793 1547 2242 4794 1451 2222 4795 1546 3 4796 1530 2223 4797 1451 2222 4798 1547 2242 4799 1452 2243 4800 1454 2244 4801 1453 2245 4802 1452 2243 4803 1455 2246 4804 1454 2244 4805 1625 2247 4806 1455 2246 4807 1452 2243 4808 1625 2247 4809 1452 2243 4810 1626 2248 4811 1626 2248 4812 1452 2243 4813 2091 2249 4814 2091 2249 4815 1452 2243 4816 2094 2250 4817 2094 2250 4818 1452 2243 4819 1627 2251 4820 1627 2251 4821 1452 2243 4822 2111 2252 4823 2111 2252 4824 1452 2243 4825 2104 2253 4826 2105 2254 4827 2104 2253 4828 1452 2243 4829 2105 2254 4830 1452 2243 4831 2092 2255 4832 2092 2255 4833 1452 2243 4834 1664 2256 4835 1452 2243 4836 2095 2257 4837 1664 2256 4838 2095 2257 4839 1452 2243 4840 2118 2258 4841 1452 2243 4842 1456 2259 4843 2118 2258 4844 1452 2243 4845 1457 2260 4846 1456 2259 4847 1452 2243 4848 1458 2261 4849 1457 2260 4850 1452 2262 4851 1459 2263 4852 1458 2264 4853 1452 2262 4854 1460 2265 4855 1459 2263 4856 1452 2262 4857 1461 2266 4858 1460 2265 4859 1452 2262 4860 1462 2267 4861 1461 2266 4862 1452 2262 4863 1463 2268 4864 1462 2267 4865 1452 2262 4866 1464 2269 4867 1463 2268 4868 1452 2262 4869 1465 2270 4870 1464 2269 4871 1452 2262 4872 1466 2271 4873 1465 2270 4874 1452 2262 4875 1467 2272 4876 1466 2271 4877 1452 2262 4878 1468 2273 4879 1467 2272 4880 1452 2262 4881 1469 2274 4882 1468 2273 4883 1452 2262 4884 1470 2275 4885 1469 2274 4886 1452 2262 4887 1471 1906 4888 1470 2275 4889 1452 2262 4890 1472 1906 4891 1471 1906 4892 1452 2262 4893 1473 1906 4894 1472 1906 4895 1452 2262 4896 1474 2275 4897 1473 1906 4898 1452 2262 4899 1475 2274 4900 1474 2275 4901 1452 2262 4902 1476 2273 4903 1475 2274 4904 1452 2262 4905 1477 2272 4906 1476 2273 4907 1452 2262 4908 1478 2271 4909 1477 2272 4910 1452 2262 4911 1479 2270 4912 1478 2271 4913 1452 2262 4914 1480 2269 4915 1479 2270 4916 1452 2262 4917 1481 2268 4918 1480 2269 4919 1452 2262 4920 1482 2267 4921 1481 2268 4922 1452 2262 4923 1483 2266 4924 1482 2267 4925 1452 2262 4926 1484 2265 4927 1483 2266 4928 1452 2262 4929 1485 2276 4930 1484 2265 4931 1452 2262 4932 1486 2277 4933 1485 2276 4934 1452 2262 4935 1453 2278 4936 1486 2277 4937 1636 2279 4938 1538 2280 4939 1635 2281 4940 1537 2282 4941 1538 2283 4942 1636 2284 4943 1537 2282 4944 1636 2284 4945 2098 2285 4946 1536 2286 4947 2098 2285 4948 1640 2287 4949 1535 2288 4950 1640 2287 4951 1630 2289 4952 1534 2290 4953 1630 2289 4954 2103 2291 4955 1533 2292 4956 2103 2291 4957 1631 2293 4958 1532 2294 4959 1631 2293 4960 1632 2295 4961 1531 2296 4962 1632 2295 4963 1633 2297 4964 1500 2298 4965 1633 2297 4966 2099 2299 4967 1499 2300 4968 2099 2299 4969 1634 2301 4970 1503 2302 4971 1499 2300 4972 1634 2301 4973 1634 2301 4974 2116 2303 4975 1503 2302 4976 1502 2304 4977 2116 2303 4978 2102 2305 4979 1506 2306 4980 2102 2305 4981 2117 2307 4982 1505 2308 4983 2117 2307 4984 1628 2309 4985 1509 2310 4986 1628 2309 4987 1629 2311 4988 2109 2312 4989 1509 2310 4990 1629 2311 4991 2119 2313 4992 1487 2314 4993 2110 2315 4994 2110 2315 4995 1508 2316 4996 2109 2312 4997 1508 2316 4998 2110 2315 4999 1487 2314 5000 2113 2317 5001 1490 2318 5002 1641 2319 5003 1490 2318 5004 2113 2317 5005 1492 2320 5006 1641 2319 5007 1489 2321 5008 2119 2313 5009 1493 2322 5010 2114 2323 5011 1494 2324 5012 2106 2325 5013 1492 2320 5014 2113 2317 5015 2096 2326 5016 1496 2327 5017 2115 2328 5018 2115 2328 5019 1494 2324 5020 2114 2323 5021 2108 2329 5022 1516 2330 5023 2107 2331 5024 1516 2330 5025 1497 2332 5026 2096 2326 5027 2096 2326 5028 2107 2331 5029 1516 2330 5030 1646 2333 5031 1520 2334 5032 1637 2335 5033 1637 2335 5034 1514 2336 5035 2108 2329 5036 1638 2337 5037 1523 2338 5038 1639 2339 5039 1646 2333 5040 1639 2339 5041 1523 2338 5042 1646 2333 5043 1523 2338 5044 1518 2340 5045 1458 2341 5046 1459 2342 5047 1647 2343 5048 2112 2344 5049 1522 2345 5050 1638 2337 5051 1643 2346 5052 1462 2347 5053 2123 2348 5054 2123 2348 5055 1463 2349 5056 1649 2350 5057 1463 2349 5058 2123 2348 5059 1462 2347 5060 1647 2343 5061 1460 2351 5062 1650 2352 5063 1650 2352 5064 1461 2353 5065 1643 2346 5066 2097 2354 5067 1466 2355 5068 1645 2356 5069 1466 2355 5070 2097 2354 5071 1465 2357 5072 1645 2356 5073 1467 2358 5074 2125 2359 5075 1649 2350 5076 1464 2360 5077 2090 2361 5078 2090 2361 5079 1465 2357 5080 2097 2354 5081 1465 2357 5082 2090 2361 5083 1464 2360 5084 2125 2359 5085 1468 2362 5086 1642 2363 5087 1469 2364 5088 1642 2363 5089 1468 2362 5090 1642 2363 5091 1469 2364 5092 1665 2365 5093 1665 2365 5094 1470 2366 5095 2120 2367 5096 2120 2367 5097 1471 2368 5098 2121 2369 5099 2121 2369 5100 1472 2370 5101 2093 2371 5102 1472 2370 5103 1648 2372 5104 2093 2371 5105 1473 2373 5106 2124 2374 5107 1648 2372 5108 1474 2375 5109 1654 2376 5110 2124 2374 5111 1475 2377 5112 1655 2378 5113 1654 2376 5114 1476 2379 5115 2133 2380 5116 1655 2378 5117 1477 2381 5118 2126 2382 5119 2133 2380 5120 1478 2383 5121 1479 2384 5122 1656 2385 5123 1656 2385 5124 2126 2382 5125 1478 2383 5126 1479 2384 5127 1480 2386 5128 2127 2387 5129 2127 2387 5130 1656 2385 5131 1479 2384 5132 1480 2386 5133 2128 2388 5134 2127 2387 5135 1481 2389 5136 1482 2390 5137 1666 2391 5138 1666 2391 5139 2128 2388 5140 1481 2389 5141 1482 2390 5142 1653 2392 5143 1666 2391 5144 1483 2393 5145 2129 2394 5146 1653 2392 5147 1484 2395 5148 2130 2396 5149 2129 2394 5150 1485 2397 5151 2131 2398 5152 2130 2396 5153 2131 2398 5154 1486 2399 5155 1453 2400 5156 1538 2280 5157 1551 2401 5158 1635 2281 5159 1554 2402 5160 1538 2280 5161 1537 2403 5162 1555 2404 5163 1537 2403 5164 1536 2405 5165 1557 2406 5166 1536 2405 5167 1535 2407 5168 1534 2408 5169 1557 2406 5170 1535 2407 5171 1533 2409 5172 1559 2410 5173 1534 2408 5174 1532 2411 5175 1560 2412 5176 1533 2409 5177 1531 2413 5178 1562 2414 5179 1532 2411 5180 1500 2415 5181 1564 2416 5182 1531 2413 5183 1566 2417 5184 1500 2415 5185 1499 2418 5186 1569 2419 5187 1499 2418 5188 1503 2420 5189 1502 2421 5190 1569 2419 5191 1503 2420 5192 1506 2422 5193 1570 2423 5194 1502 2421 5195 1505 2424 5196 1572 2425 5197 1506 2422 5198 1576 2426 5199 1505 2424 5200 1509 2427 5201 1508 2428 5202 1576 2426 5203 1509 2427 5204 1578 2429 5205 1508 2428 5206 1487 2430 5207 1577 2431 5208 1487 2430 5209 1489 2432 5210 1581 2433 5211 1489 2432 5212 1490 2434 5213 1492 2435 5214 1581 2433 5215 1490 2434 5216 1585 2436 5217 1492 2435 5218 1493 2437 5219 1583 2438 5220 1493 2437 5221 1494 2439 5222 1589 2440 5223 1494 2439 5224 1496 2441 5225 1587 2442 5226 1496 2441 5227 1497 2443 5228 1592 2444 5229 1497 2443 5230 1516 2445 5231 1591 2446 5232 1516 2445 5233 1514 2447 5234 1520 2448 5235 1591 2446 5236 1514 2447 5237 1518 2449 5238 1595 2450 5239 1520 2448 5240 1523 2451 5241 1593 2452 5242 1518 2449 5243 1522 2453 5244 1598 2454 5245 1523 2451 5246 1604 2455 5247 1522 2453 5248 2112 2456 5249 1644 2457 5250 1604 2455 5251 2112 2456 5252 1651 2458 5253 1605 2459 5254 1644 2457 5255 2122 2460 5256 1599 2461 5257 1651 2458 5258 2132 2462 5259 1610 2463 5260 1601 2464 5261 1601 2464 5262 2122 2460 5263 2132 2462 5264 2132 2462 5265 1660 2465 5266 1610 2463 5267 2101 2466 5268 1606 2467 5269 1660 2465 5270 1606 2467 5271 2101 2466 5272 1608 2468 5273 1612 2469 5274 1608 2468 5275 2101 2466 5276 1618 2470 5277 2134 2471 5278 2135 2472 5279 1658 2473 5280 1618 2470 5281 2135 2472 5282 2137 2474 5283 1621 2475 5284 2136 2476 5285 1659 2477 5286 1621 2475 5287 2137 2474 5288 1659 2477 5289 1548 2478 5290 1623 2479 5291 1613 2480 5292 1548 2478 5293 1549 2481 5294 1551 2401 5295 1549 2481 5296 1635 2281 5297 1552 2482 5298 1550 2483 5299 1551 2401 5300 1488 2484 5301 1530 2485 5302 1550 2483 5303 1554 2402 5304 1550 2483 5305 1552 2482 5306 1553 2486 5307 1488 2484 5308 1550 2483 5309 1555 2404 5310 1553 2486 5311 1554 2402 5312 1491 2487 5313 1488 2488 5314 1553 2486 5315 1557 2406 5316 1553 2486 5317 1555 2404 5318 1556 2489 5319 1491 2487 5320 1553 2486 5321 1558 2490 5322 1557 2406 5323 1559 2410 5324 1558 2490 5325 1495 2491 5326 1556 2489 5327 1560 2412 5328 1558 2490 5329 1559 2410 5330 1561 2492 5331 1495 2493 5332 1558 2490 5333 1562 2414 5334 1561 2492 5335 1560 2412 5336 1498 2494 5337 1495 2495 5338 1561 2492 5339 1563 2496 5340 1562 2414 5341 1564 2416 5342 1563 2496 5343 1498 2494 5344 1561 2492 5345 1565 2497 5346 1563 2496 5347 1564 2416 5348 1567 2498 5349 1498 2499 5350 1563 2496 5351 1566 2417 5352 1567 2498 5353 1565 2497 5354 1568 2500 5355 1566 2417 5356 1569 2419 5357 1568 2500 5358 1501 2501 5359 1567 2498 5360 1570 2423 5361 1568 2500 5362 1569 2419 5363 1571 2502 5364 1504 2503 5365 1568 2500 5366 1572 2425 5367 1571 2502 5368 1570 2423 5369 1507 2504 5370 1504 2505 5371 1571 2502 5372 1573 2506 5373 1571 2502 5374 1572 2425 5375 1575 2507 5376 1507 2504 5377 1571 2502 5378 1576 2426 5379 1575 2507 5380 1573 2506 5381 1510 2508 5382 1507 2509 5383 1575 2507 5384 1574 2510 5385 1575 2507 5386 1576 2426 5387 1579 2511 5388 1510 2508 5389 1575 2507 5390 1578 2429 5391 1579 2511 5392 1574 2510 5393 1577 2431 5394 1579 2511 5395 1578 2429 5396 1511 2512 5397 1579 2511 5398 1582 2513 5399 1581 2433 5400 1582 2513 5401 1577 2431 5402 1580 2514 5403 1582 2513 5404 1581 2433 5405 1512 2515 5406 1582 2513 5407 1586 2516 5408 1585 2436 5409 1586 2516 5410 1580 2514 5411 1513 2517 5412 1512 2515 5413 1586 2516 5414 1584 2518 5415 1585 2436 5416 1583 2438 5417 1584 2518 5418 1513 2517 5419 1586 2516 5420 1589 2440 5421 1584 2518 5422 1583 2438 5423 1588 2519 5424 1513 2520 5425 1584 2518 5426 1587 2442 5427 1588 2519 5428 1589 2440 5429 1590 2521 5430 1587 2442 5431 1592 2444 5432 1590 2521 5433 1515 2522 5434 1588 2519 5435 1591 2446 5436 1590 2521 5437 1592 2444 5438 1594 2523 5439 1591 2446 5440 1595 2450 5441 1594 2523 5442 1519 2524 5443 1590 2521 5444 1593 2452 5445 1594 2523 5446 1595 2450 5447 1521 2525 5448 1594 2523 5449 1597 2526 5450 1598 2454 5451 1597 2526 5452 1593 2452 5453 1596 2527 5454 1597 2526 5455 1598 2454 5456 1524 2528 5457 1597 2526 5458 1603 2529 5459 1604 2455 5460 1603 2529 5461 1596 2527 5462 1600 2530 5463 1604 2455 5464 1605 2459 5465 1600 2530 5466 1524 2528 5467 1603 2529 5468 1599 2461 5469 1600 2530 5470 1605 2459 5471 1601 2464 5472 1600 2530 5473 1599 2461 5474 1602 2531 5475 1526 2532 5476 1600 2530 5477 1610 2463 5478 1602 2531 5479 1601 2464 5480 1607 2533 5481 1610 2463 5482 1660 2465 5483 1607 2533 5484 1525 2534 5485 1602 2531 5486 1606 2467 5487 1607 2533 5488 1660 2465 5489 1608 2468 5490 1607 2533 5491 1606 2467 5492 1609 2535 5493 1528 2536 5494 1607 2533 5495 1612 2469 5496 1609 2535 5497 1608 2468 5498 2141 2537 5499 1609 2535 5500 1612 2469 5501 1529 2538 5502 1609 2535 5503 1611 2539 5504 1611 2539 5505 2141 2537 5506 2138 2540 5507 2138 2540 5508 2139 2541 5509 1611 2539 5510 1539 2542 5511 1529 2538 5512 1611 2539 5513 2139 2541 5514 2140 2543 5515 1611 2539 5516 2140 2543 5517 1539 2542 5518 1611 2539 5519 1663 2544 5520 1539 2545 5521 2140 2546 5522 2100 2547 5523 1540 2548 5524 1663 2544 5525 2142 2549 5526 1540 2550 5527 2100 2551 5528 1657 2552 5529 1541 2553 5530 2142 2549 5531 1661 2554 5532 1614 2555 5533 1657 2556 5534 1542 2557 5535 1657 2556 5536 1614 2555 5537 1661 2554 5538 1662 2558 5539 1614 2555 5540 1543 2559 5541 1542 2557 5542 1614 2555 5543 1662 2558 5544 1615 2560 5545 1616 2561 5546 1616 2561 5547 1614 2555 5548 1662 2558 5549 1616 2561 5550 1543 2559 5551 1614 2555 5552 1652 2562 5553 1616 2561 5554 1615 2560 5555 1544 2563 5556 1616 2561 5557 1617 2564 5558 2134 2471 5559 1617 2564 5560 1652 2562 5561 1618 2470 5562 1617 2564 5563 2134 2471 5564 1619 2565 5565 1544 2563 5566 1617 2564 5567 1658 2473 5568 1619 2565 5569 1618 2470 5570 1620 2566 5571 1545 2567 5572 1619 2565 5573 2136 2568 5574 1620 2566 5575 1658 2473 5576 1546 2569 5577 1545 2570 5578 1620 2571 5579 1621 2572 5580 1620 2571 5581 2136 2573 5582 1622 2574 5583 1546 2569 5584 1620 2571 5585 1659 2477 5586 1622 2574 5587 1621 2475 5588 1623 2479 5589 1622 2574 5590 1659 2477 5591 1530 2575 5592 1622 2574 5593 1624 2576 5594 1613 2480 5595 1624 2576 5596 1623 2479 5597 1551 2401 5598 1624 2576 5599 1613 2480 5600 1550 2483 5601 1530 2575 5602 1624 2576 5603 1667 2577 5604 1669 2578 5605 1668 2579 5606 1667 2577 5607 1670 2580 5608 1669 2578 5609 1667 2577 5610 2066 2581 5611 2015 2582 5612 1791 2583 5613 1670 2580 5614 2016 2584 5615 1880 2585 5616 1667 2577 5617 2015 2582 5618 1854 2586 5619 2016 2584 5620 1670 2580 5621 1880 2585 5622 1854 2586 5623 1670 2580 5624 1667 2577 5625 2073 2587 5626 2017 2588 5627 2017 2588 5628 2066 2581 5629 1667 2577 5630 2069 2589 5631 1671 2590 5632 1852 2591 5633 1671 2590 5634 1791 2583 5635 2019 2592 5636 1882 2593 5637 1852 2591 5638 1671 2590 5639 2019 2592 5640 1882 2593 5641 1671 2590 5642 1667 2577 5643 2070 2594 5644 1851 2595 5645 1851 2595 5646 2073 2587 5647 1667 2577 5648 2024 2596 5649 1800 2597 5650 1673 2598 5651 1672 2599 5652 2069 2589 5653 2021 2600 5654 1853 2601 5655 1673 2598 5656 1672 2599 5657 1672 2599 5658 2021 2600 5659 2022 2602 5660 1672 2599 5661 2022 2602 5662 1864 2603 5663 1672 2599 5664 1864 2603 5665 1865 2604 5666 2023 2605 5667 1853 2601 5668 1672 2599 5669 1865 2604 5670 2023 2605 5671 1672 2599 5672 2025 2606 5673 2028 2607 5674 1674 2608 5675 1673 2598 5676 2025 2606 5677 1674 2608 5678 2070 2594 5679 1667 2577 5680 2077 2609 5681 1675 2610 5682 1674 2608 5683 2028 2607 5684 1675 2610 5685 2028 2607 5686 1802 2611 5687 2031 2612 5688 1804 2613 5689 1676 2614 5690 1675 2610 5691 2031 2612 5692 1676 2614 5693 2033 2615 5694 1869 2616 5695 1677 2617 5696 1676 2614 5697 2033 2615 5698 1677 2617 5699 1678 2618 5700 1677 2617 5701 1869 2616 5702 1869 2616 5703 1858 2619 5704 1678 2618 5705 2077 2609 5706 1667 2577 5707 2032 2620 5708 1679 2621 5709 1678 2618 5710 1858 2619 5711 1858 2619 5712 1808 2622 5713 1679 2621 5714 1808 2622 5715 2039 2623 5716 1680 2624 5717 1680 2624 5718 1679 2621 5719 1808 2622 5720 2039 2623 5721 1811 2625 5722 1666 2626 5723 1453 2245 5724 1454 2244 5725 1680 2624 5726 2131 2627 5727 1453 2245 5728 1680 2624 5729 2039 2623 5730 1666 2626 5731 1653 2628 5732 2131 2627 5733 2039 2623 5734 2130 2629 5735 2039 2623 5736 1653 2628 5737 2129 2630 5738 2129 2630 5739 2130 2629 5740 2039 2623 5741 2128 2631 5742 1666 2626 5743 1811 2625 5744 2127 2632 5745 2128 2631 5746 1811 2625 5747 1455 2246 5748 1680 2624 5749 1454 2244 5750 1455 2246 5751 1625 2247 5752 1681 2633 5753 1680 2624 5754 1455 2246 5755 1681 2633 5756 1656 2634 5757 2127 2632 5758 1811 2625 5759 1625 2247 5760 1626 2248 5761 1682 2635 5762 1682 2635 5763 1681 2633 5764 1625 2247 5765 2043 2636 5766 1655 2637 5767 1811 2625 5768 1811 2625 5769 1655 2637 5770 2133 2638 5771 2126 2639 5772 1656 2634 5773 1811 2625 5774 2133 2638 5775 2126 2639 5776 1811 2625 5777 1626 2248 5778 2091 2249 5779 1682 2635 5780 1683 2640 5781 1682 2635 5782 2091 2249 5783 1683 2640 5784 2091 2249 5785 2094 2250 5786 2047 2641 5787 2093 2642 5788 1648 2643 5789 2047 2641 5790 1648 2643 5791 2124 2644 5792 2124 2644 5793 2043 2636 5794 2047 2641 5795 1627 2251 5796 2111 2252 5797 1683 2640 5798 2094 2250 5799 1627 2251 5800 1683 2640 5801 1665 2645 5802 2049 2646 5803 1642 2647 5804 2092 2255 5805 1684 2648 5806 1683 2640 5807 2105 2254 5808 2092 2255 5809 1683 2640 5810 2121 2649 5811 2047 2641 5812 2049 2646 5813 2120 2650 5814 2049 2646 5815 1665 2645 5816 2121 2649 5817 2049 2646 5818 2120 2650 5819 2104 2253 5820 2105 2254 5821 1683 2640 5822 1683 2640 5823 2111 2252 5824 2104 2253 5825 2068 2651 5826 2090 2652 5827 2097 2653 5828 1684 2648 5829 1664 2256 5830 2095 2257 5831 2095 2257 5832 1685 2654 5833 1684 2648 5834 1645 2655 5835 2068 2651 5836 2097 2653 5837 2125 2656 5838 1642 2647 5839 2049 2646 5840 2125 2656 5841 2068 2651 5842 1645 2655 5843 1684 2648 5844 2092 2255 5845 1664 2256 5846 1457 2657 5847 2123 2658 5848 1456 2659 5849 1647 2660 5850 1457 2657 5851 1458 2661 5852 2123 2658 5853 1650 2662 5854 1643 2663 5855 1686 2664 5856 1456 2259 5857 1457 2665 5858 2123 2666 5859 2068 2651 5860 2018 2667 5861 1686 2664 5862 1457 2665 5863 1458 2668 5864 1643 2669 5865 2123 2666 5866 2018 2667 5867 2018 2667 5868 1458 2668 5869 1647 2670 5870 1650 2671 5871 1643 2669 5872 2018 2667 5873 2018 2667 5874 1647 2670 5875 1650 2671 5876 2068 2651 5877 2123 2666 5878 1649 2672 5879 2068 2651 5880 1649 2672 5881 2090 2652 5882 2118 2258 5883 1686 2664 5884 1685 2654 5885 1685 2654 5886 2095 2257 5887 2118 2258 5888 1456 2259 5889 1686 2664 5890 2118 2258 5891 1686 2664 5892 2018 2667 5893 1792 2673 5894 1686 2664 5895 1792 2673 5896 1687 2674 5897 1687 2674 5898 2078 2675 5899 1688 2676 5900 1687 2674 5901 1792 2673 5902 2078 2675 5903 1688 2676 5904 2071 2677 5905 1689 2678 5906 1688 2676 5907 2078 2675 5908 2071 2677 5909 2032 2620 5910 1667 2577 5911 2067 2679 5912 1689 2678 5913 2071 2677 5914 1855 2680 5915 1855 2680 5916 1690 2681 5917 1689 2678 5918 1690 2681 5919 2081 2682 5920 1859 2683 5921 1859 2683 5922 1691 2684 5923 1690 2681 5924 1691 2684 5925 1863 2685 5926 1692 2686 5927 1863 2685 5928 1691 2684 5929 1870 2687 5930 1692 2686 5931 1863 2685 5932 2061 2688 5933 1693 2689 5934 2061 2688 5935 2074 2690 5936 1876 2691 5937 2067 2679 5938 1667 2577 5939 1667 2577 5940 1809 2692 5941 1876 2691 5942 1693 2689 5943 2074 2690 5944 2034 2693 5945 2030 2694 5946 1803 2695 5947 1694 2696 5948 1867 2697 5949 2030 2694 5950 1694 2696 5951 2029 2698 5952 1867 2697 5953 1694 2696 5954 1693 2689 5955 2035 2699 5956 1694 2696 5957 1891 2700 5958 2029 2698 5959 1694 2696 5960 1694 2696 5961 2035 2699 5962 1866 2701 5963 1694 2696 5964 1866 2701 5965 1891 2700 5966 2038 2702 5967 1809 2692 5968 1667 2577 5969 1667 2577 5970 2079 2703 5971 2038 2702 5972 1860 2704 5973 1695 2705 5974 1694 2696 5975 1694 2696 5976 1803 2695 5977 2036 2706 5978 1694 2696 5979 2036 2706 5980 2037 2707 5981 1694 2696 5982 2037 2707 5983 1860 2704 5984 1696 2708 5985 1695 2705 5986 1807 2709 5987 2041 2710 5988 2079 2703 5989 1667 2577 5990 1874 2711 5991 1667 2577 5992 1696 2708 5993 1696 2708 5994 1807 2709 5995 1856 2712 5996 1696 2708 5997 1856 2712 5998 2040 2713 5999 1696 2708 6000 2040 2713 6001 1874 2711 6002 1667 2577 6003 1697 2714 6004 1696 2708 6005 1667 2577 6006 1698 2715 6007 1697 2714 6008 1667 2577 6009 1699 2716 6010 1698 2715 6011 1667 2577 6012 1700 2717 6013 1699 2716 6014 1667 2577 6015 1701 2718 6016 1700 2717 6017 1667 2577 6018 1702 2719 6019 1701 2718 6020 1814 2720 6021 1702 2719 6022 1941 2721 6023 1667 2577 6024 1862 2722 6025 1868 2723 6026 1861 2724 6027 1941 2721 6028 1702 2719 6029 1667 2577 6030 1868 2723 6031 1875 2725 6032 1939 2726 6033 1861 2724 6034 1702 2719 6035 1667 2577 6036 1875 2725 6037 1899 2727 6038 1938 2728 6039 1939 2726 6040 1702 2719 6041 1702 2719 6042 1667 2577 6043 1899 2727 6044 1937 2729 6045 1938 2728 6046 1702 2719 6047 1702 2719 6048 1899 2727 6049 1937 2729 6050 1943 2730 6051 1703 2731 6052 1814 2720 6053 1945 2732 6054 2002 2733 6055 1704 2734 6056 1944 2735 6057 1945 2732 6058 1704 2734 6059 1944 2735 6060 1703 2731 6061 1943 2730 6062 1862 2722 6063 1667 2577 6064 1878 2736 6065 1857 2737 6066 1704 2734 6067 2002 2733 6068 1949 2738 6069 1952 2739 6070 1705 2740 6071 1949 2738 6072 1704 2734 6073 1857 2737 6074 1878 2736 6075 1667 2577 6076 1793 2741 6077 1884 2742 6078 2000 2743 6079 1706 2744 6080 1884 2742 6081 1705 2740 6082 1952 2739 6083 1667 2577 6084 1796 2745 6085 1793 2741 6086 1955 2746 6087 1706 2744 6088 2000 2743 6089 1955 2746 6090 1707 2747 6091 1706 2744 6092 1796 2745 6093 1667 2577 6094 1797 2748 6095 1960 2749 6096 1707 2747 6097 1798 2750 6098 1707 2747 6099 1958 2751 6100 1708 2752 6101 1958 2751 6102 1707 2747 6103 1960 2749 6104 1797 2748 6105 1667 2577 6106 1995 2753 6107 1962 2754 6108 1708 2752 6109 1958 2751 6110 1962 2754 6111 1709 2755 6112 1708 2752 6113 1667 2577 6114 1822 2756 6115 1995 2753 6116 1890 2757 6117 1710 2758 6118 1709 2755 6119 1709 2755 6120 1801 2759 6121 1890 2757 6122 1822 2756 6123 1667 2577 6124 2006 2760 6125 1965 2761 6126 1711 2762 6127 1710 2758 6128 1965 2761 6129 1710 2758 6130 1893 2763 6131 1711 2762 6132 1996 2764 6133 1877 2765 6134 1877 2765 6135 1712 2766 6136 1711 2762 6137 1712 2766 6138 1957 2767 6139 1713 2768 6140 1957 2767 6141 1820 2769 6142 1713 2768 6143 1871 2770 6144 1714 2771 6145 1713 2768 6146 1713 2768 6147 1820 2769 6148 1871 2770 6149 2006 2760 6150 1667 2577 6151 1997 2772 6152 1873 2773 6153 1831 2774 6154 1715 2775 6155 1714 2771 6156 1873 2773 6157 1715 2775 6158 1715 2775 6159 1975 2776 6160 1716 2777 6161 1716 2777 6162 1975 2776 6163 1976 2778 6164 1977 2779 6165 1716 2777 6166 1976 2778 6167 1977 2779 6168 2001 2780 6169 1717 2781 6170 1997 2772 6171 1667 2577 6172 1813 2782 6173 1717 2781 6174 1979 2783 6175 1718 2784 6176 1979 2783 6177 1942 2785 6178 1718 2784 6179 1813 2782 6180 1667 2577 6181 1833 2786 6182 1719 2787 6183 1718 2784 6184 1942 2785 6185 1719 2787 6186 1942 2785 6187 1879 2788 6188 1879 2788 6189 1790 2789 6190 1719 2787 6191 1833 2786 6192 1667 2577 6193 2003 2790 6194 1719 2787 6195 1984 2791 6196 1720 2792 6197 1984 2791 6198 1999 2793 6199 1720 2792 6200 2003 2790 6201 1667 2577 6202 1789 2794 6203 1720 2792 6204 1999 2793 6205 1881 2795 6206 1881 2795 6207 1721 2796 6208 1720 2792 6209 1946 2797 6210 1789 2794 6211 1667 2577 6212 1946 2797 6213 1667 2577 6214 1818 2798 6215 1883 2799 6216 1722 2800 6217 1721 2796 6218 1721 2796 6219 1794 2801 6220 1951 2802 6221 1721 2796 6222 1951 2802 6223 1883 2799 6224 1818 2798 6225 1667 2577 6226 1843 2803 6227 1954 2804 6228 1723 2805 6229 1722 2800 6230 1722 2800 6231 1799 2806 6232 1982 2807 6233 1722 2800 6234 1982 2807 6235 1953 2808 6236 1953 2808 6237 1954 2804 6238 1722 2800 6239 1956 2809 6240 1843 2803 6241 1667 2577 6242 1724 2810 6243 1723 2805 6244 1815 2811 6245 1892 2812 6246 1956 2809 6247 1667 2577 6248 1964 2813 6249 1892 2812 6250 1667 2577 6251 1724 2810 6252 1815 2811 6253 1887 2814 6254 1889 2815 6255 1964 2813 6256 1667 2577 6257 1724 2810 6258 1887 2814 6259 1961 2816 6260 1889 2815 6261 1667 2577 6262 1724 2810 6263 1724 2810 6264 1961 2816 6265 1888 2817 6266 1963 2818 6267 1889 2815 6268 1724 2810 6269 1888 2817 6270 1963 2818 6271 1724 2810 6272 1667 2577 6273 1725 2819 6274 1724 2810 6275 1667 2577 6276 1726 2820 6277 1725 2819 6278 1667 2577 6279 1727 2821 6280 1726 2820 6281 1667 2577 6282 1668 2579 6283 1727 2821 6284 1730 2822 6285 1728 2823 6286 1729 2824 6287 1731 2825 6288 1728 2823 6289 1730 2822 6290 2042 2826 6291 2075 2827 6292 1728 2823 6293 1731 2825 6294 1826 2828 6295 2046 2829 6296 1731 2825 6297 2046 2829 6298 1912 2830 6299 2044 2831 6300 1728 2823 6301 1731 2825 6302 1731 2825 6303 1912 2830 6304 2044 2831 6305 1913 2832 6306 2072 2833 6307 1728 2823 6308 1728 2823 6309 2075 2827 6310 1913 2832 6311 1732 2834 6312 1829 2835 6313 1894 2836 6314 2048 2837 6315 1826 2828 6316 1732 2834 6317 1732 2834 6318 1894 2836 6319 1914 2838 6320 1732 2834 6321 1914 2838 6322 2048 2837 6323 1872 2839 6324 1825 2840 6325 1728 2823 6326 1728 2823 6327 2072 2833 6328 1872 2839 6329 1734 2841 6330 2076 2842 6331 1898 2843 6332 1895 2844 6333 1829 2835 6334 1733 2845 6335 1896 2846 6336 1895 2844 6337 1733 2845 6338 1897 2847 6339 1896 2846 6340 1733 2845 6341 1734 2841 6342 2051 2848 6343 1733 2845 6344 2052 2849 6345 1897 2847 6346 1733 2845 6347 1733 2845 6348 2051 2848 6349 2053 2850 6350 1733 2845 6351 2053 2850 6352 2052 2849 6353 2080 2851 6354 1728 2823 6355 1825 2840 6356 1735 2852 6357 1885 2853 6358 2045 2854 6359 1734 2841 6360 2045 2854 6361 2076 2842 6362 1736 2855 6363 1885 2853 6364 1735 2852 6365 1885 2853 6366 1736 2855 6367 1903 2856 6368 1737 2857 6369 1816 2858 6370 1886 2859 6371 1886 2859 6372 1736 2855 6373 1737 2857 6374 1738 2860 6375 1904 2861 6376 2027 2862 6377 2027 2862 6378 1737 2857 6379 1738 2860 6380 1739 2863 6381 1904 2861 6382 1738 2860 6383 1739 2863 6384 1906 2864 6385 1904 2861 6386 1740 2865 6387 1906 2864 6388 1739 2863 6389 1740 2865 6390 2055 2866 6391 1906 2864 6392 1741 2867 6393 1819 2868 6394 2055 2866 6395 1741 2867 6396 2055 2866 6397 1740 2865 6398 1635 2869 6399 1636 2870 6400 2136 2871 6401 2136 2871 6402 1659 2872 6403 1635 2869 6404 2098 2873 6405 1636 2873 6406 2136 2873 6407 1659 2872 6408 1549 2874 6409 1635 2869 6410 1741 2867 6411 2098 2875 6412 1636 2876 6413 2136 2877 6414 2085 2878 6415 1819 2868 6416 1741 2867 6417 1636 2876 6418 1635 2879 6419 2137 2880 6420 2136 2877 6421 1819 2868 6422 1741 2867 6423 1635 2879 6424 1549 2881 6425 1659 2882 6426 2137 2880 6427 1819 2868 6428 1819 2868 6429 1549 2881 6430 1548 2883 6431 1819 2868 6432 1548 2883 6433 1659 2882 6434 2103 2884 6435 2135 2885 6436 1658 2886 6437 1630 2887 6438 2098 2888 6439 1640 2889 6440 1658 2886 6441 1630 2887 6442 2103 2884 6443 2085 2878 6444 2136 2877 6445 1658 2890 6446 2085 2878 6447 1658 2890 6448 2135 2891 6449 2098 2875 6450 1741 2867 6451 1742 2892 6452 1742 2892 6453 1631 2893 6454 2103 2894 6455 1742 2892 6456 2103 2894 6457 1630 2895 6458 1742 2892 6459 1630 2895 6460 1640 2896 6461 1742 2892 6462 1640 2896 6463 2098 2875 6464 2134 2897 6465 2085 2878 6466 2135 2891 6467 1633 2898 6468 1742 2892 6469 1743 2899 6470 1743 2899 6471 2099 2900 6472 1633 2898 6473 1742 2892 6474 1632 2901 6475 1631 2893 6476 1633 2902 6477 2134 2903 6478 2135 2885 6479 1632 2904 6480 1633 2902 6481 2135 2885 6482 2135 2885 6483 1631 2905 6484 1632 2904 6485 1634 2906 6486 1661 2907 6487 1662 2908 6488 1615 2909 6489 1652 2910 6490 1634 2906 6491 1652 2910 6492 2134 2903 6493 2099 2911 6494 1652 2910 6495 2099 2911 6496 1634 2906 6497 1634 2906 6498 1662 2908 6499 1615 2909 6500 1662 2912 6501 1661 2913 6502 1821 2914 6503 1652 2915 6504 2085 2878 6505 2134 2897 6506 1615 2916 6507 1662 2912 6508 1821 2914 6509 2085 2878 6510 1615 2916 6511 1821 2914 6512 1743 2899 6513 1634 2917 6514 2099 2900 6515 1842 2918 6516 1728 2823 6517 2080 2851 6518 2117 2919 6519 1743 2899 6520 1744 2920 6521 1744 2920 6522 1628 2921 6523 2117 2919 6524 2116 2922 6525 1634 2917 6526 1743 2899 6527 1743 2899 6528 2102 2923 6529 2116 2922 6530 1628 2924 6531 2117 2925 6532 1661 2926 6533 1661 2907 6534 1634 2906 6535 2116 2927 6536 2117 2925 6537 2102 2928 6538 1661 2926 6539 2116 2929 6540 1661 2926 6541 2102 2928 6542 2142 2930 6543 2100 2931 6544 2026 2932 6545 1657 2933 6546 2142 2930 6547 2026 2932 6548 1657 2933 6549 1821 2914 6550 1661 2913 6551 1744 2920 6552 1629 2934 6553 1628 2921 6554 1628 2935 6555 2100 2936 6556 2142 2937 6557 1628 2935 6558 1657 2938 6559 1661 2939 6560 2142 2937 6561 1657 2938 6562 1628 2935 6563 1641 2940 6564 1745 2941 6565 2113 2942 6566 2119 2943 6567 1745 2941 6568 1641 2940 6569 1745 2941 6570 2110 2944 6571 1744 2920 6572 2026 2932 6573 1663 2945 6574 2082 2946 6575 2082 2946 6576 1663 2945 6577 2140 2947 6578 2139 2948 6579 2138 2949 6580 2082 2946 6581 2140 2947 6582 2139 2948 6583 2082 2946 6584 2109 2950 6585 1629 2934 6586 1744 2920 6587 2109 2950 6588 1744 2920 6589 2110 2944 6590 2114 2951 6591 2106 2952 6592 1745 2941 6593 2115 2953 6594 1746 2954 6595 2096 2955 6596 1746 2954 6597 2114 2951 6598 1745 2941 6599 2082 2946 6600 2138 2949 6601 2141 2956 6602 1612 2957 6603 2101 2958 6604 2083 2959 6605 2141 2956 6606 2083 2959 6607 2082 2946 6608 2106 2952 6609 2113 2942 6610 1745 2941 6611 1840 2960 6612 2083 2959 6613 2132 2961 6614 1639 2962 6615 1646 2963 6616 1747 2964 6617 1638 2965 6618 1639 2962 6619 1747 2964 6620 2112 2966 6621 1638 2965 6622 1747 2964 6623 1840 2960 6624 2132 2961 6625 2122 2967 6626 1840 2960 6627 2122 2967 6628 1651 2968 6629 2112 2966 6630 1840 2960 6631 1644 2969 6632 1651 2968 6633 1644 2969 6634 1840 2960 6635 1660 2970 6636 2132 2961 6637 2083 2959 6638 2101 2958 6639 1660 2970 6640 2083 2959 6641 2107 2971 6642 2096 2955 6643 1746 2954 6644 2108 2972 6645 2107 2971 6646 1746 2954 6647 1637 2973 6648 1747 2964 6649 1646 2963 6650 1637 2973 6651 2108 2972 6652 1746 2954 6653 2084 2974 6654 1840 2960 6655 1747 2964 6656 1747 2964 6657 1748 2975 6658 2084 2974 6659 1748 2975 6660 1749 2976 6661 2087 2977 6662 2087 2977 6663 2084 2974 6664 1748 2975 6665 1749 2976 6666 1750 2978 6667 1828 2979 6668 1828 2979 6669 2087 2977 6670 1749 2976 6671 1836 2980 6672 1728 2823 6673 1842 2918 6674 2065 2981 6675 1828 2979 6676 1750 2978 6677 1751 2982 6678 2065 2981 6679 1750 2978 6680 2063 2983 6681 1812 2984 6682 1751 2982 6683 1752 2985 6684 2063 2983 6685 1751 2982 6686 1752 2985 6687 1753 2986 6688 1900 2987 6689 1752 2985 6690 1900 2987 6691 2020 2988 6692 1901 2989 6693 1900 2987 6694 1753 2986 6695 1754 2990 6696 1901 2989 6697 1753 2986 6698 1728 2823 6699 1836 2980 6700 1919 2991 6701 1919 2991 6702 1795 2992 6703 1728 2823 6704 2060 2993 6705 2086 2994 6706 1754 2990 6707 1755 2995 6708 1817 2996 6709 2050 2997 6710 1755 2995 6711 2050 2997 6712 2058 2998 6713 1755 2995 6714 2058 2998 6715 2057 2999 6716 2062 3000 6717 1754 2990 6718 1755 2995 6719 1755 2995 6720 2057 2999 6721 1902 3001 6722 2054 3002 6723 2062 3000 6724 1755 2995 6725 1902 3001 6726 2054 3002 6727 1755 2995 6728 1728 2823 6729 1795 2992 6730 1907 3003 6731 1907 3003 6732 2089 3004 6733 1728 2823 6734 2064 3005 6735 1756 3006 6736 2088 3007 6737 1905 3008 6738 1817 2996 6739 1755 2995 6740 2059 3009 6741 1756 3006 6742 2064 3005 6743 1756 3006 6744 1905 3008 6745 1755 2995 6746 2088 3007 6747 1756 3006 6748 1757 3010 6749 1728 2823 6750 2089 3004 6751 1909 3011 6752 1921 3012 6753 1728 2823 6754 1909 3011 6755 2056 3013 6756 2088 3007 6757 1757 3010 6758 1908 3014 6759 2056 3013 6760 1757 3010 6761 1921 3012 6762 1908 3014 6763 1757 3010 6764 1758 3015 6765 1728 2823 6766 1757 3010 6767 1759 3016 6768 1728 2823 6769 1758 3015 6770 1760 3017 6771 1728 2823 6772 1759 3016 6773 1761 3018 6774 1728 2823 6775 1760 3017 6776 1762 3019 6777 1728 2823 6778 1761 3018 6779 1763 3020 6780 1728 2823 6781 1762 3019 6782 1763 3020 6783 1824 3021 6784 1925 3022 6785 1911 3023 6786 1910 3024 6787 1728 2823 6788 1763 3020 6789 1925 3022 6790 1969 3025 6791 1966 3026 6792 1911 3023 6793 1728 2823 6794 1763 3020 6795 1969 3025 6796 1990 3027 6797 1967 3028 6798 1966 3026 6799 1728 2823 6800 1763 3020 6801 1990 3027 6802 1988 3029 6803 1967 3028 6804 1728 2823 6805 1763 3020 6806 1763 3020 6807 1988 3029 6808 1968 3030 6809 1968 3030 6810 1967 3028 6811 1763 3020 6812 1972 3031 6813 1764 3032 6814 1765 3033 6815 1765 3033 6816 1805 3034 6817 1971 3035 6818 1765 3033 6819 1971 3035 6820 1970 3036 6821 1970 3036 6822 1972 3031 6823 1765 3033 6824 1981 3037 6825 1728 2823 6826 1910 3024 6827 1849 3038 6828 1765 3033 6829 1766 3039 6830 1765 3033 6831 1974 3040 6832 1973 3041 6833 1973 3041 6834 1805 3034 6835 1765 3033 6836 1847 3042 6837 1728 2823 6838 1981 3037 6839 1767 3043 6840 1844 3044 6841 1915 3045 6842 1915 3045 6843 1766 3039 6844 1767 3043 6845 1847 3042 6846 1810 3046 6847 1728 2823 6848 1768 3047 6849 1916 3048 6850 1767 3043 6851 1916 3048 6852 1844 3044 6853 1767 3043 6854 1830 3049 6855 1728 2823 6856 1810 3046 6857 1983 3050 6858 1768 3047 6859 1769 3051 6860 1768 3047 6861 1983 3050 6862 1917 3052 6863 1917 3052 6864 1845 3053 6865 1768 3047 6866 1832 3054 6867 1728 2823 6868 1830 3049 6869 1770 3055 6870 1948 3056 6871 1769 3051 6872 1948 3056 6873 1983 3050 6874 1769 3051 6875 1832 3054 6876 1846 3057 6877 1728 2823 6878 1918 3058 6879 1771 3059 6880 1835 3060 6881 1918 3058 6882 1834 3061 6883 1770 3055 6884 2014 3062 6885 1728 2823 6886 1846 3057 6887 1993 3063 6888 1772 3064 6889 1848 3065 6890 1771 3059 6891 1993 3063 6892 1835 3060 6893 1989 3066 6894 1848 3065 6895 1772 3064 6896 1773 3067 6897 1989 3066 6898 1772 3064 6899 2004 3068 6900 1728 2823 6901 2014 3062 6902 1920 3069 6903 1773 3067 6904 1774 3070 6905 1774 3070 6906 1959 3071 6907 1920 3069 6908 1775 3072 6909 1991 3073 6910 1774 3070 6911 1991 3073 6912 1959 3071 6913 1774 3070 6914 1838 3074 6915 1728 2823 6916 2004 3068 6917 1776 3075 6918 1841 3076 6919 1992 3077 6920 1992 3077 6921 1775 3072 6922 1776 3075 6923 1922 3078 6924 1776 3075 6925 1777 3079 6926 1922 3078 6927 1777 3079 6928 1923 3080 6929 1987 3081 6930 1777 3079 6931 1778 3082 6932 1778 3082 6933 2007 3083 6934 1987 3081 6935 1837 3084 6936 1728 2823 6937 1838 3074 6938 1924 3085 6939 1779 3086 6940 2009 3087 6941 1924 3085 6942 1778 3082 6943 1779 3086 6944 1823 3088 6945 1728 2823 6946 1837 3084 6947 1926 3089 6948 1780 3090 6949 2010 3091 6950 1779 3086 6951 1780 3090 6952 2009 3087 6953 2009 3087 6954 1780 3090 6955 1926 3089 6956 1839 3092 6957 1728 2823 6958 1823 3088 6959 1927 3093 6960 1781 3094 6961 2011 3095 6962 1927 3093 6963 1780 3090 6964 1781 3094 6965 1850 3096 6966 1728 2823 6967 1839 3092 6968 1929 3097 6969 2011 3095 6970 1781 3094 6971 1930 3098 6972 1929 3097 6973 1781 3094 6974 1930 3098 6975 1782 3099 6976 1827 3100 6977 1728 2823 6978 1850 3096 6979 1928 3101 6980 1931 3102 6981 1783 3103 6982 2013 3104 6983 1978 3105 6984 1827 3100 6985 1782 3099 6986 1783 3103 6987 1978 3105 6988 1782 3099 6989 2012 3106 6990 1728 2823 6991 1928 3101 6992 1940 3107 6993 1784 3108 6994 1994 3109 6995 1932 3110 6996 2013 3104 6997 1783 3103 6998 1933 3111 6999 1932 3110 7000 1783 3103 7001 1933 3111 7002 1784 3108 7003 1940 3107 7004 1728 2823 7005 2012 3106 7006 1980 3112 7007 1994 3109 7008 1784 3108 7009 1785 3113 7010 1728 2823 7011 1980 3112 7012 1950 3114 7013 1728 2823 7014 1950 3114 7015 1936 3115 7016 1934 3116 7017 1994 3109 7018 1785 3113 7019 1728 2823 7020 1936 3115 7021 1935 3117 7022 1947 3118 7023 1934 3116 7024 1785 3113 7025 1785 3113 7026 1728 2823 7027 1935 3117 7028 1985 3119 7029 1947 3118 7030 1785 3113 7031 1785 3113 7032 1935 3117 7033 1986 3120 7034 1785 3113 7035 1986 3120 7036 1985 3119 7037 1786 3121 7038 1728 2823 7039 1785 3113 7040 1787 3122 7041 1728 2823 7042 1786 3121 7043 1788 3123 7044 1728 2823 7045 1787 3122 7046 1729 2824 7047 1728 2823 7048 1788 3123 7049 1668 3124 7050 1730 3125 7051 1729 3126 7052 1669 3127 7053 1731 3128 7054 1730 3125 7055 1731 3128 7056 1671 3129 7057 1732 3130 7058 1732 3130 7059 1672 3131 7060 1733 3132 7061 1733 3132 7062 1673 3133 7063 1734 3134 7064 1734 3134 7065 1674 3135 7066 1735 3136 7067 1735 3136 7068 1675 3137 7069 1736 3138 7070 1736 3138 7071 1676 3139 7072 1737 3140 7073 1737 3140 7074 1677 3141 7075 1738 3142 7076 1677 3141 7077 1739 3143 7078 1738 3142 7079 1678 3144 7080 1740 3145 7081 1739 3143 7082 1740 3145 7083 1680 3146 7084 1741 3147 7085 1741 3147 7086 1681 3148 7087 1742 3149 7088 1742 3149 7089 1682 3150 7090 1743 3151 7091 1743 3151 7092 1683 3152 7093 1744 3153 7094 1683 3152 7095 1745 3154 7096 1744 3153 7097 1685 3155 7098 1747 3156 7099 1746 3157 7100 1684 3158 7101 1746 3157 7102 1745 3154 7103 1687 3159 7104 1749 3160 7105 1748 3161 7106 1686 3162 7107 1748 3161 7108 1747 3156 7109 1689 3163 7110 1751 3164 7111 1750 3165 7112 1749 3160 7113 1689 3163 7114 1750 3165 7115 1691 3166 7116 1753 3167 7117 1752 3168 7118 1690 3169 7119 1752 3168 7120 1751 3164 7121 1693 3170 7122 1755 3171 7123 1754 3172 7124 1692 3173 7125 1754 3172 7126 1753 3167 7127 1756 3174 7128 1696 3175 7129 1757 3176 7130 1755 3171 7131 1695 3177 7132 1756 3174 7133 1758 3178 7134 1698 3179 7135 1759 3180 7136 1757 3176 7137 1697 3181 7138 1758 3178 7139 1699 3182 7140 1761 3183 7141 1760 3184 7142 1698 3179 7143 1760 3184 7144 1759 3180 7145 1702 3185 7146 1764 3186 7147 1763 3187 7148 1764 3186 7149 1704 3188 7150 1765 3189 7151 1700 3190 7152 1762 3191 7153 1761 3183 7154 1701 3192 7155 1763 3187 7156 1762 3191 7157 1767 3193 7158 1707 3194 7159 1768 3195 7160 1768 3195 7161 1708 3196 7162 1769 3197 7163 1765 3189 7164 1705 3198 7165 1766 3199 7166 1766 3199 7167 1706 3200 7168 1767 3193 7169 1769 3197 7170 1709 3201 7171 1770 3202 7172 1770 3202 7173 1710 3203 7174 1771 3204 7175 1771 3204 7176 1711 3205 7177 1772 3206 7178 1772 3206 7179 1712 3207 7180 1773 3208 7181 1712 3207 7182 1774 3209 7183 1773 3208 7184 1713 3210 7185 1775 3211 7186 1774 3209 7187 1714 3212 7188 1776 3213 7189 1775 3211 7190 1715 3214 7191 1777 3215 7192 1776 3213 7193 1716 3216 7194 1778 3217 7195 1777 3215 7196 1717 3218 7197 1779 3219 7198 1778 3217 7199 1718 3220 7200 1780 3221 7201 1779 3219 7202 1719 3222 7203 1781 3223 7204 1780 3221 7205 1720 3224 7206 1782 3225 7207 1781 3223 7208 1721 3226 7209 1783 3227 7210 1782 3225 7211 1722 3228 7212 1784 3229 7213 1783 3227 7214 1723 3230 7215 1785 3231 7216 1784 3229 7217 1724 3232 7218 1786 3233 7219 1785 3231 7220 1725 3234 7221 1787 3235 7222 1786 3233 7223 1787 3235 7224 1727 3236 7225 1788 3237 7226 1727 3236 7227 1729 3126 7228 1788 3237 7229 1953 3238 7230 1932 3239 7231 1933 3240 7232 1940 3241 7233 1953 3238 7234 1933 3240 7235 1940 3241 7236 1815 3242 7237 1954 3243 7238 1940 3241 7239 1994 3244 7240 1815 3242 7241 1887 3245 7242 1994 3244 7243 1934 3246 7244 1947 3247 7245 1887 3245 7246 1934 3246 7247 1888 3248 7248 1947 3247 7249 1985 3249 7250 1985 3249 7251 1963 3250 7252 1888 3248 7253 1986 3251 7254 1889 3252 7255 1963 3250 7256 1889 3252 7257 1936 3253 7258 1964 3254 7259 1936 3253 7260 1892 3255 7261 1964 3254 7262 1950 3256 7263 1956 3257 7264 1892 3255 7265 1950 3256 7266 1980 3258 7267 1956 3257 7268 1956 3257 7269 2012 3259 7270 1843 3260 7271 1818 3261 7272 1928 3262 7273 1946 3263 7274 1928 3262 7275 1818 3261 7276 1843 3260 7277 1843 3260 7278 2012 3259 7279 1928 3262 7280 1823 3264 7281 1813 3265 7282 1833 3266 7283 1928 3262 7284 1789 3267 7285 1946 3263 7286 1833 3266 7287 1839 3268 7288 1823 3264 7289 1850 3269 7290 1789 3267 7291 1928 3262 7292 2003 3270 7293 1839 3268 7294 1833 3266 7295 1997 3271 7296 2004 3272 7297 2006 3273 7298 1838 3274 7299 2004 3272 7300 1997 3271 7301 1997 3271 7302 1813 3265 7303 1837 3275 7304 1997 3271 7305 1837 3275 7306 1838 3274 7307 1822 3276 7308 1832 3277 7309 1995 3278 7310 1832 3277 7311 1822 3276 7312 2006 3273 7313 1846 3279 7314 1832 3277 7315 2006 3273 7316 2006 3273 7317 2004 3272 7318 2014 3280 7319 1846 3279 7320 2006 3273 7321 2014 3280 7322 1847 3281 7323 1981 3282 7324 1793 3283 7325 1793 3283 7326 1981 3282 7327 1878 3284 7328 1796 3285 7329 1832 3277 7330 1830 3286 7331 1832 3277 7332 1797 3287 7333 1995 3278 7334 1796 3285 7335 1847 3281 7336 1793 3283 7337 1796 3285 7338 1830 3286 7339 1810 3288 7340 1832 3277 7341 1796 3285 7342 1797 3287 7343 1862 3289 7344 1911 3290 7345 1868 3291 7346 1862 3289 7347 1981 3282 7348 1910 3292 7349 1966 3293 7350 1899 3294 7351 1875 3295 7352 1911 3290 7353 1875 3295 7354 1868 3291 7355 1968 3296 7356 1938 3297 7357 1937 3298 7358 1899 3294 7359 1968 3296 7360 1937 3298 7361 1861 3299 7362 1990 3300 7363 1969 3301 7364 1939 3302 7365 1988 3303 7366 1990 3300 7367 1925 3304 7368 1814 3305 7369 1941 3306 7370 1814 3305 7371 1972 3307 7372 1943 3308 7373 1925 3304 7374 1861 3299 7375 1969 3301 7376 1945 3309 7377 1970 3310 7378 1971 3311 7379 1944 3312 7380 1972 3307 7381 1970 3310 7382 1949 3313 7383 1973 3314 7384 1974 3315 7385 1971 3311 7386 2002 3316 7387 1945 3309 7388 1857 3317 7389 1805 3318 7390 1973 3314 7391 1805 3318 7392 2002 3316 7393 1971 3311 7394 2000 3319 7395 1915 3320 7396 1844 3321 7397 1844 3321 7398 1916 3322 7399 2000 3319 7400 1955 3323 7401 2000 3319 7402 1916 3322 7403 1974 3315 7404 1952 3324 7405 1949 3313 7406 1849 3325 7407 1952 3324 7408 1974 3315 7409 1884 3326 7410 1849 3325 7411 1915 3320 7412 1983 3327 7413 1962 3328 7414 1958 3329 7415 1801 3330 7416 1948 3331 7417 1834 3332 7418 1801 3330 7419 1918 3333 7420 1890 3334 7421 1917 3335 7422 1798 3336 7423 1845 3337 7424 1955 3323 7425 1845 3337 7426 1798 3336 7427 1958 3329 7428 1917 3335 7429 1983 3327 7430 1890 3334 7431 1835 3338 7432 1893 3339 7433 1993 3340 7434 1893 3339 7435 1835 3338 7436 1848 3341 7437 1877 3342 7438 1996 3343 7439 1996 3343 7440 1993 3340 7441 1848 3341 7442 2008 3344 7443 1877 3342 7444 1989 3345 7445 1957 3346 7446 2008 3344 7447 1920 3347 7448 1820 3348 7449 1920 3347 7450 1959 3349 7451 1991 3350 7452 1820 3348 7453 1959 3349 7454 2005 3351 7455 1871 3352 7456 1991 3350 7457 1873 3353 7458 2005 3351 7459 1992 3354 7460 1841 3355 7461 1873 3353 7462 1992 3354 7463 1831 3356 7464 1922 3357 7465 1975 3358 7466 1976 3359 7467 1922 3357 7468 1923 3360 7469 1977 3361 7470 1923 3360 7471 1987 3362 7472 2001 3363 7473 1977 3361 7474 1987 3362 7475 1979 3364 7476 2007 3365 7477 1924 3366 7478 2007 3365 7479 2001 3363 7480 1987 3362 7481 2009 3367 7482 1979 3364 7483 1924 3366 7484 1926 3368 7485 1942 3369 7486 2009 3367 7487 1790 3370 7488 1879 3371 7489 1926 3368 7490 1984 3372 7491 2010 3373 7492 1927 3374 7493 2010 3373 7494 1790 3370 7495 1926 3368 7496 1927 3374 7497 1999 3375 7498 1984 3372 7499 1999 3375 7500 2011 3376 7501 1929 3377 7502 2011 3376 7503 1999 3375 7504 1927 3374 7505 1881 3378 7506 1929 3377 7507 1930 3379 7508 1827 3380 7509 1881 3378 7510 1930 3379 7511 1827 3380 7512 1978 3381 7513 1794 3382 7514 1978 3381 7515 1951 3383 7516 1794 3382 7517 1931 3384 7518 1951 3383 7519 1978 3381 7520 2013 3385 7521 1799 3386 7522 1883 3387 7523 1932 3239 7524 1982 3388 7525 1799 3386 7526 1883 3387 7527 1931 3384 7528 2013 3385 7529 1902 3389 7530 1866 3390 7531 2054 3391 7532 2057 3392 7533 1891 3393 7534 1902 3389 7535 2058 3394 7536 2029 3395 7537 2057 3392 7538 2030 3396 7539 2058 3394 7540 2050 3397 7541 2050 3397 7542 1803 3398 7543 2030 3396 7544 1803 3398 7545 1905 3399 7546 2036 3400 7547 2037 3401 7548 1905 3399 7549 2059 3402 7550 2064 3403 7551 2037 3401 7552 2059 3402 7553 1807 3404 7554 2064 3403 7555 2088 3405 7556 1807 3404 7557 2056 3406 7558 1856 3407 7559 2056 3406 7560 2040 3408 7561 1856 3407 7562 1908 3409 7563 1874 3410 7564 2040 3408 7565 1874 3410 7566 1909 3411 7567 2041 3412 7568 2041 3412 7569 2089 3413 7570 2079 3414 7571 2089 3413 7572 2038 3415 7573 2079 3414 7574 1809 3416 7575 1919 3417 7576 1876 3418 7577 1795 3419 7578 2038 3415 7579 1907 3420 7580 1919 3417 7581 2067 3421 7582 1876 3418 7583 1919 3417 7584 2032 3422 7585 2067 3421 7586 2032 3422 7587 1836 3423 7588 1842 3424 7589 1919 3417 7590 1836 3423 7591 2032 3422 7592 2070 3425 7593 1872 3426 7594 1851 3427 7595 2032 3422 7596 1842 3424 7597 2080 3428 7598 1872 3426 7599 2070 3425 7600 2077 3429 7601 2080 3428 7602 2077 3429 7603 2032 3422 7604 2077 3429 7605 2080 3428 7606 1825 3430 7607 2077 3429 7608 1825 3430 7609 1872 3426 7610 2015 3431 7611 2075 3432 7612 2042 3433 7613 2075 3432 7614 2017 3434 7615 1913 3435 7616 2073 3436 7617 1872 3426 7618 2072 3437 7619 2072 3437 7620 2017 3434 7621 2073 3436 7622 1880 3438 7623 1912 3439 7624 1854 3440 7625 2042 3433 7626 1880 3438 7627 2015 3431 7628 2016 3441 7629 1826 3442 7630 1791 3443 7631 1854 3440 7632 2046 3444 7633 2016 3441 7634 1882 3445 7635 2048 3446 7636 1914 3447 7637 1826 3442 7638 2019 3448 7639 1791 3443 7640 1894 3449 7641 2069 3450 7642 1852 3451 7643 2021 3452 7644 1829 3453 7645 1895 3454 7646 1894 3449 7647 1882 3445 7648 1914 3447 7649 1864 3455 7650 1896 3456 7651 1897 3457 7652 1896 3456 7653 2021 3452 7654 1895 3454 7655 2023 3458 7656 2052 3459 7657 2053 3460 7658 1865 3461 7659 1897 3457 7660 2052 3459 7661 2024 3462 7662 2051 3463 7663 1898 3464 7664 2051 3463 7665 2023 3458 7666 2053 3460 7667 2028 3465 7668 2045 3466 7669 1885 3467 7670 1903 3468 7671 2028 3465 7672 1885 3467 7673 1800 3469 7674 2024 3462 7675 2076 3470 7676 2024 3462 7677 1898 3464 7678 2076 3470 7679 2045 3466 7680 1800 3469 7681 2076 3470 7682 1904 3471 7683 2033 3472 7684 2027 3473 7685 1906 3474 7686 1869 3475 7687 1904 3471 7688 1858 3476 7689 1869 3475 7690 1906 3474 7691 2031 3477 7692 1903 3468 7693 1886 3478 7694 2031 3477 7695 1802 3479 7696 1903 3468 7697 1816 3480 7698 2031 3477 7699 1886 3478 7700 1816 3480 7701 1804 3481 7702 2031 3477 7703 1804 3481 7704 2027 3473 7705 2033 3472 7706 2055 3482 7707 1858 3476 7708 1906 3474 7709 1808 3483 7710 1858 3476 7711 2055 3482 7712 1819 3484 7713 1808 3483 7714 2055 3482 7715 2085 3485 7716 2039 3486 7717 1819 3484 7718 1821 3487 7719 1811 3488 7720 2085 3485 7721 2047 3489 7722 1821 3487 7723 2026 3490 7724 2047 3489 7725 2043 3491 7726 1821 3487 7727 2047 3489 7728 2082 3492 7729 2049 3493 7730 2068 3494 7731 2082 3492 7732 2083 3495 7733 1840 3496 7734 2068 3494 7735 2083 3495 7736 1792 3497 7737 1840 3496 7738 2084 3498 7739 2084 3498 7740 2078 3499 7741 1792 3497 7742 2087 3500 7743 2071 3501 7744 2078 3499 7745 1828 3502 7746 1855 3503 7747 2071 3501 7748 2081 3504 7749 2065 3505 7750 1812 3506 7751 2081 3504 7752 2063 3507 7753 1859 3508 7754 1870 3509 7755 2063 3507 7756 2020 3510 7757 1863 3511 7758 2020 3510 7759 1900 3512 7760 1863 3511 7761 1901 3513 7762 2061 3514 7763 2074 3515 7764 1901 3513 7765 2086 3516 7766 2086 3516 7767 2060 3517 7768 2074 3515 7769 2060 3517 7770 2034 3518 7771 2074 3515 7772 2062 3519 7773 2034 3518 7774 2060 3517 7775 1866 3390 7776 2062 3519 7777 2054 3391 7778 92 0 7779 148 6 7780 1 1 7781 2 2 7782 3 10 7783 98 8 7784 3 10 7785 4 12 7786 102 11 7787 112 19 7788 149 18 7789 5 15 7790 146 3 7791 136 22 7792 6 20 7793 96 24 7794 151 3 7795 7 3 7796 107 31 7797 135 3 7798 9 3 7799 111 36 7800 156 35 7801 10 32 7802 161 43 7803 12 41 7804 13 44 7805 13 44 7806 14 47 7807 165 46 7808 14 47 7809 15 51 7810 147 49 7811 15 51 7812 16 3 7813 150 53 7814 17 55 7815 87 50 7816 159 56 7817 18 47 7818 129 3 7819 162 58 7820 19 44 7821 99 3 7822 169 60 7823 19 44 7824 20 41 7825 167 62 7826 22 69 7827 114 71 7828 173 68 7829 114 71 7830 22 69 7831 23 3 7832 168 29 7833 23 3 7834 24 25 7835 97 74 7836 24 25 7837 25 3 7838 170 3 7839 25 3 7840 26 75 7841 27 78 7842 176 80 7843 174 77 7844 29 10 7845 119 8 7846 130 82 7847 30 83 7848 131 85 7849 119 8 7850 31 84 7851 185 86 7852 131 85 7853 60 97 7854 61 3520 7855 1250 98 7856 59 100 7857 1272 104 7858 61 101 7859 58 103 7860 86 3521 7861 1272 104 7862 57 105 7863 85 109 7864 86 106 7865 56 108 7866 1271 111 7867 85 109 7868 55 110 7869 1270 113 7870 1271 111 7871 54 112 7872 84 115 7873 1270 113 7874 53 114 7875 1269 117 7876 84 115 7877 52 116 7878 1276 119 7879 1269 117 7880 51 118 7881 83 121 7882 1276 119 7883 50 120 7884 82 3522 7885 83 121 7886 49 122 7887 1275 126 7888 82 123 7889 48 125 7890 1274 128 7891 1275 126 7892 47 127 7893 81 130 7894 1274 128 7895 46 129 7896 80 132 7897 81 130 7898 45 131 7899 1273 134 7900 80 132 7901 44 133 7902 1264 136 7903 1273 134 7904 43 135 7905 1263 3523 7906 1264 136 7907 42 137 7908 1261 141 7909 1263 138 7910 41 140 7911 79 148 7912 1261 141 7913 38 142 7914 1262 146 7915 1235 143 7916 37 145 7917 1268 156 7918 1262 146 7919 40 147 7920 1260 149 7921 79 148 7922 39 144 7923 1235 143 7924 1260 149 7925 34 150 7926 77 154 7927 1267 151 7928 33 153 7929 76 3524 7930 77 154 7931 36 155 7932 78 158 7933 1268 156 7934 35 157 7935 1267 3525 7936 78 158 7937 31 159 7938 1265 168 7939 75 160 7940 32 161 7941 75 160 7942 76 162 7943 29 164 7944 74 173 7945 1266 165 7946 30 167 7947 1266 3526 7948 1265 168 7949 27 169 7950 72 178 7951 73 170 7952 28 172 7953 73 3527 7954 74 173 7955 25 174 7956 1252 183 7957 1258 175 7958 26 177 7959 1258 3528 7960 72 178 7961 23 179 7962 71 188 7963 1255 180 7964 24 182 7965 1255 3529 7966 1252 183 7967 21 184 7968 1256 193 7969 1259 185 7970 22 187 7971 1259 3530 7972 71 188 7973 19 189 7974 1254 198 7975 1257 190 7976 20 192 7977 1257 3531 7978 1256 193 7979 17 194 7980 70 200 7981 1246 195 7982 18 197 7983 1246 3532 7984 1254 198 7985 16 199 7986 69 202 7987 70 200 7988 15 201 7989 1251 3533 7990 69 202 7991 14 203 7992 68 207 7993 1251 204 7994 13 206 7995 1248 3534 7996 68 207 7997 12 208 7998 1247 212 7999 1248 209 8000 11 211 8001 1244 3535 8002 1247 212 8003 10 213 8004 1245 217 8005 1244 214 8006 9 216 8007 67 3536 8008 1245 217 8009 8 218 8010 66 222 8011 67 219 8012 7 221 8013 1253 3537 8014 66 222 8015 6 223 8016 65 227 8017 1253 224 8018 5 226 8019 64 3538 8020 65 227 8021 4 228 8022 63 232 8023 64 229 8024 3 231 8025 62 3539 8026 63 232 8027 2 233 8028 1249 236 8029 62 234 8030 1 99 8031 1250 98 8032 1249 236 8033 1065 237 8034 1089 3540 8035 1054 238 8036 191 240 8037 189 625 8038 188 241 8039 610 243 8040 614 250 8041 1188 244 8042 1043 246 8043 1066 3541 8044 1065 237 8045 193 247 8046 191 240 8047 190 242 8048 1189 249 8049 1188 244 8050 614 250 8051 1147 252 8052 1066 3541 8053 1043 246 8054 195 254 8055 193 247 8056 192 248 8057 1190 255 8058 1189 249 8059 618 251 8060 974 257 8061 1146 3542 8062 1147 252 8063 197 258 8064 195 254 8065 194 254 8066 622 256 8067 626 265 8068 1191 260 8069 1144 261 8070 1146 3542 8071 974 257 8072 199 263 8073 197 258 8074 196 259 8075 1192 264 8076 1191 260 8077 626 265 8078 1143 267 8079 1144 261 8080 1048 262 8081 201 269 8082 199 263 8083 198 263 8084 1193 271 8085 1192 264 8086 629 266 8087 1051 273 8088 1142 3543 8089 1143 267 8090 203 274 8091 201 269 8092 200 270 8093 1194 276 8094 1193 271 8095 635 272 8096 1141 278 8097 1142 3543 8098 1051 273 8099 205 280 8100 203 274 8101 202 275 8102 1249 282 8103 637 3544 8104 892 283 8105 1140 288 8106 1141 278 8107 1052 279 8108 207 290 8109 205 280 8110 204 281 8111 63 292 8112 892 3545 8113 644 293 8114 1138 297 8115 1140 288 8116 992 289 8117 209 299 8118 207 290 8119 206 291 8120 65 3 8121 644 3546 8122 823 3 8123 1137 303 8124 1138 297 8125 1000 298 8126 211 305 8127 209 299 8128 208 300 8129 66 307 8130 823 3547 8131 822 308 8132 1003 309 8133 1080 3548 8134 1137 303 8135 213 310 8136 211 305 8137 210 306 8138 1245 3 8139 822 3 8140 821 312 8141 1083 313 8142 1080 3548 8143 1003 309 8144 215 315 8145 213 310 8146 212 311 8147 1247 317 8148 821 3549 8149 649 318 8150 1082 321 8151 1083 313 8152 1002 314 8153 217 323 8154 215 315 8155 214 316 8156 651 325 8157 1197 3 8158 68 326 8159 1005 330 8160 1102 3550 8161 1082 321 8162 219 331 8163 217 323 8164 216 324 8165 1251 333 8166 1197 3 8167 651 325 8168 1088 336 8169 1102 3550 8170 1005 330 8171 221 338 8172 219 331 8173 218 332 8174 652 340 8175 1201 348 8176 70 341 8177 1006 344 8178 1134 3551 8179 1088 336 8180 223 345 8181 221 338 8182 220 339 8183 1254 350 8184 652 3552 8185 653 351 8186 1132 353 8187 1134 3551 8188 1006 344 8189 225 355 8190 223 345 8191 222 346 8192 1257 357 8193 1205 352 8194 653 351 8195 1010 362 8196 1131 3553 8197 1132 353 8198 227 363 8199 225 355 8200 224 356 8201 1259 3 8202 1212 360 8203 659 359 8204 1129 368 8205 1131 3553 8206 1010 362 8207 229 370 8208 227 363 8209 226 364 8210 1255 372 8211 1216 367 8212 655 366 8213 1092 378 8214 1129 368 8215 1013 369 8216 231 380 8217 229 370 8218 228 371 8219 1258 3 8220 1196 375 8221 660 374 8222 986 385 8223 1090 3554 8224 1092 378 8225 233 386 8226 231 380 8227 230 381 8228 73 388 8229 1199 383 8230 673 382 8231 1097 394 8232 1090 3554 8233 986 385 8234 235 396 8235 233 386 8236 232 387 8237 668 403 8238 1265 402 8239 1266 401 8240 1094 405 8241 1097 394 8242 1049 395 8243 237 407 8244 235 396 8245 234 397 8246 1203 400 8247 668 399 8248 691 409 8249 1101 411 8250 1094 405 8251 1015 406 8252 239 413 8253 237 407 8254 236 408 8255 1229 410 8256 691 409 8257 681 266 8258 1014 416 8259 1103 3555 8260 1101 411 8261 241 417 8262 239 413 8263 238 414 8264 1207 415 8265 681 266 8266 705 419 8267 1099 421 8268 1103 3555 8269 1014 416 8270 243 423 8271 241 417 8272 240 418 8273 1208 420 8274 705 419 8275 708 425 8276 1017 427 8277 1108 3556 8278 1099 421 8279 245 428 8280 243 423 8281 242 424 8282 1234 426 8283 708 425 8284 857 429 8285 1105 431 8286 1108 3556 8287 1017 427 8288 247 433 8289 245 428 8290 244 428 8291 1210 430 8292 857 429 8293 721 434 8294 1021 436 8295 1115 3557 8296 1105 431 8297 249 437 8298 247 433 8299 246 433 8300 1211 435 8301 721 434 8302 861 439 8303 1116 441 8304 1115 3557 8305 1021 436 8306 251 443 8307 249 437 8308 248 438 8309 1238 440 8310 861 439 8311 716 445 8312 1025 447 8313 1109 3558 8314 1116 441 8315 253 448 8316 251 443 8317 250 444 8318 716 445 8319 865 455 8320 1215 450 8321 1119 451 8322 1109 3558 8323 1025 447 8324 255 453 8325 253 448 8326 252 449 8327 729 454 8328 1226 460 8329 1215 450 8330 1022 456 8331 1118 3559 8332 1119 451 8333 257 457 8334 255 453 8335 254 453 8336 729 454 8337 743 465 8338 1218 459 8339 1117 461 8340 1118 3559 8341 1022 456 8342 259 463 8343 257 457 8344 256 458 8345 1195 464 8346 1218 459 8347 743 465 8348 1122 467 8349 1117 461 8350 1029 462 8351 261 469 8352 259 463 8353 258 463 8354 1221 471 8355 1195 464 8356 741 466 8357 1059 473 8358 1121 3560 8359 1122 467 8360 263 474 8361 261 469 8362 260 470 8363 1220 476 8364 1221 471 8365 735 472 8366 1120 478 8367 1121 3560 8368 1059 473 8369 265 480 8370 263 474 8371 262 475 8372 754 477 8373 750 487 8374 1222 482 8375 1124 483 8376 1120 478 8377 1028 479 8378 267 485 8379 265 480 8380 264 481 8381 750 487 8382 746 493 8383 1224 488 8384 1123 489 8385 1124 483 8386 1058 484 8387 269 491 8388 267 485 8389 266 486 8390 746 493 8391 767 499 8392 1200 494 8393 1127 495 8394 1123 489 8395 1060 490 8396 271 497 8397 269 491 8398 268 492 8399 767 499 8400 761 508 8401 1225 500 8402 1126 501 8403 1127 495 8404 1061 496 8405 273 503 8406 271 497 8407 270 498 8408 761 505 8409 772 517 8410 1232 506 8411 1055 511 8412 1125 521 8413 1126 501 8414 275 512 8415 273 503 8416 272 504 8417 1262 514 8418 772 517 8419 941 515 8420 976 520 8421 1069 529 8422 1125 521 8423 277 522 8424 275 512 8425 274 513 8426 1260 527 8427 1235 516 8428 941 515 8429 978 528 8430 1070 3561 8431 1069 529 8432 279 530 8433 277 522 8434 276 523 8435 1264 536 8436 1263 535 8437 773 524 8438 1071 537 8439 1070 3561 8440 978 528 8441 281 539 8442 279 530 8443 278 531 8444 771 545 8445 1275 3562 8446 1274 546 8447 1067 547 8448 1071 537 8449 967 538 8450 283 549 8451 281 539 8452 280 540 8453 1276 553 8454 771 542 8455 937 554 8456 988 556 8457 1068 567 8458 1067 547 8459 285 557 8460 283 549 8461 282 550 8462 84 559 8463 1269 555 8464 937 554 8465 993 566 8466 1075 3563 8467 1068 567 8468 287 568 8469 285 557 8470 284 558 8471 778 570 8472 86 572 8473 1239 562 8474 1076 573 8475 1075 3563 8476 993 566 8477 289 575 8478 287 568 8479 286 569 8480 1236 3 8481 778 3 8482 774 577 8483 1077 579 8484 1076 573 8485 997 574 8486 291 581 8487 289 575 8488 288 576 8489 1237 578 8490 774 577 8491 775 583 8492 1046 585 8493 1072 3564 8494 1077 579 8495 293 586 8496 291 581 8497 290 582 8498 1242 584 8499 775 583 8500 776 588 8501 1073 590 8502 1072 3564 8503 1046 585 8504 295 592 8505 293 586 8506 292 587 8507 1223 589 8508 776 588 8509 801 594 8510 1074 596 8511 1073 590 8512 1044 591 8513 297 598 8514 295 592 8515 294 593 8516 1233 595 8517 801 594 8518 812 600 8519 1085 601 8520 1074 596 8521 1053 597 8522 299 603 8523 297 598 8524 296 599 8525 1227 471 8526 812 600 8527 806 466 8528 1063 605 8529 1087 611 8530 1085 601 8531 301 606 8532 299 603 8533 298 604 8534 1204 464 8535 806 466 8536 782 608 8537 1039 610 8538 1079 617 8539 1087 611 8540 303 612 8541 301 606 8542 300 607 8543 1241 609 8544 782 608 8545 793 614 8546 1041 616 8547 1078 3565 8548 1079 617 8549 305 618 8550 303 612 8551 302 613 8552 793 614 8553 814 624 8554 1231 619 8555 1081 620 8556 1078 3565 8557 1041 616 8558 307 622 8559 305 618 8560 304 618 8561 813 623 8562 1243 446 8563 1231 619 8564 1054 238 8565 1089 3540 8566 1081 620 8567 189 625 8568 307 622 8569 306 622 8570 1187 245 8571 1243 446 8572 813 623 8573 189 3 8574 191 3 8575 309 3 8576 191 3 8577 193 3 8578 310 3 8579 193 3 8580 195 3 8581 311 626 8582 311 626 8583 195 3 8584 197 627 8585 312 628 8586 197 627 8587 199 629 8588 313 630 8589 199 629 8590 201 631 8591 314 632 8592 201 631 8593 203 633 8594 203 633 8595 205 636 8596 316 635 8597 205 636 8598 207 638 8599 317 637 8600 207 638 8601 209 640 8602 318 639 8603 209 640 8604 211 642 8605 319 641 8606 211 642 8607 213 3566 8608 320 643 8609 320 643 8610 213 3566 8611 215 644 8612 321 645 8613 215 644 8614 217 646 8615 322 647 8616 217 646 8617 219 648 8618 219 648 8619 221 651 8620 324 650 8621 221 651 8622 223 653 8623 325 652 8624 223 653 8625 225 3567 8626 326 654 8627 326 654 8628 225 3567 8629 227 655 8630 327 656 8631 227 655 8632 229 657 8633 328 658 8634 229 657 8635 231 659 8636 329 660 8637 231 659 8638 233 661 8639 233 661 8640 235 664 8641 331 663 8642 235 664 8643 237 666 8644 332 665 8645 237 666 8646 239 668 8647 333 667 8648 239 668 8649 241 670 8650 334 669 8651 241 670 8652 243 3 8653 335 3 8654 335 3 8655 243 3 8656 245 3 8657 336 3 8658 245 3 8659 247 3 8660 337 3 8661 247 3 8662 249 3 8663 249 3 8664 251 3 8665 339 3 8666 251 3 8667 253 3 8668 340 3 8669 253 3 8670 255 3 8671 341 671 8672 341 671 8673 255 3 8674 257 672 8675 342 673 8676 257 672 8677 259 674 8678 343 675 8679 259 674 8680 261 676 8681 344 677 8682 261 676 8683 263 678 8684 263 678 8685 265 681 8686 346 680 8687 265 681 8688 267 683 8689 347 682 8690 267 683 8691 269 685 8692 348 684 8693 269 685 8694 271 687 8695 349 686 8696 271 687 8697 273 3568 8698 350 688 8699 350 688 8700 273 3568 8701 275 689 8702 351 690 8703 275 689 8704 277 691 8705 352 692 8706 277 691 8707 279 693 8708 279 693 8709 281 696 8710 354 695 8711 281 696 8712 283 698 8713 355 697 8714 283 698 8715 285 3569 8716 356 699 8717 356 699 8718 285 3569 8719 287 700 8720 357 701 8721 287 700 8722 289 702 8723 358 703 8724 289 702 8725 291 704 8726 359 705 8727 291 704 8728 293 706 8729 293 706 8730 295 709 8731 361 708 8732 295 709 8733 297 711 8734 362 710 8735 297 711 8736 299 713 8737 363 712 8738 299 713 8739 301 715 8740 364 714 8741 301 715 8742 303 3 8743 365 3 8744 365 3 8745 303 3 8746 305 3 8747 366 3 8748 305 3 8749 307 3 8750 367 3 8751 307 3 8752 189 3 8753 308 716 8754 309 719 8755 369 717 8756 309 719 8757 310 721 8758 370 720 8759 310 721 8760 311 723 8761 371 722 8762 311 723 8763 312 725 8764 372 724 8765 312 725 8766 313 463 8767 373 726 8768 313 463 8769 314 728 8770 374 727 8771 314 728 8772 315 474 8773 375 729 8774 315 474 8775 316 731 8776 376 730 8777 316 731 8778 317 733 8779 377 732 8780 317 733 8781 318 735 8782 378 734 8783 318 735 8784 319 737 8785 379 736 8786 319 737 8787 320 739 8788 380 738 8789 320 739 8790 321 741 8791 381 740 8792 321 741 8793 322 743 8794 382 742 8795 322 743 8796 323 745 8797 383 744 8798 323 745 8799 324 747 8800 384 746 8801 324 747 8802 325 749 8803 385 748 8804 325 749 8805 326 751 8806 386 750 8807 326 751 8808 327 568 8809 387 752 8810 327 568 8811 328 754 8812 388 753 8813 328 754 8814 329 756 8815 389 755 8816 329 756 8817 330 758 8818 390 757 8819 330 758 8820 331 760 8821 391 759 8822 331 760 8823 332 762 8824 392 761 8825 332 762 8826 333 764 8827 393 763 8828 333 764 8829 334 766 8830 394 765 8831 334 766 8832 335 768 8833 395 767 8834 335 768 8835 336 770 8836 396 769 8837 336 770 8838 337 772 8839 397 771 8840 337 772 8841 338 774 8842 398 773 8843 338 774 8844 339 776 8845 399 775 8846 339 776 8847 340 778 8848 400 777 8849 340 778 8850 341 780 8851 401 779 8852 341 780 8853 342 782 8854 402 781 8855 342 782 8856 343 263 8857 403 783 8858 343 263 8859 344 785 8860 404 784 8861 344 785 8862 345 274 8863 405 786 8864 345 274 8865 346 788 8866 406 787 8867 346 788 8868 347 790 8869 407 789 8870 347 790 8871 348 792 8872 408 791 8873 348 792 8874 349 794 8875 409 793 8876 349 794 8877 350 796 8878 410 795 8879 350 796 8880 351 798 8881 411 797 8882 351 798 8883 352 800 8884 412 799 8885 352 800 8886 353 802 8887 413 801 8888 353 802 8889 354 804 8890 414 803 8891 354 804 8892 355 806 8893 415 805 8894 355 806 8895 356 808 8896 416 807 8897 356 808 8898 357 363 8899 417 809 8900 357 363 8901 358 811 8902 418 810 8903 358 811 8904 359 813 8905 419 812 8906 359 813 8907 360 815 8908 420 814 8909 360 815 8910 361 817 8911 421 816 8912 361 817 8913 362 819 8914 422 818 8915 362 819 8916 363 821 8917 423 820 8918 363 821 8919 364 823 8920 424 822 8921 364 823 8922 365 825 8923 425 824 8924 365 825 8925 366 827 8926 426 826 8927 366 827 8928 367 829 8929 427 828 8930 367 829 8931 308 716 8932 368 718 8933 368 718 8934 369 717 8935 1175 830 8936 1175 830 8937 369 717 8938 370 720 8939 370 720 8940 371 722 8941 1091 833 8942 1091 833 8943 371 722 8944 372 724 8945 372 724 8946 373 726 8947 1160 835 8948 373 726 8949 374 727 8950 1163 836 8951 374 727 8952 375 729 8953 1162 837 8954 1162 837 8955 375 729 8956 376 730 8957 376 730 8958 377 732 8959 1164 839 8960 1164 839 8961 377 732 8962 378 734 8963 378 734 8964 379 736 8965 1166 841 8966 379 736 8967 380 738 8968 1084 842 8969 1084 842 8970 380 738 8971 381 740 8972 381 740 8973 382 742 8974 1170 844 8975 382 742 8976 383 744 8977 1070 845 8978 383 744 8979 384 746 8980 1172 846 8981 1172 846 8982 384 746 8983 385 748 8984 385 748 8985 386 750 8986 1086 848 8987 1086 848 8988 386 750 8989 387 752 8990 387 752 8991 388 753 8992 1153 850 8993 1153 850 8994 388 753 8995 389 755 8996 1179 851 8997 389 755 8998 390 757 8999 390 757 9000 391 759 9001 1107 853 9002 391 759 9003 392 761 9004 1177 854 9005 392 761 9006 393 763 9007 1106 855 9008 1106 855 9009 393 763 9010 394 765 9011 1157 856 9012 394 765 9013 395 767 9014 1104 857 9015 395 767 9016 396 769 9017 396 769 9018 397 771 9019 1180 859 9020 397 771 9021 398 773 9022 1115 860 9023 1115 860 9024 398 773 9025 399 775 9026 1113 861 9027 399 775 9028 400 777 9029 400 777 9030 401 779 9031 1156 863 9032 401 779 9033 402 781 9034 1112 864 9035 402 781 9036 403 783 9037 1110 865 9038 1110 865 9039 403 783 9040 404 784 9041 404 784 9042 405 786 9043 1149 867 9044 1149 867 9045 405 786 9046 406 787 9047 406 787 9048 407 789 9049 1095 869 9050 407 789 9051 408 791 9052 1148 870 9053 1148 870 9054 408 791 9055 409 793 9056 409 793 9057 410 795 9058 1130 872 9059 1130 872 9060 410 795 9061 411 797 9062 411 797 9063 412 799 9064 1133 874 9065 412 799 9066 413 801 9067 1102 875 9068 1102 875 9069 413 801 9070 414 803 9071 1135 876 9072 414 803 9073 415 805 9074 415 805 9075 416 807 9076 1100 878 9077 1100 878 9078 416 807 9079 417 809 9080 417 809 9081 418 810 9082 1098 880 9083 1098 880 9084 418 810 9085 419 812 9086 1183 881 9087 419 812 9088 420 814 9089 420 814 9090 421 816 9091 1182 883 9092 421 816 9093 422 818 9094 1181 884 9095 422 818 9096 423 820 9097 1184 885 9098 1184 885 9099 423 820 9100 424 822 9101 424 822 9102 425 824 9103 1145 887 9104 1145 887 9105 425 824 9106 426 826 9107 426 826 9108 427 828 9109 1173 889 9110 427 828 9111 368 718 9112 1089 831 9113 487 890 9114 1054 3570 9115 1040 891 9116 486 892 9117 1040 891 9118 1038 893 9119 485 894 9120 1038 893 9121 1031 895 9122 1031 895 9123 1063 3571 9124 483 897 9125 483 897 9126 1063 3571 9127 1032 898 9128 1032 898 9129 1053 3572 9130 481 900 9131 481 900 9132 1053 3572 9133 1044 901 9134 1044 901 9135 1046 904 9136 479 903 9137 1046 904 9138 1047 3573 9139 478 905 9140 478 905 9141 1047 3573 9142 1037 906 9143 1037 906 9144 1024 3574 9145 476 908 9146 476 908 9147 1024 3574 9148 1036 909 9149 1036 909 9150 1056 912 9151 474 911 9152 1056 912 9153 1035 914 9154 473 913 9155 1035 914 9156 1034 3575 9157 472 915 9158 472 915 9159 1034 3575 9160 1033 916 9161 471 917 9162 1033 916 9163 1055 918 9164 470 919 9165 1055 918 9166 1030 920 9167 1030 920 9168 1061 3576 9169 468 922 9170 468 922 9171 1061 3576 9172 1026 923 9173 1026 923 9174 1058 3577 9175 466 925 9176 466 925 9177 1058 3577 9178 1028 926 9179 1028 926 9180 1059 3578 9181 464 928 9182 464 928 9183 1059 3578 9184 994 929 9185 463 930 9186 994 929 9187 991 931 9188 991 931 9189 990 934 9190 461 933 9191 990 934 9192 989 936 9193 460 935 9194 989 936 9195 999 938 9196 459 937 9197 999 938 9198 998 940 9199 458 939 9200 998 940 9201 996 942 9202 457 941 9203 996 942 9204 995 3579 9205 456 943 9206 456 943 9207 995 3579 9208 984 944 9209 455 945 9210 984 944 9211 983 946 9212 983 946 9213 982 3580 9214 453 948 9215 453 948 9216 982 3580 9217 981 949 9218 981 949 9219 987 952 9220 451 951 9221 987 952 9222 1049 954 9223 450 953 9224 1049 954 9225 986 3581 9226 449 955 9227 449 955 9228 986 3581 9229 985 956 9230 448 957 9231 985 956 9232 972 958 9233 972 958 9234 973 3582 9235 446 960 9236 446 960 9237 973 3582 9238 970 961 9239 970 961 9240 971 964 9241 444 963 9242 971 964 9243 979 966 9244 443 965 9245 979 966 9246 980 3583 9247 442 967 9248 442 967 9249 980 3583 9250 975 968 9251 441 969 9252 975 968 9253 977 970 9254 977 970 9255 966 3584 9256 439 972 9257 439 972 9258 966 3584 9259 968 973 9260 438 974 9261 968 973 9262 964 975 9263 964 975 9264 965 978 9265 436 977 9266 965 978 9267 1052 980 9268 435 979 9269 1052 980 9270 1051 982 9271 434 981 9272 1051 982 9273 1050 3585 9274 433 983 9275 433 983 9276 1050 3585 9277 969 984 9278 969 984 9279 1009 3586 9280 431 986 9281 431 986 9282 1009 3586 9283 1045 987 9284 1045 987 9285 1043 990 9286 429 989 9287 1043 990 9288 1042 992 9289 428 991 9290 1042 992 9291 1054 3570 9292 487 890 9293 547 993 9294 487 890 9295 486 892 9296 486 892 9297 485 894 9298 545 995 9299 485 894 9300 484 896 9301 544 996 9302 484 896 9303 483 897 9304 543 997 9305 483 897 9306 482 899 9307 542 998 9308 482 899 9309 481 900 9310 541 999 9311 481 900 9312 480 902 9313 540 1000 9314 480 902 9315 479 903 9316 539 1001 9317 539 1001 9318 479 903 9319 478 905 9320 478 905 9321 477 907 9322 537 1003 9323 477 907 9324 476 908 9325 536 1004 9326 536 1004 9327 476 908 9328 475 910 9329 535 1005 9330 475 910 9331 474 911 9332 534 1006 9333 474 911 9334 473 913 9335 473 913 9336 472 915 9337 532 1008 9338 532 1008 9339 472 915 9340 471 917 9341 471 917 9342 470 919 9343 530 1010 9344 470 919 9345 469 921 9346 529 1011 9347 469 921 9348 468 922 9349 528 1012 9350 468 922 9351 467 924 9352 527 1013 9353 467 924 9354 466 925 9355 526 1014 9356 466 925 9357 465 927 9358 525 1015 9359 465 927 9360 464 928 9361 524 1016 9362 464 928 9363 463 930 9364 523 1017 9365 463 930 9366 462 932 9367 522 1018 9368 462 932 9369 461 933 9370 521 1019 9371 521 1019 9372 461 933 9373 460 935 9374 520 1020 9375 460 935 9376 459 937 9377 519 1021 9378 459 937 9379 458 939 9380 458 939 9381 457 941 9382 517 1023 9383 517 1023 9384 457 941 9385 456 943 9386 456 943 9387 455 945 9388 515 1025 9389 455 945 9390 454 947 9391 514 1026 9392 454 947 9393 453 948 9394 513 1027 9395 453 948 9396 452 950 9397 512 1028 9398 452 950 9399 451 951 9400 511 1029 9401 451 951 9402 450 953 9403 510 1030 9404 450 953 9405 449 955 9406 509 1031 9407 509 1031 9408 449 955 9409 448 957 9410 448 957 9411 447 959 9412 507 1033 9413 447 959 9414 446 960 9415 506 1034 9416 506 1034 9417 446 960 9418 445 962 9419 505 1035 9420 445 962 9421 444 963 9422 504 1036 9423 444 963 9424 443 965 9425 443 965 9426 442 967 9427 502 1038 9428 502 1038 9429 442 967 9430 441 969 9431 441 969 9432 440 971 9433 500 1040 9434 440 971 9435 439 972 9436 499 1041 9437 439 972 9438 438 974 9439 498 1042 9440 438 974 9441 437 976 9442 497 1043 9443 437 976 9444 436 977 9445 496 1044 9446 436 977 9447 435 979 9448 495 1045 9449 435 979 9450 434 981 9451 494 1046 9452 434 981 9453 433 983 9454 493 1047 9455 433 983 9456 432 985 9457 492 1048 9458 432 985 9459 431 986 9460 491 1049 9461 491 1049 9462 431 986 9463 430 988 9464 490 1050 9465 430 988 9466 429 989 9467 489 1051 9468 429 989 9469 428 991 9470 428 991 9471 487 890 9472 547 993 9473 547 1053 9474 546 3 9475 606 1054 9476 606 1054 9477 546 3 9478 545 3 9479 605 3 9480 545 3 9481 544 1056 9482 544 1056 9483 543 3587 9484 603 1057 9485 603 1057 9486 543 3587 9487 542 1058 9488 602 1059 9489 542 1058 9490 541 1060 9491 601 1061 9492 541 1060 9493 540 1062 9494 540 1062 9495 539 1065 9496 599 1064 9497 539 1065 9498 538 1067 9499 598 1066 9500 538 1067 9501 537 1068 9502 597 3 9503 537 1068 9504 536 3588 9505 596 1069 9506 596 1069 9507 536 3588 9508 535 1070 9509 535 1070 9510 534 1073 9511 594 1072 9512 534 1073 9513 533 1075 9514 593 1074 9515 533 1075 9516 532 1077 9517 592 1076 9518 532 1077 9519 531 3589 9520 591 1078 9521 591 1078 9522 531 3589 9523 530 1079 9524 590 1080 9525 530 1079 9526 529 1081 9527 529 1081 9528 528 3590 9529 588 1083 9530 588 1083 9531 528 3590 9532 527 3 9533 587 1084 9534 527 3 9535 526 1085 9536 586 1086 9537 526 1085 9538 525 1087 9539 525 1087 9540 524 1090 9541 584 1089 9542 524 1090 9543 523 1092 9544 583 1091 9545 523 1092 9546 522 1094 9547 582 1093 9548 522 1094 9549 521 3591 9550 581 1095 9551 581 1095 9552 521 3591 9553 520 1096 9554 520 1096 9555 519 3 9556 579 3 9557 519 3 9558 518 1099 9559 578 1098 9560 518 1099 9561 517 1101 9562 577 1100 9563 517 1101 9564 516 3 9565 576 1102 9566 576 1102 9567 516 3 9568 515 3 9569 575 3 9570 515 3 9571 514 1103 9572 514 1103 9573 513 3592 9574 573 1104 9575 573 1104 9576 513 3592 9577 512 1105 9578 572 1106 9579 512 1105 9580 511 1107 9581 571 1108 9582 511 1107 9583 510 1109 9584 510 1109 9585 509 1112 9586 569 1111 9587 509 1112 9588 508 1114 9589 568 1113 9590 508 1114 9591 507 1115 9592 567 3 9593 507 1115 9594 506 3593 9595 566 1116 9596 566 1116 9597 506 3593 9598 505 1117 9599 505 1117 9600 504 1120 9601 564 1119 9602 504 1120 9603 503 1122 9604 563 1121 9605 503 1122 9606 502 1124 9607 562 1123 9608 502 1124 9609 501 3594 9610 561 1125 9611 561 1125 9612 501 3594 9613 500 1126 9614 560 1127 9615 500 1126 9616 499 1128 9617 499 1128 9618 498 3595 9619 558 1130 9620 558 1130 9621 498 3595 9622 497 3 9623 557 1131 9624 497 3 9625 496 1132 9626 556 1133 9627 496 1132 9628 495 1134 9629 495 1134 9630 494 1137 9631 554 1136 9632 494 1137 9633 493 1139 9634 553 1138 9635 493 1139 9636 492 1141 9637 552 1140 9638 492 1141 9639 491 3596 9640 551 1142 9641 551 1142 9642 491 3596 9643 490 1143 9644 490 1143 9645 489 3 9646 549 3 9647 489 3 9648 488 1146 9649 548 1145 9650 488 1146 9651 547 1053 9652 607 1055 9653 753 1147 9654 607 3597 9655 606 1148 9656 656 1149 9657 606 1148 9658 605 1150 9659 605 1150 9660 604 3598 9661 658 1152 9662 658 1152 9663 604 3598 9664 603 1153 9665 603 1153 9666 602 1156 9667 616 1155 9668 602 1156 9669 601 1158 9670 617 1157 9671 601 1158 9672 600 1160 9673 613 1159 9674 600 1160 9675 599 3599 9676 615 1161 9677 615 1161 9678 599 3599 9679 598 1162 9680 598 1162 9681 597 3600 9682 612 1164 9683 612 1164 9684 597 3600 9685 596 1165 9686 596 1165 9687 595 3601 9688 609 1167 9689 609 1167 9690 595 3601 9691 594 1168 9692 594 1168 9693 593 1171 9694 628 1170 9695 593 1171 9696 592 3602 9697 624 1172 9698 624 1172 9699 592 3602 9700 591 1173 9701 625 1174 9702 591 1173 9703 590 1175 9704 590 1175 9705 589 3603 9706 623 1177 9707 623 1177 9708 589 3603 9709 588 1178 9710 588 1178 9711 587 1181 9712 620 1180 9713 587 1181 9714 586 1183 9715 639 1182 9716 586 1183 9717 585 1185 9718 638 1184 9719 585 1185 9720 584 3604 9721 636 1186 9722 636 1186 9723 584 3604 9724 583 1187 9725 583 1187 9726 582 3605 9727 633 1189 9728 633 1189 9729 582 3605 9730 581 1190 9731 581 1190 9732 580 1193 9733 631 1192 9734 580 1193 9735 579 1195 9736 630 1194 9737 579 1195 9738 578 1197 9739 648 1196 9740 578 1197 9741 577 3606 9742 647 1198 9743 647 1198 9744 577 3606 9745 576 1199 9746 646 1200 9747 576 1199 9748 575 1201 9749 575 1201 9750 574 3607 9751 643 1203 9752 643 1203 9753 574 3607 9754 573 1204 9755 573 1204 9756 572 1207 9757 641 1206 9758 572 1207 9759 571 1209 9760 640 1208 9761 571 1209 9762 570 1211 9763 725 1210 9764 570 1211 9765 569 3608 9766 726 1212 9767 726 1212 9768 569 3608 9769 568 1213 9770 568 1213 9771 567 3609 9772 728 1215 9773 728 1215 9774 567 3609 9775 566 1216 9776 566 1216 9777 565 3610 9778 731 1218 9779 731 1218 9780 565 3610 9781 564 1219 9782 564 1219 9783 563 1222 9784 733 1221 9785 563 1222 9786 562 3611 9787 734 1223 9788 734 1223 9789 562 3611 9790 561 1224 9791 736 1225 9792 561 1224 9793 560 1226 9794 560 1226 9795 559 3612 9796 738 1228 9797 738 1228 9798 559 3612 9799 558 1229 9800 558 1229 9801 557 1232 9802 740 1231 9803 557 1232 9804 556 1234 9805 742 1233 9806 556 1234 9807 555 1236 9808 744 1235 9809 555 1236 9810 554 3613 9811 747 1237 9812 747 1237 9813 554 3613 9814 553 1238 9815 553 1238 9816 552 3614 9817 749 1240 9818 749 1240 9819 552 3614 9820 551 1241 9821 551 1241 9822 550 1244 9823 752 1243 9824 550 1244 9825 549 1246 9826 751 1245 9827 549 1246 9828 548 1248 9829 755 1247 9830 548 1248 9831 607 3597 9832 753 1147 9833 819 1249 9834 876 3615 9835 757 1250 9836 757 1250 9837 877 3616 9838 756 1252 9839 756 1252 9840 877 3616 9841 760 1253 9842 762 1254 9843 760 1253 9844 766 1255 9845 766 1255 9846 764 1258 9847 765 1257 9848 764 1258 9849 869 3617 9850 763 1259 9851 763 1259 9852 869 3617 9853 769 1260 9854 769 1260 9855 666 1263 9856 768 1262 9857 666 1263 9858 870 3618 9859 665 1264 9860 665 1264 9861 870 3618 9862 662 1265 9863 667 1266 9864 662 1265 9865 664 1267 9866 664 1267 9867 675 1270 9868 663 1269 9869 675 1270 9870 677 3619 9871 674 1271 9872 674 1271 9873 677 3619 9874 670 1272 9875 670 1272 9876 672 3620 9877 669 1274 9878 669 1274 9879 672 3620 9880 683 1275 9881 683 1275 9882 685 3621 9883 682 1277 9884 682 1277 9885 685 3621 9886 875 1278 9887 684 1279 9888 875 1278 9889 680 1280 9890 680 1280 9891 690 1283 9892 679 1282 9893 690 1283 9894 693 3622 9895 689 1284 9896 689 1284 9897 693 3622 9898 890 1285 9899 890 1285 9900 688 1288 9901 686 1287 9902 688 1288 9903 701 3623 9904 687 1289 9905 687 1289 9906 701 3623 9907 699 1290 9908 700 1291 9909 699 1290 9910 697 1292 9911 697 1292 9912 695 1295 9913 696 1294 9914 695 1295 9915 710 3624 9916 694 1296 9917 694 1296 9918 710 3624 9919 707 1297 9920 707 1297 9921 887 3625 9922 706 1299 9923 706 1299 9924 887 3625 9925 703 1300 9926 703 1300 9927 718 3626 9928 702 1302 9929 702 1302 9930 718 3626 9931 883 1303 9932 717 1304 9933 883 1303 9934 714 1305 9935 714 1305 9936 712 1308 9937 713 1307 9938 712 1308 9939 885 3627 9940 711 1309 9941 711 1309 9942 885 3627 9943 881 1310 9944 881 1310 9945 880 1313 9946 723 1312 9947 880 1313 9948 720 3628 9949 722 1314 9950 722 1314 9951 720 3628 9952 808 1315 9953 719 1316 9954 808 1315 9955 805 1317 9956 805 1317 9957 879 1320 9958 804 1319 9959 879 1320 9960 810 3629 9961 811 1321 9962 811 1321 9963 810 3629 9964 799 1322 9965 799 1322 9966 797 3630 9967 798 1324 9968 798 1324 9969 797 3630 9970 803 1325 9971 803 1325 9972 922 3631 9973 802 1327 9974 802 1327 9975 922 3631 9976 790 1328 9977 800 1329 9978 790 1328 9979 788 1330 9980 788 1330 9981 795 1333 9982 787 1332 9983 795 1333 9984 792 3632 9985 794 1334 9986 794 1334 9987 792 3632 9988 781 1335 9989 781 1335 9990 924 1338 9991 780 1337 9992 924 1338 9993 786 3633 9994 779 1339 9995 779 1339 9996 786 3633 9997 784 1340 9998 785 1341 9999 784 1340 10000 816 1342 10001 816 1342 10002 927 1345 10003 815 1344 10004 927 1345 10005 926 3634 10006 817 1346 10007 817 1346 10008 926 3634 10009 820 1347 10010 820 1347 10011 876 3615 10012 819 1249 10013 622 1354 10014 898 1353 10015 900 1355 10016 900 1355 10017 894 1358 10018 629 1357 10019 894 1358 10020 896 1360 10021 635 1359 10022 644 1364 10023 915 1363 10024 917 1365 10025 823 1366 10026 917 1365 10027 912 1367 10028 912 1367 10029 914 1370 10030 821 1369 10031 659 1379 10032 838 1378 10033 843 1380 10034 843 1380 10035 841 1383 10036 660 1382 10037 841 1383 10038 847 1385 10039 673 1384 10040 691 1389 10041 849 1388 10042 854 1390 10043 681 1391 10044 854 1390 10045 852 1392 10046 852 1392 10047 859 1395 10048 708 1394 10049 729 1404 10050 825 1403 10051 827 1405 10052 827 1405 10053 829 1408 10054 741 1407 10055 829 1408 10056 831 1410 10057 735 1409 10058 746 1414 10059 835 1413 10060 837 1415 10061 767 1416 10062 837 1415 10063 929 1417 10064 929 1417 10065 931 1420 10066 772 1419 10067 777 1429 10068 939 1428 10069 951 1430 10070 951 1430 10071 945 1433 10072 774 1432 10073 945 1433 10074 947 1435 10075 775 1434 10076 812 1439 10077 954 1438 10078 960 1440 10079 806 1441 10080 960 1440 10081 955 1442 10082 955 1442 10083 957 1445 10084 793 1444 10085 657 1454 10086 868 1457 10087 764 1456 10088 662 1461 10089 871 1460 10090 608 1462 10091 619 1473 10092 874 1476 10093 690 1475 10094 699 1480 10095 889 1479 10096 632 1481 10097 642 1492 10098 884 1495 10099 712 1494 10100 808 1499 10101 882 1498 10102 730 1500 10103 739 1511 10104 923 1514 10105 795 1513 10106 784 1518 10107 925 1517 10108 748 1519 10109 919 1525 10110 903 1527 10111 902 1350 10112 819 1526 10113 758 3635 10114 903 1527 10115 903 1527 10116 904 1529 10117 618 1352 10118 903 1527 10119 758 3635 10120 756 1528 10121 904 1529 10122 899 1531 10123 898 1353 10124 904 1529 10125 756 1528 10126 762 1530 10127 898 1353 10128 899 1531 10129 901 1532 10130 762 1530 10131 759 3636 10132 901 1532 10133 900 1355 10134 901 1532 10135 895 1533 10136 901 1532 10137 759 3636 10138 765 1534 10139 895 1533 10140 897 1536 10141 896 1360 10142 895 1533 10143 765 1534 10144 763 1535 10145 897 1536 10146 891 1538 10147 637 1361 10148 897 1536 10149 763 1535 10150 770 1537 10151 891 1538 10152 893 1539 10153 892 1362 10154 770 1537 10155 768 1541 10156 893 1539 10157 892 1362 10158 893 1539 10159 916 1540 10160 768 1541 10161 665 1543 10162 916 1540 10163 915 1363 10164 916 1540 10165 918 1542 10166 665 1543 10167 667 1544 10168 918 1542 10169 918 1542 10170 911 1545 10171 912 1367 10172 667 1544 10173 661 3637 10174 911 1545 10175 911 1545 10176 913 1547 10177 914 1370 10178 911 1545 10179 661 3637 10180 663 1546 10181 914 1370 10182 913 1547 10183 908 1548 10184 663 1546 10185 674 1550 10186 908 1548 10187 649 1371 10188 908 1548 10189 910 1549 10190 674 1550 10191 676 3638 10192 910 1549 10193 909 1372 10194 910 1549 10195 905 1551 10196 910 1549 10197 676 3638 10198 669 1552 10199 905 1551 10200 907 1553 10201 906 1375 10202 669 1552 10203 671 3639 10204 907 1553 10205 907 1553 10206 840 1555 10207 653 1377 10208 907 1553 10209 671 3639 10210 682 1554 10211 840 1555 10212 839 1557 10213 838 1378 10214 840 1555 10215 682 1554 10216 684 1556 10217 838 1378 10218 839 1557 10219 844 1558 10220 684 1556 10221 678 3640 10222 844 1558 10223 843 1380 10224 844 1558 10225 842 1559 10226 844 1558 10227 678 3640 10228 679 1560 10229 842 1559 10230 848 1562 10231 847 1385 10232 842 1559 10233 679 1560 10234 689 1561 10235 848 1562 10236 846 1564 10237 845 1386 10238 848 1562 10239 689 1561 10240 692 1563 10241 846 1564 10242 851 1565 10243 668 1387 10244 692 1563 10245 686 1567 10246 851 1565 10247 668 1387 10248 851 1565 10249 850 1566 10250 686 1567 10251 687 1569 10252 850 1566 10253 849 1388 10254 850 1566 10255 855 1568 10256 687 1569 10257 700 1570 10258 855 1568 10259 855 1568 10260 853 1571 10261 852 1392 10262 700 1570 10263 698 3641 10264 853 1571 10265 853 1571 10266 858 1573 10267 859 1395 10268 853 1571 10269 698 3641 10270 696 1572 10271 859 1395 10272 858 1573 10273 856 1574 10274 696 1572 10275 694 1576 10276 856 1574 10277 857 1396 10278 856 1574 10279 863 1575 10280 694 1576 10281 709 3642 10282 863 1575 10283 862 1397 10284 863 1575 10285 860 1577 10286 863 1575 10287 709 3642 10288 706 1578 10289 860 1577 10290 866 1579 10291 867 1400 10292 706 1578 10293 704 3643 10294 866 1579 10295 866 1579 10296 864 1581 10297 865 1402 10298 866 1579 10299 704 3643 10300 702 1580 10301 864 1581 10302 824 1583 10303 825 1403 10304 864 1581 10305 702 1580 10306 717 1582 10307 825 1403 10308 824 1583 10309 826 1584 10310 717 1582 10311 715 3644 10312 826 1584 10313 827 1405 10314 826 1584 10315 828 1585 10316 826 1584 10317 715 3644 10318 713 1586 10319 828 1585 10320 830 1588 10321 831 1410 10322 828 1585 10323 713 1586 10324 711 1587 10325 830 1588 10326 832 1590 10327 754 1411 10328 830 1588 10329 711 1587 10330 724 1589 10331 832 1590 10332 833 1591 10333 750 1412 10334 724 1589 10335 723 1593 10336 833 1591 10337 750 1412 10338 833 1591 10339 834 1592 10340 723 1593 10341 722 1595 10342 834 1592 10343 835 1413 10344 834 1592 10345 836 1594 10346 722 1595 10347 719 1596 10348 836 1594 10349 836 1594 10350 930 1597 10351 929 1417 10352 719 1596 10353 807 3645 10354 930 1597 10355 930 1597 10356 932 1599 10357 931 1420 10358 930 1597 10359 807 3645 10360 804 1598 10361 931 1420 10362 932 1599 10363 942 1600 10364 804 1598 10365 811 1602 10366 942 1600 10367 941 1421 10368 942 1600 10369 944 1601 10370 811 1602 10371 809 3646 10372 944 1601 10373 943 1422 10374 944 1601 10375 934 1603 10376 944 1601 10377 809 3646 10378 798 1604 10379 934 1603 10380 936 1605 10381 935 1425 10382 798 1604 10383 796 3647 10384 936 1605 10385 936 1605 10386 938 1607 10387 937 1427 10388 936 1605 10389 796 3647 10390 802 1606 10391 938 1607 10392 940 1609 10393 939 1428 10394 938 1607 10395 802 1606 10396 800 1608 10397 939 1428 10398 940 1609 10399 952 1610 10400 800 1608 10401 789 3648 10402 952 1610 10403 951 1430 10404 952 1610 10405 946 1611 10406 952 1610 10407 789 3648 10408 787 1612 10409 946 1611 10410 948 1614 10411 947 1435 10412 946 1611 10413 787 1612 10414 794 1613 10415 948 1614 10416 949 1616 10417 776 1436 10418 948 1614 10419 794 1613 10420 791 1615 10421 949 1616 10422 950 1617 10423 801 1437 10424 791 1615 10425 780 1619 10426 950 1617 10427 801 1437 10428 950 1617 10429 953 1618 10430 780 1619 10431 779 1621 10432 953 1618 10433 954 1438 10434 953 1618 10435 959 1620 10436 779 1621 10437 785 1622 10438 959 1620 10439 959 1620 10440 956 1623 10441 955 1442 10442 785 1622 10443 783 3649 10444 956 1623 10445 956 1623 10446 958 1625 10447 957 1445 10448 956 1623 10449 783 3649 10450 815 1624 10451 957 1445 10452 958 1625 10453 961 1626 10454 815 1624 10455 817 1628 10456 961 1626 10457 814 1446 10458 961 1626 10459 963 1627 10460 817 1628 10461 818 3650 10462 963 1627 10463 962 1447 10464 963 1627 10465 919 1525 10466 963 1627 10467 818 3650 10468 819 1526 10469 753 1629 10470 656 1630 10471 878 1450 10472 656 1630 10473 654 3651 10474 877 1452 10475 877 1452 10476 654 3651 10477 658 1631 10478 616 1632 10479 617 3652 10480 869 1458 10481 869 1458 10482 617 3652 10483 613 1633 10484 613 1633 10485 615 1636 10486 666 1635 10487 615 1636 10488 611 1637 10489 870 1459 10490 611 1637 10491 612 1638 10492 871 1460 10493 609 1639 10494 627 3653 10495 677 1465 10496 677 1465 10497 627 3653 10498 628 1640 10499 873 1466 10500 628 1640 10501 624 1641 10502 624 1641 10503 625 1642 10504 872 1469 10505 625 1642 10506 621 3654 10507 685 1471 10508 685 1471 10509 621 3654 10510 623 1643 10511 620 1644 10512 639 3655 10513 693 1477 10514 693 1477 10515 639 3655 10516 638 1645 10517 638 1645 10518 636 1648 10519 688 1647 10520 636 1648 10521 634 1649 10522 701 1478 10523 634 1649 10524 633 1650 10525 889 1479 10526 631 1651 10527 630 3656 10528 710 1484 10529 710 1484 10530 630 3656 10531 648 1652 10532 886 1485 10533 648 1652 10534 647 1653 10535 647 1653 10536 646 1654 10537 888 1488 10538 646 1654 10539 645 3657 10540 718 1490 10541 718 1490 10542 645 3657 10543 643 1655 10544 641 1656 10545 640 3658 10546 885 1496 10547 885 1496 10548 640 3658 10549 725 1657 10550 725 1657 10551 726 1660 10552 880 1659 10553 726 1660 10554 727 1661 10555 720 1497 10556 727 1661 10557 728 1662 10558 882 1498 10559 731 1663 10560 732 3659 10561 810 1503 10562 810 1503 10563 732 3659 10564 733 1664 10565 920 1504 10566 733 1664 10567 734 1665 10568 734 1665 10569 736 1666 10570 921 1507 10571 736 1666 10572 737 3660 10573 922 1509 10574 922 1509 10575 737 3660 10576 738 1667 10577 740 1668 10578 742 3661 10579 792 1515 10580 792 1515 10581 742 3661 10582 744 1669 10583 744 1669 10584 747 1672 10585 924 1671 10586 747 1672 10587 745 1673 10588 786 1516 10589 745 1673 10590 749 1674 10591 925 1517 10592 752 1675 10593 751 3662 10594 926 1522 10595 926 1522 10596 751 3662 10597 755 1676 10598 928 1523 10599 755 1676 10600 753 1629 10601 1033 1686 10602 1034 3663 10603 978 1688 10604 978 1688 10605 1034 3663 10606 1035 1689 10607 1036 1693 10608 1024 1696 10609 993 1695 10610 1024 1696 10611 1057 1698 10612 997 1697 10613 1039 1702 10614 1031 1701 10615 1038 1703 10616 1038 1703 10617 1040 1706 10618 1011 1705 10619 1002 1684 10620 977 1718 10621 975 1719 10622 975 1719 10623 980 1722 10624 1005 1721 10625 980 1722 10626 979 1724 10627 1007 1723 10628 979 1724 10629 971 1726 10630 1006 1725 10631 982 1746 10632 983 1750 10633 1019 1749 10634 983 1750 10635 984 3664 10636 1017 1751 10637 1017 1751 10638 984 3664 10639 995 1752 10640 1018 1753 10641 995 1752 10642 996 1754 10643 996 1754 10644 998 1757 10645 1020 1756 10646 998 1757 10647 999 3665 10648 1025 1758 10649 1025 1758 10650 999 3665 10651 989 1759 10652 1023 1760 10653 989 1759 10654 990 1761 10655 1173 1804 10656 1065 1803 10657 1066 1805 10658 1066 1805 10659 1147 1806 10660 1186 1779 10661 1147 1806 10662 1146 3666 10663 1185 1781 10664 1185 1781 10665 1146 3666 10666 1144 1807 10667 1184 1808 10668 1144 1807 10669 1143 1809 10670 1181 1810 10671 1143 1809 10672 1142 1811 10673 1142 1811 10674 1141 1814 10675 1139 1813 10676 1141 1814 10677 1140 1816 10678 1183 1815 10679 1140 1816 10680 1138 1818 10681 1098 1817 10682 1138 1818 10683 1137 3667 10684 1150 1782 10685 1150 1782 10686 1137 3667 10687 1080 1819 10688 1080 1819 10689 1083 3668 10690 1136 1785 10691 1136 1785 10692 1083 3668 10693 1082 1820 10694 1088 1824 10695 1134 1826 10696 1093 1786 10697 1134 1826 10698 1132 1827 10699 1152 1787 10700 1132 1827 10701 1131 3669 10702 1128 1789 10703 1128 1789 10704 1131 3669 10705 1129 1828 10706 1129 1828 10707 1092 3670 10708 1095 1830 10709 1095 1830 10710 1092 3670 10711 1090 1831 10712 1096 1832 10713 1090 1831 10714 1097 1833 10715 1097 1833 10716 1094 1836 10717 1111 1835 10718 1094 1836 10719 1101 1838 10720 1110 1837 10721 1101 1838 10722 1103 3671 10723 1112 1839 10724 1112 1839 10725 1103 3671 10726 1099 1840 10727 1156 1841 10728 1099 1840 10729 1108 1842 10730 1114 1843 10731 1108 1842 10732 1105 1844 10733 1116 1848 10734 1109 1851 10735 1176 1850 10736 1109 1851 10737 1119 1853 10738 1104 1852 10739 1119 1853 10740 1118 3672 10741 1157 1854 10742 1157 1854 10743 1118 3672 10744 1117 1855 10745 1106 1856 10746 1117 1855 10747 1122 1857 10748 1177 1858 10749 1122 1857 10750 1121 1859 10751 1121 1859 10752 1120 1862 10753 1178 1861 10754 1120 1862 10755 1124 1864 10756 1179 1863 10757 1124 1864 10758 1123 1866 10759 1153 1865 10760 1123 1866 10761 1127 3673 10762 1155 1790 10763 1155 1790 10764 1127 3673 10765 1126 1867 10766 1154 1791 10767 1126 1867 10768 1125 1868 10769 1171 1793 10770 1125 1868 10771 1069 1869 10772 1071 1873 10773 1067 3674 10774 1168 1794 10775 1168 1794 10776 1067 3674 10777 1068 1875 10778 1169 1795 10779 1068 1875 10780 1075 1876 10781 1075 1876 10782 1076 3675 10783 1167 1877 10784 1167 1877 10785 1076 3675 10786 1077 1878 10787 1077 1878 10788 1072 3676 10789 1165 1880 10790 1165 1880 10791 1072 3676 10792 1073 1881 10793 1073 1881 10794 1074 1884 10795 1163 1883 10796 1074 1884 10797 1085 1886 10798 1160 1885 10799 1085 1886 10800 1087 3677 10801 1161 1798 10802 1161 1798 10803 1087 3677 10804 1079 1887 10805 1079 1887 10806 1078 3678 10807 1159 1801 10808 1159 1801 10809 1078 3678 10810 1081 1888 10811 188 1891 10812 1278 3679 10813 1277 1892 10814 190 1893 10815 1277 1892 10816 1279 1894 10817 1280 1896 10818 1278 3679 10819 188 1891 10820 192 1895 10821 1279 1894 10822 1281 1898 10823 1282 1900 10824 1280 1896 10825 306 1897 10826 194 1899 10827 1281 1898 10828 1283 1902 10829 1284 1904 10830 1282 1900 10831 304 1901 10832 1283 1902 10833 1285 1906 10834 198 1906 10835 1286 1907 10836 1284 1904 10837 302 1905 10838 1285 1906 10839 1287 1909 10840 200 1906 10841 298 1908 10842 1288 1912 10843 1286 1907 10844 1287 1909 10845 1289 1913 10846 202 1910 10847 296 1911 10848 1290 1906 10849 1288 1912 10850 1289 1913 10851 1291 3680 10852 204 1914 10853 294 1915 10854 1292 3681 10855 1290 1906 10856 204 1914 10857 1291 3680 10858 1293 1916 10859 1294 1918 10860 1292 3681 10861 294 1915 10862 206 1917 10863 1293 1916 10864 1295 1906 10865 1296 1920 10866 1294 1918 10867 292 1906 10868 208 1919 10869 1295 1906 10870 1297 1922 10871 1298 1924 10872 1296 1920 10873 290 1921 10874 1297 1922 10875 1299 1928 10876 212 1925 10877 1300 1926 10878 1298 1924 10879 288 1906 10880 1299 1928 10881 1301 1931 10882 214 1929 10883 284 1930 10884 1302 1934 10885 1300 1926 10886 1301 1931 10887 1303 1935 10888 216 1932 10889 282 1933 10890 1304 1938 10891 1302 1934 10892 1303 1935 10893 1305 3682 10894 218 1936 10895 280 1937 10896 1306 1942 10897 1304 1938 10898 218 1936 10899 1305 3682 10900 1307 1939 10901 278 1941 10902 1308 3683 10903 1306 1942 10904 220 1940 10905 1307 1939 10906 1309 1943 10907 1310 1945 10908 1308 3683 10909 278 1941 10910 222 1944 10911 1309 1943 10912 1311 1947 10913 1312 1949 10914 1310 1945 10915 276 1946 10916 224 1948 10917 1311 1947 10918 1313 1951 10919 1314 1953 10920 1312 1949 10921 274 1950 10922 1313 1951 10923 1315 1957 10924 228 1906 10925 1316 1955 10926 1314 1953 10927 272 1954 10928 1315 1957 10929 1317 1960 10930 230 1958 10931 268 1959 10932 1318 1906 10933 1316 1955 10934 1317 1960 10935 1319 1962 10936 232 1906 10937 266 1961 10938 1320 1965 10939 1318 1906 10940 1319 1962 10941 1321 3684 10942 234 1963 10943 264 1964 10944 1322 3685 10945 1320 1965 10946 234 1963 10947 1321 3684 10948 1323 1906 10949 1324 1967 10950 1322 3685 10951 264 1964 10952 236 1966 10953 1323 1906 10954 1325 1969 10955 1326 1971 10956 1324 1967 10957 262 1968 10958 238 1970 10959 1325 1969 10960 1327 1972 10961 1328 1906 10962 1326 1971 10963 260 1906 10964 1327 1972 10965 1329 1976 10966 242 1973 10967 1330 1974 10968 1328 1906 10969 258 1906 10970 1329 1976 10971 1331 1979 10972 244 1977 10973 254 1978 10974 1332 1982 10975 1330 1974 10976 1331 1979 10977 1333 1983 10978 246 1980 10979 252 1981 10980 1334 1986 10981 1332 1982 10982 1333 1983 10983 1335 3686 10984 248 1984 10985 250 1985 10986 1336 1987 10987 1334 1986 10988 248 1984 10989 1335 3686 10990 1336 1987 10991 1338 2107 10992 1339 2110 10993 1398 2108 10994 1339 2110 10995 1340 2112 10996 1399 2111 10997 1340 2112 10998 1341 2114 10999 1400 2113 11000 1341 2114 11001 1342 2116 11002 1401 2115 11003 1342 2116 11004 1343 3687 11005 1402 2117 11006 1402 2117 11007 1343 3687 11008 1344 2118 11009 1403 2119 11010 1344 2118 11011 1345 2120 11012 1404 2121 11013 1345 2120 11014 1346 2122 11015 1346 2122 11016 1347 2125 11017 1406 2124 11018 1347 2125 11019 1348 2127 11020 1407 2126 11021 1348 2127 11022 1349 3688 11023 1408 2128 11024 1408 2128 11025 1349 3688 11026 1350 2129 11027 1350 2129 11028 1351 3689 11029 1410 2131 11030 1410 2131 11031 1351 3689 11032 1352 2132 11033 1411 2133 11034 1352 2132 11035 1353 2134 11036 1353 2134 11037 1354 2140 11038 1413 2136 11039 1414 2137 11040 1355 3690 11041 1356 2138 11042 1354 2140 11043 1355 3690 11044 1414 2137 11045 1416 2141 11046 1357 3691 11047 1358 2142 11048 1356 2138 11049 1357 3691 11050 1416 2141 11051 1418 2144 11052 1359 2147 11053 1360 2145 11054 1417 2143 11055 1358 2142 11056 1359 2147 11057 1361 2148 11058 1362 2154 11059 1421 2149 11060 1360 2145 11061 1361 2148 11062 1420 2150 11063 1422 2151 11064 1363 3692 11065 1364 2152 11066 1362 2154 11067 1363 3692 11068 1422 2151 11069 1424 2155 11070 1365 2158 11071 1366 2156 11072 1423 2153 11073 1364 2152 11074 1365 2158 11075 1426 2159 11076 1367 2162 11077 1368 2160 11078 1425 2157 11079 1366 2156 11080 1367 2162 11081 1428 2163 11082 1369 2166 11083 1370 2164 11084 1427 2161 11085 1368 2160 11086 1369 2166 11087 1372 2167 11088 1373 2170 11089 1432 2168 11090 1373 2170 11091 1374 2180 11092 1433 2171 11093 1370 2172 11094 1371 3693 11095 1430 2173 11096 1430 2173 11097 1371 3693 11098 1372 2167 11099 1435 2175 11100 1376 3694 11101 1377 2176 11102 1436 2177 11103 1377 2176 11104 1378 2178 11105 1374 2180 11106 1375 2182 11107 1434 2181 11108 1375 2182 11109 1376 3694 11110 1435 2175 11111 1378 2178 11112 1379 2184 11113 166 2183 11114 1379 2184 11115 1380 2186 11116 164 2185 11117 1380 2186 11118 1381 2188 11119 1438 2187 11120 1382 2191 11121 1383 2194 11122 1440 2193 11123 1384 2197 11124 1385 2200 11125 158 2199 11126 1385 2200 11127 1386 2202 11128 1441 2201 11129 1386 2202 11130 1387 2204 11131 1442 2203 11132 1387 2204 11133 1388 3695 11134 1443 2205 11135 1443 2205 11136 1388 3695 11137 1389 2206 11138 1444 2207 11139 1389 2206 11140 1390 2208 11141 1445 2209 11142 1390 2208 11143 1391 2210 11144 1446 2211 11145 1391 2210 11146 1392 2212 11147 1392 2212 11148 1393 3696 11149 1448 2214 11150 1448 2214 11151 1393 3696 11152 1394 2215 11153 1394 2217 11154 1395 2220 11155 1450 2218 11156 1395 2220 11157 1338 2107 11158 1397 2109 11159 1536 2286 11160 1537 2282 11161 2098 2285 11162 1535 2288 11163 1536 2286 11164 1640 2287 11165 1534 2290 11166 1535 2288 11167 1630 2289 11168 1533 2292 11169 1534 2290 11170 2103 2291 11171 1532 2294 11172 1533 2292 11173 1631 2293 11174 1531 2296 11175 1532 2294 11176 1632 2295 11177 1500 2298 11178 1531 2296 11179 1633 2297 11180 1499 2300 11181 1500 2298 11182 2099 2299 11183 1502 2304 11184 1503 2302 11185 2116 2303 11186 1506 2306 11187 1502 2304 11188 2102 2305 11189 1505 2308 11190 1506 2306 11191 2117 2307 11192 1509 2310 11193 1505 2308 11194 1628 2309 11195 2109 2312 11196 1508 2316 11197 1509 2310 11198 2119 2313 11199 1489 2321 11200 1487 2314 11201 1641 2319 11202 1490 2318 11203 1489 2321 11204 1493 2322 11205 2106 2325 11206 2114 2323 11207 2106 2325 11208 1493 2322 11209 1492 2320 11210 2096 2326 11211 1497 2332 11212 1496 2327 11213 2115 2328 11214 1496 2327 11215 1494 2324 11216 2108 2329 11217 1514 2336 11218 1516 2330 11219 1646 2333 11220 1518 2340 11221 1520 2334 11222 1637 2335 11223 1520 2334 11224 1514 2336 11225 1638 2337 11226 1522 2345 11227 1523 2338 11228 1643 2346 11229 1461 2353 11230 1462 2347 11231 1647 2343 11232 1459 2342 11233 1460 2351 11234 1650 2352 11235 1460 2351 11236 1461 2353 11237 1645 2356 11238 1466 2355 11239 1467 2358 11240 1649 2350 11241 1463 2349 11242 1464 2360 11243 2125 2359 11244 1467 2358 11245 1468 2362 11246 1665 2365 11247 1469 2364 11248 1470 2366 11249 2120 2367 11250 1470 2366 11251 1471 2368 11252 2121 2369 11253 1471 2368 11254 1472 2370 11255 1472 2370 11256 1473 2373 11257 1648 2372 11258 1473 2373 11259 1474 2375 11260 2124 2374 11261 1474 2375 11262 1475 2377 11263 1654 2376 11264 1475 2377 11265 1476 2379 11266 1655 2378 11267 1476 2379 11268 1477 2381 11269 2133 2380 11270 1477 2381 11271 1478 2383 11272 2126 2382 11273 1480 2386 11274 1481 2389 11275 2128 2388 11276 1482 2390 11277 1483 2393 11278 1653 2392 11279 1483 2393 11280 1484 2395 11281 2129 2394 11282 1484 2395 11283 1485 2397 11284 2130 2396 11285 1485 2397 11286 1486 2399 11287 2131 2398 11288 1538 2280 11289 1552 2482 11290 1551 2401 11291 1554 2402 11292 1552 2482 11293 1538 2280 11294 1555 2404 11295 1554 2402 11296 1537 2403 11297 1557 2406 11298 1555 2404 11299 1536 2405 11300 1534 2408 11301 1559 2410 11302 1557 2406 11303 1533 2409 11304 1560 2412 11305 1559 2410 11306 1532 2411 11307 1562 2414 11308 1560 2412 11309 1531 2413 11310 1564 2416 11311 1562 2414 11312 1500 2415 11313 1565 2497 11314 1564 2416 11315 1566 2417 11316 1565 2497 11317 1500 2415 11318 1569 2419 11319 1566 2417 11320 1499 2418 11321 1502 2421 11322 1570 2423 11323 1569 2419 11324 1506 2422 11325 1572 2425 11326 1570 2423 11327 1505 2424 11328 1573 2506 11329 1572 2425 11330 1576 2426 11331 1573 2506 11332 1505 2424 11333 1508 2428 11334 1574 2510 11335 1576 2426 11336 1578 2429 11337 1574 2510 11338 1508 2428 11339 1577 2431 11340 1578 2429 11341 1487 2430 11342 1581 2433 11343 1577 2431 11344 1489 2432 11345 1492 2435 11346 1580 2514 11347 1581 2433 11348 1585 2436 11349 1580 2514 11350 1492 2435 11351 1583 2438 11352 1585 2436 11353 1493 2437 11354 1589 2440 11355 1583 2438 11356 1494 2439 11357 1587 2442 11358 1589 2440 11359 1496 2441 11360 1592 2444 11361 1587 2442 11362 1497 2443 11363 1591 2446 11364 1592 2444 11365 1516 2445 11366 1520 2448 11367 1595 2450 11368 1591 2446 11369 1518 2449 11370 1593 2452 11371 1595 2450 11372 1523 2451 11373 1598 2454 11374 1593 2452 11375 1522 2453 11376 1596 2527 11377 1598 2454 11378 1604 2455 11379 1596 2527 11380 1522 2453 11381 1644 2457 11382 1605 2459 11383 1604 2455 11384 1651 2458 11385 1599 2461 11386 1605 2459 11387 2122 2460 11388 1601 2464 11389 1599 2461 11390 1613 2480 11391 1623 2479 11392 1548 2478 11393 1551 2401 11394 1613 2480 11395 1549 2481 11396 1554 2402 11397 1553 2486 11398 1550 2483 11399 1557 2406 11400 1556 2489 11401 1553 2486 11402 1556 2489 11403 1495 2491 11404 1491 2487 11405 1558 2490 11406 1556 2489 11407 1557 2406 11408 1560 2412 11409 1561 2492 11410 1558 2490 11411 1563 2496 11412 1561 2492 11413 1562 2414 11414 1565 2497 11415 1567 2498 11416 1563 2496 11417 1567 2498 11418 1501 2501 11419 1498 2499 11420 1568 2500 11421 1567 2498 11422 1566 2417 11423 1568 2500 11424 1504 2503 11425 1501 2501 11426 1570 2423 11427 1571 2502 11428 1568 2500 11429 1573 2506 11430 1575 2507 11431 1571 2502 11432 1574 2510 11433 1579 2511 11434 1575 2507 11435 1577 2431 11436 1582 2513 11437 1579 2511 11438 1511 2512 11439 1510 3697 11440 1579 2511 11441 1580 2514 11442 1586 2516 11443 1582 2513 11444 1512 2515 11445 1511 2512 11446 1582 2513 11447 1584 2518 11448 1586 2516 11449 1585 2436 11450 1589 2440 11451 1588 2519 11452 1584 2518 11453 1588 2519 11454 1515 2522 11455 1513 2520 11456 1590 2521 11457 1588 2519 11458 1587 2442 11459 1590 2521 11460 1519 2524 11461 1515 2522 11462 1594 2523 11463 1590 2521 11464 1591 2446 11465 1594 2523 11466 1517 3698 11467 1519 2524 11468 1593 2452 11469 1597 2526 11470 1594 2523 11471 1521 2525 11472 1517 3698 11473 1594 2523 11474 1596 2527 11475 1603 2529 11476 1597 2526 11477 1524 2528 11478 1521 2525 11479 1597 2526 11480 1600 2530 11481 1603 2529 11482 1604 2455 11483 1600 2530 11484 1526 2532 11485 1524 2528 11486 1601 2464 11487 1602 2531 11488 1600 2530 11489 1602 2531 11490 1525 2534 11491 1526 2532 11492 1607 2533 11493 1602 2531 11494 1610 2463 11495 1607 2533 11496 1528 2536 11497 1525 2534 11498 1608 2468 11499 1609 2535 11500 1607 2533 11501 1609 2535 11502 1527 3699 11503 1528 2536 11504 2141 2537 11505 1611 2539 11506 1609 2535 11507 1529 2538 11508 1527 3699 11509 1609 2535 11510 1663 2544 11511 1540 2548 11512 1539 2545 11513 2142 2549 11514 1541 2553 11515 1540 2550 11516 1542 2557 11517 1541 3700 11518 1657 2556 11519 1652 2562 11520 1617 2564 11521 1616 2561 11522 1544 2563 11523 1543 3701 11524 1616 2561 11525 1618 2470 11526 1619 2565 11527 1617 2564 11528 1619 2565 11529 1545 2567 11530 1544 2563 11531 1658 2473 11532 1620 2566 11533 1619 2565 11534 1621 2572 11535 1622 2574 11536 1620 2571 11537 1622 2574 11538 1547 3702 11539 1546 2569 11540 1623 2479 11541 1624 2576 11542 1622 2574 11543 1530 2575 11544 1547 3702 11545 1622 2574 11546 1551 2401 11547 1550 2483 11548 1624 2576 11549 1791 2583 11550 1671 2590 11551 1670 2580 11552 1880 2585 11553 1670 2580 11554 1667 2577 11555 2069 2589 11556 1672 2599 11557 1671 2590 11558 1853 2601 11559 2024 2596 11560 1673 2598 11561 1673 2598 11562 1800 2597 11563 2025 2606 11564 1675 2610 11565 1802 2611 11566 2031 2612 11567 1676 2614 11568 1804 2613 11569 2033 2615 11570 2131 2627 11571 1680 2624 11572 2039 2623 11573 2043 2636 11574 1654 3703 11575 1655 2637 11576 2124 2644 11577 1654 3703 11578 2043 2636 11579 2121 2649 11580 2093 2642 11581 2047 2641 11582 2125 2656 11583 2049 2646 11584 2068 2651 11585 1647 2660 11586 1650 2662 11587 1457 2657 11588 2123 2658 11589 1457 2657 11590 1650 2662 11591 2018 2667 11592 1686 2664 11593 1458 2668 11594 1855 2680 11595 2081 2682 11596 1690 2681 11597 1859 2683 11598 1870 2687 11599 1691 2684 11600 1693 2689 11601 1692 2686 11602 2061 2688 11603 1693 2689 11604 2034 2693 11605 2035 2699 11606 1860 2704 11607 1807 2709 11608 1695 2705 11609 1874 2711 11610 2041 2710 11611 1667 2577 11612 1814 2720 11613 1703 2731 11614 1702 2719 11615 1944 2735 11616 1704 2734 11617 1703 2731 11618 1949 2738 11619 1705 2740 11620 1704 2734 11621 1884 2742 11622 1706 2744 11623 1705 2740 11624 1955 2746 11625 1798 2750 11626 1707 2747 11627 1962 2754 11628 1801 2759 11629 1709 2755 11630 1890 2757 11631 1893 2763 11632 1710 2758 11633 1965 2761 11634 1996 2764 11635 1711 2762 11636 1877 2765 11637 1806 3704 11638 1712 2766 11639 1712 2766 11640 1806 3704 11641 1957 2767 11642 1871 2770 11643 1998 3705 11644 1714 2771 11645 1714 2771 11646 1998 3705 11647 1873 2773 11648 1715 2775 11649 1831 2774 11650 1975 2776 11651 1977 2779 11652 1717 2781 11653 1716 2777 11654 1717 2781 11655 2001 2780 11656 1979 2783 11657 1719 2787 11658 1790 2789 11659 1984 2791 11660 1881 2795 11661 1794 2801 11662 1721 2796 11663 1883 2799 11664 1799 2806 11665 1722 2800 11666 1954 2804 11667 1815 2811 11668 1723 2805 11669 1731 2825 11670 1732 2834 11671 1826 2828 11672 2044 2831 11673 2042 2826 11674 1728 2823 11675 1732 2834 11676 1733 2845 11677 1829 2835 11678 1734 2841 11679 1898 2843 11680 2051 2848 11681 1734 2841 11682 1735 2852 11683 2045 2854 11684 1886 2859 11685 1903 2856 11686 1736 2855 11687 2027 2862 11688 1816 2858 11689 1737 2857 11690 2136 2871 11691 2137 3706 11692 1659 2872 11693 1659 2872 11694 1548 3707 11695 1549 2874 11696 1819 2868 11697 1741 2867 11698 1549 2881 11699 2103 2884 11700 1631 2905 11701 2135 2885 11702 1630 2887 11703 2136 3708 11704 2098 2888 11705 1658 2886 11706 2136 3708 11707 1630 2887 11708 1633 2898 11709 1632 2901 11710 1742 2892 11711 1633 2902 11712 2099 2911 11713 2134 2903 11714 2085 2878 11715 1652 2915 11716 1615 2916 11717 2117 2919 11718 2102 2923 11719 1743 2899 11720 1657 2933 11721 2026 2932 11722 1821 2914 11723 1628 2935 11724 1629 3709 11725 2100 2936 11726 1745 2941 11727 2119 2943 11728 2110 2944 11729 2026 2932 11730 2100 2931 11731 1663 2945 11732 1746 2954 11733 2115 2953 11734 2114 2951 11735 2141 2956 11736 1612 2957 11737 2083 2959 11738 2112 2966 11739 1747 2964 11740 1840 2960 11741 1637 2973 11742 1746 2954 11743 1747 2964 11744 1751 2982 11745 1812 2984 11746 2065 2981 11747 1752 2985 11748 2020 2988 11749 2063 2983 11750 1754 2990 11751 2086 2994 11752 1901 2989 11753 2062 3000 11754 2060 2993 11755 1754 2990 11756 1756 3006 11757 2059 3009 11758 1905 3008 11759 1921 3012 11760 1757 3010 11761 1728 2823 11762 1763 3020 11763 1764 3032 11764 1824 3021 11765 1972 3031 11766 1824 3021 11767 1764 3032 11768 1849 3038 11769 1974 3040 11770 1765 3033 11771 1915 3045 11772 1849 3038 11773 1766 3039 11774 1768 3047 11775 1845 3053 11776 1916 3048 11777 1770 3055 11778 1834 3061 11779 1948 3056 11780 1918 3058 11781 1770 3055 11782 1771 3059 11783 1993 3063 11784 1771 3059 11785 1772 3064 11786 1773 3067 11787 2008 3710 11788 1989 3066 11789 1920 3069 11790 2008 3710 11791 1773 3067 11792 1775 3072 11793 2005 3711 11794 1991 3073 11795 1992 3077 11796 2005 3711 11797 1775 3072 11798 1922 3078 11799 1841 3076 11800 1776 3075 11801 1987 3081 11802 1923 3080 11803 1777 3079 11804 1924 3085 11805 2007 3083 11806 1778 3082 11807 1927 3093 11808 2010 3091 11809 1780 3090 11810 1930 3098 11811 1781 3094 11812 1782 3099 11813 1783 3103 11814 1931 3102 11815 1978 3105 11816 1933 3111 11817 1783 3103 11818 1784 3108 11819 1668 3124 11820 1669 3127 11821 1730 3125 11822 1669 3127 11823 1670 3712 11824 1731 3128 11825 1731 3128 11826 1670 3712 11827 1671 3129 11828 1732 3130 11829 1671 3129 11830 1672 3131 11831 1733 3132 11832 1672 3131 11833 1673 3133 11834 1734 3134 11835 1673 3133 11836 1674 3135 11837 1735 3136 11838 1674 3135 11839 1675 3137 11840 1736 3138 11841 1675 3137 11842 1676 3139 11843 1737 3140 11844 1676 3139 11845 1677 3141 11846 1677 3141 11847 1678 3144 11848 1739 3143 11849 1678 3144 11850 1679 3713 11851 1740 3145 11852 1740 3145 11853 1679 3713 11854 1680 3146 11855 1741 3147 11856 1680 3146 11857 1681 3148 11858 1742 3149 11859 1681 3148 11860 1682 3150 11861 1743 3151 11862 1682 3150 11863 1683 3152 11864 1683 3152 11865 1684 3158 11866 1745 3154 11867 1685 3155 11868 1686 3162 11869 1747 3156 11870 1684 3158 11871 1685 3155 11872 1746 3157 11873 1687 3159 11874 1688 3714 11875 1749 3160 11876 1686 3162 11877 1687 3159 11878 1748 3161 11879 1689 3163 11880 1690 3169 11881 1751 3164 11882 1749 3160 11883 1688 3714 11884 1689 3163 11885 1691 3166 11886 1692 3173 11887 1753 3167 11888 1690 3169 11889 1691 3166 11890 1752 3168 11891 1693 3170 11892 1694 3715 11893 1755 3171 11894 1692 3173 11895 1693 3170 11896 1754 3172 11897 1756 3174 11898 1695 3177 11899 1696 3175 11900 1755 3171 11901 1694 3715 11902 1695 3177 11903 1758 3178 11904 1697 3181 11905 1698 3179 11906 1757 3176 11907 1696 3175 11908 1697 3181 11909 1699 3182 11910 1700 3190 11911 1761 3183 11912 1698 3179 11913 1699 3182 11914 1760 3184 11915 1702 3185 11916 1703 3716 11917 1764 3186 11918 1764 3186 11919 1703 3716 11920 1704 3188 11921 1700 3190 11922 1701 3192 11923 1762 3191 11924 1701 3192 11925 1702 3185 11926 1763 3187 11927 1767 3193 11928 1706 3200 11929 1707 3194 11930 1768 3195 11931 1707 3194 11932 1708 3196 11933 1765 3189 11934 1704 3188 11935 1705 3198 11936 1766 3199 11937 1705 3198 11938 1706 3200 11939 1769 3197 11940 1708 3196 11941 1709 3201 11942 1770 3202 11943 1709 3201 11944 1710 3203 11945 1771 3204 11946 1710 3203 11947 1711 3205 11948 1772 3206 11949 1711 3205 11950 1712 3207 11951 1712 3207 11952 1713 3210 11953 1774 3209 11954 1713 3210 11955 1714 3212 11956 1775 3211 11957 1714 3212 11958 1715 3214 11959 1776 3213 11960 1715 3214 11961 1716 3216 11962 1777 3215 11963 1716 3216 11964 1717 3218 11965 1778 3217 11966 1717 3218 11967 1718 3220 11968 1779 3219 11969 1718 3220 11970 1719 3222 11971 1780 3221 11972 1719 3222 11973 1720 3224 11974 1781 3223 11975 1720 3224 11976 1721 3226 11977 1782 3225 11978 1721 3226 11979 1722 3228 11980 1783 3227 11981 1722 3228 11982 1723 3230 11983 1784 3229 11984 1723 3230 11985 1724 3232 11986 1785 3231 11987 1724 3232 11988 1725 3234 11989 1786 3233 11990 1725 3234 11991 1726 3717 11992 1787 3235 11993 1787 3235 11994 1726 3717 11995 1727 3236 11996 1727 3236 11997 1668 3124 11998 1729 3126 11999 1953 3238 12000 1982 3388 12001 1932 3239 12002 1940 3241 12003 1954 3243 12004 1953 3238 12005 1887 3245 12006 1815 3242 12007 1994 3244 12008 1947 3247 12009 1961 3718 12010 1887 3245 12011 1888 3248 12012 1961 3718 12013 1947 3247 12014 1985 3249 12015 1986 3251 12016 1963 3250 12017 1986 3251 12018 1935 3719 12019 1889 3252 12020 1889 3252 12021 1935 3719 12022 1936 3253 12023 1936 3253 12024 1950 3256 12025 1892 3255 12026 1956 3257 12027 1980 3258 12028 2012 3259 12029 1823 3264 12030 1837 3275 12031 1813 3265 12032 1850 3269 12033 2003 3270 12034 1789 3267 12035 2003 3270 12036 1850 3269 12037 1839 3268 12038 1796 3285 12039 1810 3288 12040 1847 3281 12041 1862 3289 12042 1910 3292 12043 1911 3290 12044 1862 3289 12045 1878 3284 12046 1981 3282 12047 1966 3293 12048 1967 3720 12049 1899 3294 12050 1911 3290 12051 1966 3293 12052 1875 3295 12053 1968 3296 12054 1988 3303 12055 1938 3297 12056 1899 3294 12057 1967 3720 12058 1968 3296 12059 1861 3299 12060 1939 3302 12061 1990 3300 12062 1939 3302 12063 1938 3297 12064 1988 3303 12065 1925 3304 12066 1824 3721 12067 1814 3305 12068 1814 3305 12069 1824 3721 12070 1972 3307 12071 1925 3304 12072 1941 3306 12073 1861 3299 12074 1945 3309 12075 1944 3312 12076 1970 3310 12077 1944 3312 12078 1943 3308 12079 1972 3307 12080 1949 3313 12081 1857 3317 12082 1973 3314 12083 1805 3318 12084 1857 3317 12085 2002 3316 12086 2000 3319 12087 1884 3326 12088 1915 3320 12089 1884 3326 12090 1952 3324 12091 1849 3325 12092 1983 3327 12093 1948 3331 12094 1962 3328 12095 1801 3330 12096 1962 3328 12097 1948 3331 12098 1801 3330 12099 1834 3332 12100 1918 3333 12101 1917 3335 12102 1960 3722 12103 1798 3336 12104 1955 3323 12105 1916 3322 12106 1845 3337 12107 1958 3329 12108 1960 3722 12109 1917 3335 12110 1890 3334 12111 1918 3333 12112 1835 3338 12113 1993 3340 12114 1965 3723 12115 1893 3339 12116 1848 3341 12117 1989 3345 12118 1877 3342 12119 1996 3343 12120 1965 3723 12121 1993 3340 12122 2008 3344 12123 1806 3724 12124 1877 3342 12125 1957 3346 12126 1806 3724 12127 2008 3344 12128 1820 3348 12129 1957 3346 12130 1920 3347 12131 1991 3350 12132 1871 3352 12133 1820 3348 12134 2005 3351 12135 1998 3725 12136 1871 3352 12137 1873 3353 12138 1998 3725 12139 2005 3351 12140 1841 3355 12141 1831 3356 12142 1873 3353 12143 1831 3356 12144 1841 3355 12145 1922 3357 12146 1976 3359 12147 1975 3358 12148 1922 3357 12149 1977 3361 12150 1976 3359 12151 1923 3360 12152 2007 3365 12153 1979 3364 12154 2001 3363 12155 2009 3367 12156 1942 3369 12157 1979 3364 12158 1926 3368 12159 1879 3371 12160 1942 3369 12161 2010 3373 12162 1984 3372 12163 1790 3370 12164 1881 3378 12165 1999 3375 12166 1929 3377 12167 1827 3380 12168 1794 3382 12169 1881 3378 12170 1931 3384 12171 1883 3387 12172 1951 3383 12173 2013 3385 12174 1932 3239 12175 1799 3386 12176 1902 3389 12177 1891 3393 12178 1866 3390 12179 2057 3392 12180 2029 3395 12181 1891 3393 12182 2058 3394 12183 1867 3726 12184 2029 3395 12185 2030 3396 12186 1867 3726 12187 2058 3394 12188 2050 3397 12189 1817 3727 12190 1803 3398 12191 1803 3398 12192 1817 3727 12193 1905 3399 12194 2037 3401 12195 2036 3400 12196 1905 3399 12197 2064 3403 12198 1860 3728 12199 2037 3401 12200 1807 3404 12201 1860 3728 12202 2064 3403 12203 1807 3404 12204 2088 3405 12205 2056 3406 12206 2056 3406 12207 1908 3409 12208 2040 3408 12209 1908 3409 12210 1921 3729 12211 1874 3410 12212 1874 3410 12213 1921 3729 12214 1909 3411 12215 2041 3412 12216 1909 3411 12217 2089 3413 12218 2089 3413 12219 1907 3420 12220 2038 3415 12221 1809 3416 12222 1795 3419 12223 1919 3417 12224 1795 3419 12225 1809 3416 12226 2038 3415 12227 2015 3431 12228 2066 3730 12229 2075 3432 12230 2075 3432 12231 2066 3730 12232 2017 3434 12233 2073 3436 12234 1851 3427 12235 1872 3426 12236 2072 3437 12237 1913 3435 12238 2017 3434 12239 1880 3438 12240 2044 3731 12241 1912 3439 12242 2042 3433 12243 2044 3731 12244 1880 3438 12245 2016 3441 12246 2046 3444 12247 1826 3442 12248 1854 3440 12249 1912 3439 12250 2046 3444 12251 1882 3445 12252 2019 3448 12253 2048 3446 12254 1826 3442 12255 2048 3446 12256 2019 3448 12257 1894 3449 12258 1829 3453 12259 2069 3450 12260 2021 3452 12261 2069 3450 12262 1829 3453 12263 1894 3449 12264 1852 3451 12265 1882 3445 12266 1864 3455 12267 2022 3732 12268 1896 3456 12269 1896 3456 12270 2022 3732 12271 2021 3452 12272 2023 3458 12273 1865 3461 12274 2052 3459 12275 1865 3461 12276 1864 3455 12277 1897 3457 12278 2024 3462 12279 1853 3733 12280 2051 3463 12281 2051 3463 12282 1853 3733 12283 2023 3458 12284 2028 3465 12285 2025 3734 12286 2045 3466 12287 1903 3468 12288 1802 3479 12289 2028 3465 12290 2045 3466 12291 2025 3734 12292 1800 3469 12293 1904 3471 12294 1869 3475 12295 2033 3472 12296 1816 3480 12297 2027 3473 12298 1804 3481 12299 1819 3484 12300 2039 3486 12301 1808 3483 12302 2085 3485 12303 1811 3488 12304 2039 3486 12305 1821 3487 12306 2043 3491 12307 1811 3488 12308 2047 3489 12309 2026 3490 12310 2082 3492 12311 2068 3494 12312 2049 3493 12313 2082 3492 12314 1840 3496 12315 2018 3735 12316 2068 3494 12317 1792 3497 12318 2018 3735 12319 1840 3496 12320 2084 3498 12321 2087 3500 12322 2078 3499 12323 2087 3500 12324 1828 3502 12325 2071 3501 12326 1828 3502 12327 2065 3505 12328 1855 3503 12329 2081 3504 12330 1855 3503 12331 2065 3505 12332 2081 3504 12333 1812 3506 12334 2063 3507 12335 1870 3509 12336 1859 3508 12337 2063 3507 12338 1863 3511 12339 1870 3509 12340 2020 3510 12341 1863 3511 12342 1900 3512 12343 1901 3513 12344 2074 3515 12345 2061 3514 12346 1901 3513 12347 2062 3519 12348 2035 3736 12349 2034 3518 12350 1866 3390 12351 2035 3736 12352 2062 3519 12353</p>
        </triangles>
      </mesh>
    </geometry>
  </library_geometries>
  <library_visual_scenes>
    <visual_scene id="Scene" name="Scene">
      <node id="Monstour" name="Monstour" type="NODE">
        <matrix sid="transform">0.01 0 0 0 0 -1.62921e-9 -0.01 0 0 0.01 -1.62921e-9 -0.001856175 0 0 0 1</matrix>
        <node id="Top" name="Top" type="NODE">
          <matrix sid="transform">1 0 0 0 0 1 -1.42109e-14 8.255447 0 1.42109e-14 1 1.13687e-13 0 0 0 1</matrix>
          <instance_geometry url="#Mesh-mesh" name="Top">
            <bind_material>
              <technique_common>
                <instance_material symbol="Material_001-material" target="#Material_001-material">
                  <bind_vertex_input semantic="UVW" input_semantic="TEXCOORD" input_set="0"/>
                </instance_material>
              </technique_common>
            </bind_material>
          </instance_geometry>
        </node>
        <node id="Base" name="Base" type="NODE">
          <matrix sid="transform">1 0 0 0 0 1 -1.42109e-14 0.1856175 0 1.42109e-14 1 3.55271e-15 0 0 0 1</matrix>
          <instance_geometry url="#Mesh_001-mesh" name="Base">
            <bind_material>
              <technique_common>
                <instance_material symbol="Material_002-material" target="#Material_002-material">
                  <bind_vertex_input semantic="UVW" input_semantic="TEXCOORD" input_set="0"/>
                </instance_material>
              </technique_common>
            </bind_material>
          </instance_geometry>
        </node>
        <node id="Bottom" name="Bottom" type="NODE">
          <matrix sid="transform">1 0 0 0 0 1 -1.42109e-14 -8.441065 0 1.42109e-14 1 -1.13687e-13 0 0 0 1</matrix>
          <instance_geometry url="#Mesh_002-mesh" name="Bottom">
            <bind_material>
              <technique_common>
                <instance_material symbol="Material_001-material" target="#Material_001-material">
                  <bind_vertex_input semantic="UVW" input_semantic="TEXCOORD" input_set="0"/>
                </instance_material>
              </technique_common>
            </bind_material>
          </instance_geometry>
        </node>
      </node>
    </visual_scene>
  </library_visual_scenes>
  <scene>
    <instance_visual_scene url="#Scene"/>
  </scene>
</COLLADA>